external_id,study,series,geo,condition,cell_line_curated,cell_line_resolved,line_token_sample,title,immortalised_curated,immortalised_VERIFIED,CHANGED_vs_curated,immortalisation_term_in_sample_record,matched_term,sample_record_agrees,evidence_level,tissue,characteristics
SRR627536,SRP017378,"GSE42509,GSE45833",GSM1041191,Proliferating,BJ hTERT,BJ-hTERT,BJ cells,C1.rna,no,yes,YES,True,Immortalized,yes,GEO per-sample record,Foreskin,"cell line: BJ cells | condition: Proliferation, normal conditions"
SRR627537,SRP017378,"GSE42509,GSE45833",GSM1041192,Proliferating,BJ hTERT,BJ-hTERT,BJ cells,C2.rna,no,yes,YES,True,Immortalized,yes,GEO per-sample record,Foreskin,"cell line: BJ cells | condition: Proliferation, normal conditions"
SRR627538,SRP017378,"GSE42509,GSE45833",GSM1041193,Serum_starved CQ,BJ hTERT,BJ-hTERT,BJ cells,Q1.rna,no,yes,YES,True,Immortalized,yes,GEO per-sample record,Foreskin,cell line: BJ cells | condition: Quiescence induced by serum depletion
SRR627539,SRP017378,"GSE42509,GSE45833",GSM1041194,Serum_starved CQ,BJ hTERT,BJ-hTERT,BJ cells,Q2.rna,no,yes,YES,True,Immortalized,yes,GEO per-sample record,Foreskin,cell line: BJ cells | condition: Quiescence induced by serum depletion
SRR627542,SRP017378,"GSE42509,GSE45833",GSM1041197,Proliferating,BJ hTERT,BJ-hTERT,BJ cells,C3.rna,no,yes,YES,True,Immortalized,yes,GEO per-sample record,Foreskin,"cell line: BJ cells | condition: Proliferation, normal conditions"
SRR2970373,SRP066917,GSE75627,GSM1960706,Proliferating,BJ,BJ-hTERT,hTERT-immortalized BJ cells,BJ control,yes,yes,,True,hTERT,yes,GEO per-sample record,Foreskin,cell type: hTERT-immortalized BJ cells | ras activation: No | genetic manipulation: None
SRR2970374,SRP066917,GSE75627,GSM1960707,Oncogene-induced CS,BJ,BJ-hTERT,hTERT-immortalized BJ cells,BJ RASG12V,yes,yes,,True,hTERT,yes,GEO per-sample record,Foreskin,cell type: hTERT-immortalized BJ cells | ras activation: Yes | genetic manipulation: None
SRR2970377,SRP066917,GSE75627,GSM1960710,Oncogene-induced CS,BJ,BJ-hTERT,hTERT-immortalized BJ cells,BJ RASG12V + control CRISPR sgRNA,yes,yes,,True,hTERT,yes,GEO per-sample record,Foreskin,cell type: hTERT-immortalized BJ cells | ras activation: Yes | genetic manipulation: control CRISPR-Cas9 sgRNA
SRR2970873,SRP066947,"GSE75643,GSE76605",GSM1961158,Proliferating,TIG-3,Tig3ET,Tig3,Cycling Day 4 Rep 1,no,yes,YES,True,hTERT,yes,GEO per-sample record,Lung,cell line: Tig3 | cell type: diploid embryonic lung fibroblasts | day treament: 4 | transduced with: empty vector (cycling) | time point: 4days after transduction
SRR2970874,SRP066947,"GSE75643,GSE76605",GSM1961159,Oncogene-induced CS,TIG-3,Tig3ET,Tig3,BRAF OIS Day 4 Rep 1,no,yes,YES,True,hTERT,yes,GEO per-sample record,Lung,cell line: Tig3 | cell type: diploid embryonic lung fibroblasts | day treament: 4 | transduced with: pBabe-puro-BRAFE600 (OIS) | time point: 4days after transduction
SRR2970876,SRP066947,"GSE75643,GSE76605",GSM1961161,Proliferating,TIG-3,Tig3ET,Tig3,Cycling Day 10 Rep 1,no,yes,YES,True,hTERT,yes,GEO per-sample record,Lung,cell line: Tig3 | cell type: diploid embryonic lung fibroblasts | day treament: 10 | transduced with: empty vector (cycling) | time point: 10days after transduction
SRR2970877,SRP066947,"GSE75643,GSE76605",GSM1961162,Oncogene-induced CS,TIG-3,Tig3ET,Tig3,BRAF OIS Day 10 Rep 1,no,yes,YES,True,hTERT,yes,GEO per-sample record,Lung,cell line: Tig3 | cell type: diploid embryonic lung fibroblasts | day treament: 10 | transduced with: pBabe-puro-BRAFE600 (OIS) | time point: 10days after transduction
SRR2970879,SRP066947,"GSE75643,GSE76605",GSM1961164,Proliferating,TIG-3,Tig3ET,Tig3,Cycling Day 4 Rep 2,no,yes,YES,True,hTERT,yes,GEO per-sample record,Lung,cell line: Tig3 | cell type: diploid embryonic lung fibroblasts | day treament: 4 | transduced with: empty vector (cycling) | time point: 4days after transduction
SRR2970880,SRP066947,"GSE75643,GSE76605",GSM1961165,Oncogene-induced CS,TIG-3,Tig3ET,Tig3,BRAF OIS Day 4 Rep 2,no,yes,YES,True,hTERT,yes,GEO per-sample record,Lung,cell line: Tig3 | cell type: diploid embryonic lung fibroblasts | day treament: 4 | transduced with: pBabe-puro-BRAFE600 (OIS) | time point: 4days after transduction
SRR2970882,SRP066947,"GSE75643,GSE76605",GSM1961167,Proliferating,TIG-3,Tig3ET,Tig3,Cycling Day 10 Rep 2,no,yes,YES,True,hTERT,yes,GEO per-sample record,Lung,cell line: Tig3 | cell type: diploid embryonic lung fibroblasts | day treament: 10 | transduced with: empty vector (cycling) | time point: 10days after transduction
SRR2970883,SRP066947,"GSE75643,GSE76605",GSM1961168,Oncogene-induced CS,TIG-3,Tig3ET,Tig3,BRAF OIS Day 10 Rep 2,no,yes,YES,True,hTERT,yes,GEO per-sample record,Lung,cell line: Tig3 | cell type: diploid embryonic lung fibroblasts | day treament: 10 | transduced with: pBabe-puro-BRAFE600 (OIS) | time point: 10days after transduction
SRR2970885,SRP066947,"GSE75643,GSE76605",GSM1961170,Proliferating,TIG-3,Tig3ET,Tig3,Cycling Day 4 Rep 3,no,yes,YES,True,hTERT,yes,GEO per-sample record,Lung,cell line: Tig3 | cell type: diploid embryonic lung fibroblasts | day treament: 4 | transduced with: empty vector (cycling) | time point: 4days after transduction
SRR2970886,SRP066947,"GSE75643,GSE76605",GSM1961171,Oncogene-induced CS,TIG-3,Tig3ET,Tig3,BRAF OIS Day 4 Rep 3,no,yes,YES,True,hTERT,yes,GEO per-sample record,Lung,cell line: Tig3 | cell type: diploid embryonic lung fibroblasts | day treament: 4 | transduced with: pBabe-puro-BRAFE600 (OIS) | time point: 4days after transduction
SRR2970888,SRP066947,"GSE75643,GSE76605",GSM1961173,Proliferating,TIG-3,Tig3ET,Tig3,Cycling Day 10 Rep 3,no,yes,YES,True,hTERT,yes,GEO per-sample record,Lung,cell line: Tig3 | cell type: diploid embryonic lung fibroblasts | day treament: 10 | transduced with: empty vector (cycling) | time point: 10days after transduction
SRR2970889,SRP066947,"GSE75643,GSE76605",GSM1961174,Oncogene-induced CS,TIG-3,Tig3ET,Tig3,BRAF OIS Day 10 Rep 3,no,yes,YES,True,hTERT,yes,GEO per-sample record,Lung,cell line: Tig3 | cell type: diploid embryonic lung fibroblasts | day treament: 10 | transduced with: pBabe-puro-BRAFE600 (OIS) | time point: 10days after transduction
SRR2970891,SRP066947,"GSE75643,GSE76605",GSM1961176,Proliferating,TIG-3,Tig3ET,Tig3,Cycling Control Serum 1,no,yes,YES,True,hTERT,yes,GEO per-sample record,Lung,cell line: Tig3 | cell type: diploid embryonic lung fibroblasts | day treament: 10 | cutured in: 9% FBS DMEM medium for 10 days (cycling)
SRR2970892,SRP066947,"GSE75643,GSE76605",GSM1961177,Serum_starved CQ,TIG-3,Tig3ET,Tig3,Quiescent Serum Starvation 1,no,yes,YES,True,hTERT,yes,GEO per-sample record,Lung,cell line: Tig3 | cell type: diploid embryonic lung fibroblasts | day treament: 10 | cutured in: 0% FBS DMEM medium for 10 days (quiescent)
SRR2970893,SRP066947,"GSE75643,GSE76605",GSM1961178,Proliferating,TIG-3,Tig3ET,Tig3,Cycling Control Serum 2,no,yes,YES,True,hTERT,yes,GEO per-sample record,Lung,cell line: Tig3 | cell type: diploid embryonic lung fibroblasts | day treament: 10 | cutured in: 9% FBS DMEM medium for 10 days (cycling)
SRR2970894,SRP066947,"GSE75643,GSE76605",GSM1961179,Serum_starved CQ,TIG-3,Tig3ET,Tig3,Quiescent Serum Starvation 2,no,yes,YES,True,hTERT,yes,GEO per-sample record,Lung,cell line: Tig3 | cell type: diploid embryonic lung fibroblasts | day treament: 10 | cutured in: 0% FBS DMEM medium for 10 days (quiescent)
SRR2970895,SRP066947,"GSE75643,GSE76605",GSM1961180,Proliferating,TIG-3,Tig3ET,Tig3,Cycling Control Serum 3,no,yes,YES,True,hTERT,yes,GEO per-sample record,Lung,cell line: Tig3 | cell type: diploid embryonic lung fibroblasts | day treament: 10 | cutured in: 9% FBS DMEM medium for 10 days (cycling)
SRR2970896,SRP066947,"GSE75643,GSE76605",GSM1961181,Serum_starved CQ,TIG-3,Tig3ET,Tig3,Quiescent Serum Starvation 3,no,yes,YES,True,hTERT,yes,GEO per-sample record,Lung,cell line: Tig3 | cell type: diploid embryonic lung fibroblasts | day treament: 10 | cutured in: 0% FBS DMEM medium for 10 days (quiescent)
SRR4241039,SRP089801,GSE86867,GSM2309726,Proliferating,Primary,HCA2-hTERT,HCA2-hTert,WT_Div_1,yes,yes,,True,hTert,yes,GEO per-sample record,Skin,cell type: HCA2-hTert | tissue: primary fibroblasts
SRR4241040,SRP089801,GSE86867,GSM2309727,Proliferating,Primary,HCA2-hTERT,HCA2-hTert,WT_Div_2,yes,yes,,True,hTert,yes,GEO per-sample record,Skin,cell type: HCA2-hTert | tissue: primary fibroblasts
SRR4241041,SRP089801,GSE86867,GSM2309728,Proliferating,Primary,HCA2-hTERT,HCA2-hTert,WT_Div_3,yes,yes,,True,hTert,yes,GEO per-sample record,Skin,cell type: HCA2-hTert | tissue: primary fibroblasts
SRR4241042,SRP089801,GSE86867,GSM2309729,Contact_inhibited CQ,Primary,HCA2-hTERT,HCA2-hTert,WT_Qui_1,yes,yes,,True,hTert,yes,GEO per-sample record,Skin,cell type: HCA2-hTert | tissue: primary fibroblasts
SRR4241043,SRP089801,GSE86867,GSM2309730,Contact_inhibited CQ,Primary,HCA2-hTERT,HCA2-hTert,WT_Qui_2,yes,yes,,True,hTert,yes,GEO per-sample record,Skin,cell type: HCA2-hTert | tissue: primary fibroblasts
SRR4241044,SRP089801,GSE86867,GSM2309731,Contact_inhibited CQ,Primary,HCA2-hTERT,HCA2-hTert,WT_Qui_3,yes,yes,,True,hTert,yes,GEO per-sample record,Skin,cell type: HCA2-hTert | tissue: primary fibroblasts
SRR6243319,SRP123346,GSE106414,GSM2837350,Proliferating,BJ,BJ-hTERT,BJ cells,BJ.Ctr,no,yes,YES,True,Immortalized,yes,GEO per-sample record,Foreskin,cell line: BJ cells | condition: BJ Ctr (non targeting ShRNA 500)
SRR6243320,SRP123346,GSE106414,GSM2837351,Oncogene-induced CS,BJ,BJ-hTERT,BJ cells,BJ.Ctr1,no,yes,YES,True,Immortalized,yes,GEO per-sample record,Foreskin,cell line: BJ cells | condition: BJ Ctr1 (non targeting ShRNA 500) senescence induced by oncogenic RASG12V
SRR6243321,SRP123346,GSE106414,GSM2837352,Oncogene-induced CS,BJ,BJ-hTERT,BJ cells,BJ.Ctr2,yes,yes,,True,Immortalized,yes,GEO per-sample record,Foreskin,cell line: BJ cells | condition: BJ Ctr1 (non targeting ShRNA 507) senescence induced by oncogenic RASG12V
SRR6389404,SRP127037,GSE108278,GSM2894511,Proliferating,IMR-90,IMR90-hTERT,IMR90 hTERT,shScr #1 d0,yes,yes,,True,hTERT,yes,GEO per-sample record,Lung,cell line: IMR90 hTERT | cell type: lung fibroblast | genotype: WT | time: day 0 | developmental stage: control growing cells
SRR6389405,SRP127037,GSE108278,GSM2894512,Proliferating,IMR-90,IMR90-hTERT,IMR90 hTERT,shScr #2 d0,yes,yes,,True,hTERT,yes,GEO per-sample record,Lung,cell line: IMR90 hTERT | cell type: lung fibroblast | genotype: WT | time: day 0 | developmental stage: control growing cells
SRR6389408,SRP127037,GSE108278,GSM2894515,Oncogene-induced CS,IMR-90,IMR90-hTERT,IMR90 hTERT,shScr #1 d4,yes,yes,,True,hTERT,yes,GEO per-sample record,Lung,cell line: IMR90 hTERT | cell type: lung fibroblast | genotype: WT | time: day 4 | developmental stage: control cells beginning to senesce
SRR6389409,SRP127037,GSE108278,GSM2894516,Oncogene-induced CS,IMR-90,IMR90-hTERT,IMR90 hTERT,shScr #2 d4,yes,yes,,True,hTERT,yes,GEO per-sample record,Lung,cell line: IMR90 hTERT | cell type: lung fibroblast | genotype: WT | time: day 4 | developmental stage: control cells beginning to senesce
SRR6389412,SRP127037,GSE108278,GSM2894519,Oncogene-induced CS,IMR-90,IMR90-hTERT,IMR90 hTERT,shScr #1 d10,yes,yes,,True,hTERT,yes,GEO per-sample record,Lung,cell line: IMR90 hTERT | cell type: lung fibroblast | genotype: WT | time: day 10 | developmental stage: control senescent cells
SRR6389413,SRP127037,GSE108278,GSM2894520,Oncogene-induced CS,IMR-90,IMR90-hTERT,IMR90 hTERT,shScr #2 d10,yes,yes,,True,hTERT,yes,GEO per-sample record,Lung,cell line: IMR90 hTERT | cell type: lung fibroblast | genotype: WT | time: day 10 | developmental stage: control senescent cells
SRR6910824,SRP136727,GSE112458,GSM3070415,Oncogene-induced CS,BJ,BJ-hTERT,BJ cells,BJ_sgNT_Ras,no,yes,YES,True,Immortalized,yes,GEO per-sample record,Foreskin,cell line: BJ cells | condition: RASG12V-induced BJ cells transduced with a control non targeting sgRNA
SRR8284460,SRP172671,GSE123380,GSM3502427,Proliferating,BJ,BJ-hTERT,Immortalized BJ-hTERT cells,A_BJ,yes,yes,,True,Immortalized,yes,GEO per-sample record,Foreskin,cell type: Immortalized BJ-hTERT cells
SRR8284461,SRP172671,GSE123380,GSM3502428,Proliferating,BJ,BJ-hTERT,Immortalized BJ-hTERT cells,B_BJ,yes,yes,,True,Immortalized,yes,GEO per-sample record,Foreskin,cell type: Immortalized BJ-hTERT cells
SRR8284462,SRP172671,GSE123380,GSM3502429,Oncogene-induced CS,BJ,BJ-hTERT,Immortalized BJ-hTERT cells,A_BJ_ras,yes,yes,,True,Immortalized,yes,GEO per-sample record,Foreskin,cell type: Immortalized BJ-hTERT cells
SRR8284463,SRP172671,GSE123380,GSM3502430,Oncogene-induced CS,BJ,BJ-hTERT,Immortalized BJ-hTERT cells,B_BJ_ras,yes,yes,,True,Immortalized,yes,GEO per-sample record,Foreskin,cell type: Immortalized BJ-hTERT cells
ERR1805188,ERP021140,,SAMEA54009418,Proliferating,Primary,HCA2/BJ (primary),,,no,no,,,,n/a (not GEO),ArrayExpress E-MTAB-5403 description,Foreskin,
ERR1805189,ERP021140,,SAMEA54010168,Proliferating,Primary,HCA2/BJ (primary),,,no,no,,,,n/a (not GEO),ArrayExpress E-MTAB-5403 description,Foreskin,
ERR1805190,ERP021140,,SAMEA54010918,Proliferating,Primary,HCA2/BJ (primary),,,no,no,,,,n/a (not GEO),ArrayExpress E-MTAB-5403 description,Foreskin,
ERR1805191,ERP021140,,SAMEA54011668,Serum_starved CQ,Primary,HCA2/BJ (primary),,,no,no,,,,n/a (not GEO),ArrayExpress E-MTAB-5403 description,Foreskin,
ERR1805192,ERP021140,,SAMEA54012418,Stress-induced CS,Primary,HCA2/BJ (primary),,,no,no,,,,n/a (not GEO),ArrayExpress E-MTAB-5403 description,Foreskin,
ERR1805193,ERP021140,,SAMEA54013168,Stress-induced CS,Primary,HCA2/BJ (primary),,,no,no,,,,n/a (not GEO),ArrayExpress E-MTAB-5403 description,Foreskin,
ERR1805194,ERP021140,,SAMEA54013918,Stress-induced CS,Primary,HCA2/BJ (primary),,,no,no,,,,n/a (not GEO),ArrayExpress E-MTAB-5403 description,Foreskin,
ERR1805195,ERP021140,,SAMEA54014668,Stress-induced CS,Primary,HCA2/BJ (primary),,,no,no,,,,n/a (not GEO),ArrayExpress E-MTAB-5403 description,Foreskin,
ERR1805196,ERP021140,,SAMEA54015418,Serum_starved CQ,Primary,HCA2/BJ (primary),,,no,no,,,,n/a (not GEO),ArrayExpress E-MTAB-5403 description,Foreskin,
ERR1805197,ERP021140,,SAMEA54016168,Stress-induced CS,Primary,HCA2/BJ (primary),,,no,no,,,,n/a (not GEO),ArrayExpress E-MTAB-5403 description,Foreskin,
ERR1805198,ERP021140,,SAMEA54016918,Stress-induced CS,Primary,HCA2/BJ (primary),,,no,no,,,,n/a (not GEO),ArrayExpress E-MTAB-5403 description,Foreskin,
ERR1805199,ERP021140,,SAMEA54017668,Stress-induced CS,Primary,HCA2/BJ (primary),,,no,no,,,,n/a (not GEO),ArrayExpress E-MTAB-5403 description,Foreskin,
ERR1805200,ERP021140,,SAMEA54018418,Stress-induced CS,Primary,HCA2/BJ (primary),,,no,no,,,,n/a (not GEO),ArrayExpress E-MTAB-5403 description,Foreskin,
ERR1805201,ERP021140,,SAMEA54019168,Stress-induced CS,Primary,HCA2/BJ (primary),,,no,no,,,,n/a (not GEO),ArrayExpress E-MTAB-5403 description,Foreskin,
ERR1805202,ERP021140,,SAMEA54019918,Stress-induced CS,Primary,HCA2/BJ (primary),,,no,no,,,,n/a (not GEO),ArrayExpress E-MTAB-5403 description,Foreskin,
ERR1805203,ERP021140,,SAMEA54020668,Stress-induced CS,Primary,HCA2/BJ (primary),,,no,no,,,,n/a (not GEO),ArrayExpress E-MTAB-5403 description,Foreskin,
ERR1805204,ERP021140,,SAMEA54021418,Stress-induced CS,Primary,HCA2/BJ (primary),,,no,no,,,,n/a (not GEO),ArrayExpress E-MTAB-5403 description,Foreskin,
ERR1805205,ERP021140,,SAMEA54022168,Serum_starved CQ,Primary,HCA2/BJ (primary),,,no,no,,,,n/a (not GEO),ArrayExpress E-MTAB-5403 description,Foreskin,
ERR1805206,ERP021140,,SAMEA54022918,Serum_starved CQ,Primary,HCA2/BJ (primary),,,no,no,,,,n/a (not GEO),ArrayExpress E-MTAB-5403 description,Foreskin,
ERR1805207,ERP021140,,SAMEA54023668,Serum_starved CQ,Primary,HCA2/BJ (primary),,,no,no,,,,n/a (not GEO),ArrayExpress E-MTAB-5403 description,Foreskin,
ERR1805208,ERP021140,,SAMEA54024418,Serum_starved CQ,Primary,HCA2/BJ (primary),,,no,no,,,,n/a (not GEO),ArrayExpress E-MTAB-5403 description,Foreskin,
ERR1805209,ERP021140,,SAMEA54025168,Proliferating,Primary,HCA2/BJ (primary),,,no,no,,,,n/a (not GEO),ArrayExpress E-MTAB-5403 description,Foreskin,
ERR1805210,ERP021140,,SAMEA54025918,Proliferating,Primary,HCA2/BJ (primary),,,no,no,,,,n/a (not GEO),ArrayExpress E-MTAB-5403 description,Foreskin,
ERR1805211,ERP021140,,SAMEA54026668,Proliferating,Primary,HCA2/BJ (primary),,,no,no,,,,n/a (not GEO),ArrayExpress E-MTAB-5403 description,Foreskin,
ERR1805212,ERP021140,,SAMEA54027418,Stress-induced CS,Primary,HCA2/BJ (primary),,,no,no,,,,n/a (not GEO),ArrayExpress E-MTAB-5403 description,Foreskin,
ERR1805213,ERP021140,,SAMEA54028168,Stress-induced CS,Primary,HCA2/BJ (primary),,,no,no,,,,n/a (not GEO),ArrayExpress E-MTAB-5403 description,Foreskin,
ERR1805214,ERP021140,,SAMEA54028918,Stress-induced CS,Primary,HCA2/BJ (primary),,,no,no,,,,n/a (not GEO),ArrayExpress E-MTAB-5403 description,Foreskin,
ERR1805215,ERP021140,,SAMEA54029668,Stress-induced CS,Primary,HCA2/BJ (primary),,,no,no,,,,n/a (not GEO),ArrayExpress E-MTAB-5403 description,Foreskin,
ERR1805216,ERP021140,,SAMEA54030418,Stress-induced CS,Primary,HCA2/BJ (primary),,,no,no,,,,n/a (not GEO),ArrayExpress E-MTAB-5403 description,Foreskin,
ERR1805217,ERP021140,,SAMEA54031168,Stress-induced CS,Primary,HCA2/BJ (primary),,,no,no,,,,n/a (not GEO),ArrayExpress E-MTAB-5403 description,Foreskin,
SRR616151,SRP017142,"GSE42212,GSE42213",GSM1035443,Proliferating,WI-38,WI-38,WI38,Proliferatives_rep1_RNAseq,no,no,,False,,yes,GEO per-sample record,Lung,cell line: WI38 | cell type: primary fibroblasts | status: Proliferative | genotype/variation: infected with pBABE-puro-empty
SRR616152,SRP017142,"GSE42212,GSE42213",GSM1035444,Proliferating,WI-38,WI-38,WI38,Proliferatives_rep2_RNAseq,no,no,,False,,yes,GEO per-sample record,Lung,cell line: WI38 | cell type: primary fibroblasts | status: Proliferative | genotype/variation: infected with pBABE-puro-empty
SRR616153,SRP017142,"GSE42212,GSE42213",GSM1035445,Proliferating,WI-38,WI-38,WI38,Proliferatives_rep3_RNAseq,no,no,,False,,yes,GEO per-sample record,Lung,cell line: WI38 | cell type: primary fibroblasts | status: Proliferative | genotype/variation: infected with pBABE-puro-empty
SRR616154,SRP017142,"GSE42212,GSE42213",GSM1035446,Oncogene-induced CS,WI-38,WI-38,WI38,Ras_rep1_RNAseq,no,no,,False,,yes,GEO per-sample record,Lung,cell line: WI38 | cell type: primary fibroblasts | status: Senescent | genotype/variation: infected with pBABE-puro-H-RasG12V
SRR616155,SRP017142,"GSE42212,GSE42213",GSM1035447,Oncogene-induced CS,WI-38,WI-38,WI38,Ras_rep2_RNAseq,no,no,,False,,yes,GEO per-sample record,Lung,cell line: WI38 | cell type: primary fibroblasts | status: Senescent | genotype/variation: infected with pBABE-puro-H-RasG12V
SRR616156,SRP017142,"GSE42212,GSE42213",GSM1035448,Oncogene-induced CS,WI-38,WI-38,WI38,Ras_rep3_RNAseq,no,no,,False,,yes,GEO per-sample record,Lung,cell line: WI38 | cell type: primary fibroblasts | status: Senescent | genotype/variation: infected with pBABE-puro-H-RasG12V
SRR1049936,SRP034163,"GSE53330,GSE53332",GSM1289414,Proliferating,IMR-90,IMR90,IMR90,PD38_RNAseq_IMR90,no,no,,False,,yes,GEO per-sample record,Lung,cell line: IMR90 | growth protocol: RS_Proliferating | population doubling: PD38
SRR1049937,SRP034163,"GSE53330,GSE53332",GSM1289415,Replicative CS,IMR-90,IMR90,IMR90,PD79_RNAseq_IMR90,no,no,,False,,yes,GEO per-sample record,Lung,cell line: IMR90 | growth protocol: RS_Senescent | population doubling: PD79
SRR1051229,SRP034541,GSE53356,GSM1290015,Proliferating,IMR-90,IMR90,IMR90,PD32.1,no,no,,False,,yes,GEO per-sample record,Lung,cell line: IMR90 | cell type: proliferating
SRR1051230,SRP034541,GSE53356,GSM1290016,Proliferating,IMR-90,IMR90,IMR90,PD32.2,no,no,,False,,yes,GEO per-sample record,Lung,cell line: IMR90 | cell type: proliferating
SRR1051231,SRP034541,GSE53356,GSM1290017,Replicative CS,IMR-90,IMR90,IMR90,PD88.1,no,no,,False,,yes,GEO per-sample record,Lung,cell line: IMR90 | cell type: senescent
SRR1051232,SRP034541,GSE53356,GSM1290018,Replicative CS,IMR-90,IMR90,IMR90,PD88.2,no,no,,False,,yes,GEO per-sample record,Lung,cell line: IMR90 | cell type: senescent
SRR1197244,SRP040243,GSE55949,GSM1348980,Proliferating,IMR-90,IMR90,IMR90,Growing,no,no,,False,,yes,GEO per-sample record,Lung,tissue: Lung | cell line: IMR90 | passage: 16
SRR1197245,SRP040243,GSE55949,GSM1348981,Oncogene-induced CS,IMR-90,IMR90,IMR90,Oncogene-induced senescence,no,no,,False,,yes,GEO per-sample record,Lung,tissue: Lung | cell line: IMR90 | passage: 16
SRR1210368,SRP040745,GSE56293,GSM1358447,Replicative CS,BJ,BJ,BJ foreskin fibroblasts,late_9_24,no,no,,False,,yes,GEO per-sample record,Foreskin,cell type: BJ foreskin fibroblasts | develpmental stage: senescent | treatment: none
SRR1210370,SRP040745,GSE56293,GSM1358449,Proliferating,BJ,BJ,BJ foreskin fibroblasts,young_9_11,no,no,,False,,yes,GEO per-sample record,Foreskin,cell type: BJ foreskin fibroblasts | develpmental stage: young | treatment: none
SRR1210372,SRP040745,GSE56293,GSM1358451,Replicative CS,BJ,BJ,BJ foreskin fibroblasts,late_9_11,no,no,,False,,yes,GEO per-sample record,Foreskin,cell type: BJ foreskin fibroblasts | develpmental stage: senescent | treatment: none
SRR1210373,SRP040745,GSE56293,GSM1358452,Proliferating,BJ,BJ,BJ foreskin fibroblasts,young_9_24,no,no,,False,,yes,GEO per-sample record,Foreskin,cell type: BJ foreskin fibroblasts | develpmental stage: young | treatment: none
SRR1560895,SRP045867,GSE60883,GSM1492877,Proliferating,MRC-5,MRC-5,MRC-5 fibroblasts,MRC_5_PD32_1,no,no,,False,,yes,GEO per-sample record,Lung,population doublings: 32 | cell type: MRC-5 fibroblasts | treatment: control
SRR1560896,SRP045867,GSE60883,GSM1492878,Proliferating,MRC-5,MRC-5,MRC-5 fibroblasts,MRC_5_PD32_2,no,no,,False,,yes,GEO per-sample record,Lung,population doublings: 32 | cell type: MRC-5 fibroblasts | treatment: control
SRR1560897,SRP045867,GSE60883,GSM1492879,Proliferating,MRC-5,MRC-5,MRC-5 fibroblasts,MRC_5_PD32_3,no,no,,False,,yes,GEO per-sample record,Lung,population doublings: 32 | cell type: MRC-5 fibroblasts | treatment: control
SRR1560898,SRP045867,GSE60883,GSM1492880,Contact_inhibited CQ,MRC-5,MRC-5,MRC-5 fibroblasts,150_day_Quiescence_1,no,no,,False,,yes,GEO per-sample record,Lung,population doublings: 36 | cell type: MRC-5 fibroblasts | treatment: subjected to quiescence using 150 days contact inhibition
SRR1560899,SRP045867,GSE60883,GSM1492881,Contact_inhibited CQ,MRC-5,MRC-5,MRC-5 fibroblasts,150_day_Quiescence_2,no,no,,False,,yes,GEO per-sample record,Lung,population doublings: 36 | cell type: MRC-5 fibroblasts | treatment: subjected to quiescence using 150 days contact inhibition
SRR1560900,SRP045867,GSE60883,GSM1492882,Contact_inhibited CQ,MRC-5,MRC-5,MRC-5 fibroblasts,150_day_Quiescence_3,no,no,,False,,yes,GEO per-sample record,Lung,population doublings: 36 | cell type: MRC-5 fibroblasts | treatment: subjected to quiescence using 150 days contact inhibition
SRR1567487,SRP046254,GSE61130,GSM1498119,Proliferating,IMR-90,IMR90 ER:RAS,IRM90,EV - 4OHT Rep1,no,no,,False,,yes,GEO per-sample record,Lung,cell line: IRM90 | days after 4oht induction: 7 | passage: p15 | cell type: Non-senescent cells
SRR1567488,SRP046254,GSE61130,GSM1498120,Oncogene-induced CS,IMR-90,IMR90 ER:RAS,IRM90,EV + 4OHT Rep1,no,no,,False,,yes,GEO per-sample record,Lung,cell line: IRM90 | days after 4oht induction: 7 | passage: p15 | cell type: senescent cells
SRR1567491,SRP046254,GSE61130,GSM1498123,Proliferating,IMR-90,IMR90 ER:RAS,IRM90,EV - 4OHT Rep2,no,no,,False,,yes,GEO per-sample record,Lung,cell line: IRM90 | days after 4oht induction: 7 | passage: p15 | cell type: Non-senescent cells
SRR1567492,SRP046254,GSE61130,GSM1498124,Oncogene-induced CS,IMR-90,IMR90 ER:RAS,IRM90,EV + 4OHT Rep2,no,no,,False,,yes,GEO per-sample record,Lung,cell line: IRM90 | days after 4oht induction: 7 | passage: p15 | cell type: senescent cells
SRR1567495,SRP046254,GSE61130,GSM1498127,Proliferating,IMR-90,IMR90 ER:RAS,IRM90,EV - 4OHT Rep3,no,no,,False,,yes,GEO per-sample record,Lung,cell line: IRM90 | days after 4oht induction: 7 | passage: p15 | cell type: Non-senescent cells
SRR1567496,SRP046254,GSE61130,GSM1498128,Oncogene-induced CS,IMR-90,IMR90 ER:RAS,IRM90,EV + 4OHT Rep3,no,no,,False,,yes,GEO per-sample record,Lung,cell line: IRM90 | days after 4oht induction: 7 | passage: p15 | cell type: senescent cells
SRR1768044,SRP052706,GSE65145,GSM1588051,Proliferating,Primary,foreskin 2DD,proliferative fibroblast,proliferative fibroblast 1,no,no,,False,,yes,GEO per-sample record,Foreskin,cell type: proliferative fibroblast | source: foreskin 2DD
SRR1768045,SRP052706,GSE65145,GSM1588052,Proliferating,Primary,foreskin 2DD,proliferative fibroblast,proliferative fibroblast 2,no,no,,False,,yes,GEO per-sample record,Foreskin,cell type: proliferative fibroblast | source: foreskin 2DD
SRR1768046,SRP052706,GSE65145,GSM1588053,Serum_starved CQ,Primary,foreskin 2DD,queiscent fibroblast,queiscent fibroblast 1,no,no,,False,,yes,GEO per-sample record,Foreskin,cell type: queiscent fibroblast | source: foreskin 2DD
SRR1768047,SRP052706,GSE65145,GSM1588054,Serum_starved CQ,Primary,foreskin 2DD,queiscent fibroblast,queiscent fibroblast 2,no,no,,False,,yes,GEO per-sample record,Foreskin,cell type: queiscent fibroblast | source: foreskin 2DD
SRR2095296,SRP060598,GSE70668,GSM1816172,Proliferating,IMR-90,IMR90,IMR90,DD1_ERRAS_uninduced,no,no,,False,,yes,GEO per-sample record,Lung,cell line: IMR90
SRR2095297,SRP060598,GSE70668,GSM1816173,Proliferating,IMR-90,IMR90,IMR90,DD2_ERRAS_uninduced,no,no,,False,,yes,GEO per-sample record,Lung,cell line: IMR90
SRR2095298,SRP060598,GSE70668,GSM1816174,Proliferating,IMR-90,IMR90,IMR90,DD3_ERRAS_uninduced,no,no,,False,,yes,GEO per-sample record,Lung,cell line: IMR90
SRR2095299,SRP060598,GSE70668,GSM1816175,Oncogene-induced CS,IMR-90,IMR90,IMR90,DD4_ERRAS_4days-induced,no,no,,False,,yes,GEO per-sample record,Lung,cell line: IMR90
SRR2095300,SRP060598,GSE70668,GSM1816176,Oncogene-induced CS,IMR-90,IMR90,IMR90,DD5_ERRAS_4days-induced,no,no,,False,,yes,GEO per-sample record,Lung,cell line: IMR90
SRR2095301,SRP060598,GSE70668,GSM1816177,Oncogene-induced CS,IMR-90,IMR90,IMR90,DD6_ERRAS_4days-induced,no,no,,False,,yes,GEO per-sample record,Lung,cell line: IMR90
SRR2184428,SRP062872,"GSE72407,GSE72409",GSM1861966,Proliferating,IMR-90,IMR90,IMR90 cells,Control rep 1,no,no,,False,,yes,GEO per-sample record,Lung,sample group: Control
SRR2184429,SRP062872,"GSE72407,GSE72409",GSM1861967,Proliferating,IMR-90,IMR90,IMR90 cells,Control rep 2,no,no,,False,,yes,GEO per-sample record,Lung,sample group: Control
SRR2184430,SRP062872,"GSE72407,GSE72409",GSM1861968,Proliferating,IMR-90,IMR90,IMR90 cells,Control rep 3,no,no,,False,,yes,GEO per-sample record,Lung,sample group: Control
SRR2184431,SRP062872,"GSE72407,GSE72409",GSM1861969,Proliferating,IMR-90,IMR90,IMR90 cells,Control rep 4,no,no,,False,,yes,GEO per-sample record,Lung,sample group: Control
SRR2184432,SRP062872,"GSE72407,GSE72409",GSM1861970,Proliferating,IMR-90,IMR90,IMR90 cells,Control rep 5,no,no,,False,,yes,GEO per-sample record,Lung,sample group: Control
SRR2184433,SRP062872,"GSE72407,GSE72409",GSM1861971,Proliferating,IMR-90,IMR90,IMR90 cells,Control rep 6,no,no,,False,,yes,GEO per-sample record,Lung,sample group: Control
SRR2184434,SRP062872,"GSE72407,GSE72409",GSM1861972,Proliferating,IMR-90,IMR90,IMR90 cells,Control rep 7,no,no,,False,,yes,GEO per-sample record,Lung,sample group: Control
SRR2184435,SRP062872,"GSE72407,GSE72409",GSM1861973,Proliferating,IMR-90,IMR90,IMR90 cells,Control rep 8,no,no,,False,,yes,GEO per-sample record,Lung,sample group: Control
SRR2184436,SRP062872,"GSE72407,GSE72409",GSM1861974,Oncogene-induced CS,IMR-90,IMR90,IMR90 cells,RIS rep 1,no,no,,False,,yes,GEO per-sample record,Lung,sample group: RIS
SRR2184437,SRP062872,"GSE72407,GSE72409",GSM1861975,Oncogene-induced CS,IMR-90,IMR90,IMR90 cells,RIS rep 2,no,no,,False,,yes,GEO per-sample record,Lung,sample group: RIS
SRR2184438,SRP062872,"GSE72407,GSE72409",GSM1861976,Oncogene-induced CS,IMR-90,IMR90,IMR90 cells,RIS rep 3,no,no,,False,,yes,GEO per-sample record,Lung,sample group: RIS
SRR2184439,SRP062872,"GSE72407,GSE72409",GSM1861977,Oncogene-induced CS,IMR-90,IMR90,IMR90 cells,RIS rep 4,no,no,,False,,yes,GEO per-sample record,Lung,sample group: RIS
SRR2184440,SRP062872,"GSE72407,GSE72409",GSM1861978,Oncogene-induced CS,IMR-90,IMR90,IMR90 cells,RIS rep 5,no,no,,False,,yes,GEO per-sample record,Lung,sample group: RIS
SRR2184441,SRP062872,"GSE72407,GSE72409",GSM1861979,Oncogene-induced CS,IMR-90,IMR90,IMR90 cells,RIS rep 6,no,no,,False,,yes,GEO per-sample record,Lung,sample group: RIS
SRR2184442,SRP062872,"GSE72407,GSE72409",GSM1861980,Oncogene-induced CS,IMR-90,IMR90,IMR90 cells,RIS rep 7,no,no,,False,,yes,GEO per-sample record,Lung,sample group: RIS
SRR2184443,SRP062872,"GSE72407,GSE72409",GSM1861981,Oncogene-induced CS,IMR-90,IMR90,IMR90 cells,RIS rep 8,no,no,,False,,yes,GEO per-sample record,Lung,sample group: RIS
SRR2184444,SRP062872,"GSE72407,GSE72409",GSM1861982,Stress-induced CS,IMR-90,IMR90,IMR90 cells,DDIS rep 1,no,no,,False,,yes,GEO per-sample record,Lung,sample group: DDIS
SRR2184445,SRP062872,"GSE72407,GSE72409",GSM1861983,Stress-induced CS,IMR-90,IMR90,IMR90 cells,DDIS rep 2,no,no,,False,,yes,GEO per-sample record,Lung,sample group: DDIS
SRR2184446,SRP062872,"GSE72407,GSE72409",GSM1861984,Stress-induced CS,IMR-90,IMR90,IMR90 cells,DDIS rep 3,no,no,,False,,yes,GEO per-sample record,Lung,sample group: DDIS
SRR2184447,SRP062872,"GSE72407,GSE72409",GSM1861985,Stress-induced CS,IMR-90,IMR90,IMR90 cells,DDIS rep 4,no,no,,False,,yes,GEO per-sample record,Lung,sample group: DDIS
SRR2184448,SRP062872,"GSE72407,GSE72409",GSM1861986,Stress-induced CS,IMR-90,IMR90,IMR90 cells,DDIS rep 5,no,no,,False,,yes,GEO per-sample record,Lung,sample group: DDIS
SRR2184449,SRP062872,"GSE72407,GSE72409",GSM1861987,Stress-induced CS,IMR-90,IMR90,IMR90 cells,DDIS rep 6,no,no,,False,,yes,GEO per-sample record,Lung,sample group: DDIS
SRR2184450,SRP062872,"GSE72407,GSE72409",GSM1861988,Stress-induced CS,IMR-90,IMR90,IMR90 cells,DDIS rep 7,no,no,,False,,yes,GEO per-sample record,Lung,sample group: DDIS
SRR2184451,SRP062872,"GSE72407,GSE72409",GSM1861989,Stress-induced CS,IMR-90,IMR90,IMR90 cells,DDIS rep 8,no,no,,False,,yes,GEO per-sample record,Lung,sample group: DDIS
SRR2518251,SRP064207,GSE73458,GSM1894186,Proliferating,WI-38,WI-38,WI-38,Young whole cells,no,no,,False,,yes,GEO per-sample record,Lung,cellular fraction: Whole cells | cell line: WI-38
SRR2518252,SRP064207,GSE73458,GSM1894187,Replicative CS,WI-38,WI-38,WI-38,Senescent whole cells,no,no,,False,,yes,GEO per-sample record,Lung,cellular fraction: Whole cells | cell line: WI-38
SRR2932856,SRP065206,"GSE74324,GSE74328",GSM1917083,Proliferating,IMR-90,IMR90,IMR90,Proliferating IMR90 shRen_1,no,no,,False,,yes,GEO per-sample record,Lung,cell type: fetal lung fibroblasts | cell line: IMR90 | cell condition: proliferating | viral transduction: cotransduced with pWZL-Hygro and shRen | treatment: no treatment
SRR2932857,SRP065206,"GSE74324,GSE74328",GSM1917084,Proliferating,IMR-90,IMR90,IMR90,Proliferating IMR90 shRen_2,no,no,,False,,yes,GEO per-sample record,Lung,cell type: fetal lung fibroblasts | cell line: IMR90 | cell condition: proliferating | viral transduction: cotransduced with pWZL-Hygro and shRen | treatment: no treatment
SRR2932858,SRP065206,"GSE74324,GSE74328",GSM1917085,Proliferating,IMR-90,IMR90,IMR90,Proliferating IMR90 shRen_3,no,no,,False,,yes,GEO per-sample record,Lung,cell type: fetal lung fibroblasts | cell line: IMR90 | cell condition: proliferating | viral transduction: cotransduced with pWZL-Hygro and shRen | treatment: no treatment
SRR2932859,SRP065206,"GSE74324,GSE74328",GSM1917086,Serum_starved CQ,IMR-90,IMR90,IMR90,Quiescent IMR90 shRen_1,no,no,,False,,yes,GEO per-sample record,Lung,cell type: fetal lung fibroblasts | cell line: IMR90 | cell condition: quiescent | viral transduction: cotransduced with pWZL-Hygro and shRen | treatment: no treatment
SRR2932860,SRP065206,"GSE74324,GSE74328",GSM1917087,Serum_starved CQ,IMR-90,IMR90,IMR90,Quiescent IMR90 shRen_2,no,no,,False,,yes,GEO per-sample record,Lung,cell type: fetal lung fibroblasts | cell line: IMR90 | cell condition: quiescent | viral transduction: cotransduced with pWZL-Hygro and shRen | treatment: no treatment
SRR2932861,SRP065206,"GSE74324,GSE74328",GSM1917088,Serum_starved CQ,IMR-90,IMR90,IMR90,Quiescent IMR90 shRen_3,no,no,,False,,yes,GEO per-sample record,Lung,cell type: fetal lung fibroblasts | cell line: IMR90 | cell condition: quiescent | viral transduction: cotransduced with pWZL-Hygro and shRen | treatment: no treatment
SRR2932862,SRP065206,"GSE74324,GSE74328",GSM1917089,Oncogene-induced CS,IMR-90,IMR90,IMR90,Senescent IMR90 shRen_1,no,no,,False,,yes,GEO per-sample record,Lung,cell type: fetal lung fibroblasts | cell line: IMR90 | cell condition: senescent | viral transduction: cotransduced with pWZL HRASV12 and shRen | treatment: no treatment
SRR2932863,SRP065206,"GSE74324,GSE74328",GSM1917090,Oncogene-induced CS,IMR-90,IMR90,IMR90,Senescent IMR90 shRen_2,no,no,,False,,yes,GEO per-sample record,Lung,cell type: fetal lung fibroblasts | cell line: IMR90 | cell condition: senescent | viral transduction: cotransduced with pWZL HRASV12 and shRen | treatment: no treatment
SRR2932864,SRP065206,"GSE74324,GSE74328",GSM1917091,Oncogene-induced CS,IMR-90,IMR90,IMR90,Senescent IMR90 shRen_3,no,no,,False,,yes,GEO per-sample record,Lung,cell type: fetal lung fibroblasts | cell line: IMR90 | cell condition: senescent | viral transduction: cotransduced with pWZL HRASV12 and shRen | treatment: no treatment
SRR2932910,SRP065206,"GSE74324,GSE74328",GSM1917137,Proliferating,IMR-90,IMR90,IMR90,Proliferating IMR90 DMSO_1,no,no,,False,,yes,GEO per-sample record,Lung,cell type: fetal lung fibroblasts | cell line: IMR90 | cell condition: proliferating | viral transduction: cotransduced with pWZL-Hygro and shRen | treatment: DMSO 48h
SRR2932911,SRP065206,"GSE74324,GSE74328",GSM1917138,Proliferating,IMR-90,IMR90,IMR90,Proliferating IMR90 DMSO_2,no,no,,False,,yes,GEO per-sample record,Lung,cell type: fetal lung fibroblasts | cell line: IMR90 | cell condition: proliferating | viral transduction: cotransduced with pWZL-Hygro and shRen | treatment: DMSO 48h
SRR2932912,SRP065206,"GSE74324,GSE74328",GSM1917139,Proliferating,IMR-90,IMR90,IMR90,Proliferating IMR90 DMSO_3,no,no,,False,,yes,GEO per-sample record,Lung,cell type: fetal lung fibroblasts | cell line: IMR90 | cell condition: proliferating | viral transduction: cotransduced with pWZL-Hygro and shRen | treatment: DMSO 48h
SRR2932913,SRP065206,"GSE74324,GSE74328",GSM1917140,Serum_starved CQ,IMR-90,IMR90,IMR90,Quiescent IMR90 DMSO_1,no,no,,False,,yes,GEO per-sample record,Lung,cell type: fetal lung fibroblasts | cell line: IMR90 | cell condition: quiescent | viral transduction: cotransduced with pWZL-Hygro and shRen | treatment: DMSO 48h
SRR2932914,SRP065206,"GSE74324,GSE74328",GSM1917141,Serum_starved CQ,IMR-90,IMR90,IMR90,Quiescent IMR90 DMSO_2,no,no,,False,,yes,GEO per-sample record,Lung,cell type: fetal lung fibroblasts | cell line: IMR90 | cell condition: quiescent | viral transduction: cotransduced with pWZL-Hygro and shRen | treatment: DMSO 48h
SRR2932915,SRP065206,"GSE74324,GSE74328",GSM1917142,Serum_starved CQ,IMR-90,IMR90,IMR90,Quiescent IMR90 DMSO_3,no,no,,False,,yes,GEO per-sample record,Lung,cell type: fetal lung fibroblasts | cell line: IMR90 | cell condition: quiescent | viral transduction: cotransduced with pWZL-Hygro and shRen | treatment: DMSO 48h
SRR3151885,SRP069768,GSE77675,GSM2055960,Proliferating,WI-38,WI-38,WI-38,Young,no,no,,False,,yes,GEO per-sample record,Lung,passage: PDL20 | cell line: WI-38
SRR3151886,SRP069768,GSE77675,GSM2055961,Replicative CS,WI-38,WI-38,WI-38,Senescent,no,no,,False,,yes,GEO per-sample record,Lung,passage: PDL52 | cell line: WI-38
SRR3180966,SRP070636,"GSE78138,GSE78142",GSM2067916,Proliferating,IMR-90,IMR90,IMR90 Lung Fibroblasts,RNA WT Control,no,no,,False,,yes,GEO per-sample record,Lung,genotype/variation: WT | treatment: None
SRR3180967,SRP070636,"GSE78138,GSE78142",GSM2067917,Oncogene-induced CS,IMR-90,IMR90,IMR90 Lung Fibroblasts,RNA WT OIS,no,no,,False,,yes,GEO per-sample record,Lung,genotype/variation: WT | treatment: None
SRR5169351,SRP096629,GSE93535,GSM2454318,Contact_inhibited CQ,Primary,HDF161,HDF161,Q_1,no,no,,False,,yes,GEO per-sample record,Skin,cells type: human dermal fibroblasts | cell line: HDF161 | population doubling: 15
SRR5169352,SRP096629,GSE93535,GSM2454319,Contact_inhibited CQ,Primary,HDF161,HDF161,Q_2,no,no,,False,,yes,GEO per-sample record,Skin,cells type: human dermal fibroblasts | cell line: HDF161 | population doubling: 15
SRR5169354,SRP096629,GSE93535,GSM2454320,Contact_inhibited CQ,Primary,HDF161,HDF161,Q_3,no,no,,False,,yes,GEO per-sample record,Skin,cells type: human dermal fibroblasts | cell line: HDF161 | population doubling: 15
SRR5169358,SRP096629,GSE93535,GSM2454324,Stress-induced CS,Primary,HDF161,HDF161,SIPS_1,no,no,,False,,yes,GEO per-sample record,Skin,cells type: human dermal fibroblasts | cell line: HDF161 | population doubling: 15
SRR5169359,SRP096629,GSE93535,GSM2454325,Stress-induced CS,Primary,HDF161,HDF161,SIPS_2,no,no,,False,,yes,GEO per-sample record,Skin,cells type: human dermal fibroblasts | cell line: HDF161 | population doubling: 15
SRR5169360,SRP096629,GSE93535,GSM2454326,Stress-induced CS,Primary,HDF161,HDF161,SIPS_3,no,no,,False,,yes,GEO per-sample record,Skin,cells type: human dermal fibroblasts | cell line: HDF161 | population doubling: 15
SRR5223435,SRP098713,GSE94395,GSM2474587,Proliferating,IMR-90,IMR90,IMR90,IMR90 1,no,no,,False,,yes,GEO per-sample record,Lung,cell type: Fibroblasts | population doublings: 35 | cell line: IMR90
SRR5223436,SRP098713,GSE94395,GSM2474588,Proliferating,IMR-90,IMR90,IMR90,IMR90 2,no,no,,False,,yes,GEO per-sample record,Lung,cell type: Fibroblasts | population doublings: 35 | cell line: IMR90
SRR5223437,SRP098713,GSE94395,GSM2474589,Proliferating,IMR-90,IMR90,IMR90,IMR90 3,no,no,,False,,yes,GEO per-sample record,Lung,cell type: Fibroblasts | population doublings: 35 | cell line: IMR90
SRR5223438,SRP098713,GSE94395,GSM2474590,Stress-induced CS,IMR-90,IMR90,IMR90,IMR90 senescent 1,no,no,,False,,yes,GEO per-sample record,Lung,cell type: Fibroblasts | population doublings: 35 | cell line: IMR90
SRR5223439,SRP098713,GSE94395,GSM2474591,Stress-induced CS,IMR-90,IMR90,IMR90,IMR90 senescent 2,no,no,,False,,yes,GEO per-sample record,Lung,cell type: Fibroblasts | population doublings: 35 | cell line: IMR90
SRR5223440,SRP098713,GSE94395,GSM2474592,Stress-induced CS,IMR-90,IMR90,IMR90,IMR90 senescent 3,no,no,,False,,yes,GEO per-sample record,Lung,cell type: Fibroblasts | population doublings: 35 | cell line: IMR90
SRR5859249,SRP113324,"GSE101750,GSE101763",GSM2714454,Proliferating,IMR-90,IMR90 ER:RAS,IMR90 ER:RAS,Vector Replicate 1,no,no,,False,,yes,GEO per-sample record,Lung,imr90 passage: 15 | days after 4oht induction: 6 | state: proliferating | transduction: empty pGIPz vector
SRR5859250,SRP113324,"GSE101750,GSE101763",GSM2714455,Oncogene-induced CS,IMR-90,IMR90 ER:RAS,IMR90 ER:RAS,Vector + 4OHT Replicate 1,no,no,,False,,yes,GEO per-sample record,Lung,imr90 passage: 15 | days after 4oht induction: 6 | state: senescent | transduction: empty pGIPz vector
SRR5859253,SRP113324,"GSE101750,GSE101763",GSM2714458,Proliferating,IMR-90,IMR90 ER:RAS,IMR90 ER:RAS,Vector Replicate 2,no,no,,False,,yes,GEO per-sample record,Lung,imr90 passage: 15 | days after 4oht induction: 6 | state: proliferating | transduction: empty pGIPz vector
SRR5859254,SRP113324,"GSE101750,GSE101763",GSM2714459,Oncogene-induced CS,IMR-90,IMR90 ER:RAS,IMR90 ER:RAS,Vector + 4OHT Replicate 2,no,no,,False,,yes,GEO per-sample record,Lung,imr90 passage: 15 | days after 4oht induction: 6 | state: senescent | transduction: empty pGIPz vector
SRR5859257,SRP113324,"GSE101750,GSE101763",GSM2714462,Proliferating,IMR-90,IMR90 ER:RAS,IMR90 ER:RAS,Vector Replicate 3,no,no,,False,,yes,GEO per-sample record,Lung,imr90 passage: 15 | days after 4oht induction: 6 | state: proliferating | transduction: empty pGIPz vector
SRR5859258,SRP113324,"GSE101750,GSE101763",GSM2714463,Oncogene-induced CS,IMR-90,IMR90 ER:RAS,IMR90 ER:RAS,Vector + 4OHT Replicate 3,no,no,,False,,yes,GEO per-sample record,Lung,imr90 passage: 15 | days after 4oht induction: 6 | state: senescent | transduction: empty pGIPz vector
SRR5859294,SRP113329,"GSE101758,GSE101763",GSM2714552,Proliferating,IMR-90,IMR90 ER:RAS,IMR90 ER:RAS,si_Scramble Replicate 1,no,no,,False,,yes,GEO per-sample record,Lung,imr90 passage: 14 | days after 4oht induction: 5 | state: proliferating | transfection: scramble siRNA
SRR5859295,SRP113329,"GSE101758,GSE101763",GSM2714553,Oncogene-induced CS,IMR-90,IMR90 ER:RAS,IMR90 ER:RAS,si_Scramble + 4OHT Replicate 1,no,no,,False,,yes,GEO per-sample record,Lung,imr90 passage: 14 | days after 4oht induction: 5 | state: senescent | transfection: scramble siRNA
SRR5859299,SRP113329,"GSE101758,GSE101763",GSM2714557,Proliferating,IMR-90,IMR90 ER:RAS,IMR90 ER:RAS,si_Scramble Replicate 2,no,no,,False,,yes,GEO per-sample record,Lung,imr90 passage: 14 | days after 4oht induction: 5 | state: proliferating | transfection: scramble siRNA
SRR5859300,SRP113329,"GSE101758,GSE101763",GSM2714558,Oncogene-induced CS,IMR-90,IMR90 ER:RAS,IMR90 ER:RAS,si_Scramble + 4OHT Replicate 2,no,no,,False,,yes,GEO per-sample record,Lung,imr90 passage: 14 | days after 4oht induction: 5 | state: senescent | transfection: scramble siRNA
SRR5859304,SRP113329,"GSE101758,GSE101763",GSM2714562,Proliferating,IMR-90,IMR90 ER:RAS,IMR90 ER:RAS,si_Scramble Replicate 3,no,no,,False,,yes,GEO per-sample record,Lung,imr90 passage: 14 | days after 4oht induction: 5 | state: proliferating | transfection: scramble siRNA
SRR5859305,SRP113329,"GSE101758,GSE101763",GSM2714563,Oncogene-induced CS,IMR-90,IMR90 ER:RAS,IMR90 ER:RAS,si_Scramble + 4OHT Replicate 3,no,no,,False,,yes,GEO per-sample record,Lung,imr90 passage: 14 | days after 4oht induction: 5 | state: senescent | transfection: scramble siRNA
SRR6048192,SRP117883,"GSE95021,GSE103938",GSM2786635,Proliferating,IMR-90,IMR90,IMR90,Prolif_1,no,no,,False,,yes,GEO per-sample record,Lung,cell line: IMR90 | cell type: fibroblasts | passage: 12 | vector: empty vector (MSCV) | days post-infection: 10
SRR6048196,SRP117883,"GSE95021,GSE103938",GSM2786639,Oncogene-induced CS,IMR-90,IMR90,IMR90,RAS_1,no,no,,False,,yes,GEO per-sample record,Lung,cell line: IMR90 | cell type: fibroblasts | passage: 12 | vector: RAS expressing vector | days post-infection: 10
SRR6048199,SRP117883,"GSE95021,GSE103938",GSM2786642,Proliferating,IMR-90,IMR90,IMR90,Prolif_2,no,no,,False,,yes,GEO per-sample record,Lung,cell line: IMR90 | cell type: fibroblasts | passage: 12 | vector: empty vector (MSCV) | days post-infection: 10
SRR6048203,SRP117883,"GSE95021,GSE103938",GSM2786646,Oncogene-induced CS,IMR-90,IMR90,IMR90,RAS_2,no,no,,False,,yes,GEO per-sample record,Lung,cell line: IMR90 | cell type: fibroblasts | passage: 12 | vector: RAS expressing vector | days post-infection: 10
SRR6048206,SRP117883,"GSE95021,GSE103938",GSM2786649,Proliferating,IMR-90,IMR90,IMR90,Prolif_3,no,no,,False,,yes,GEO per-sample record,Lung,cell line: IMR90 | cell type: fibroblasts | passage: 12 | vector: empty vector (MSCV) | days post-infection: 10
SRR6048210,SRP117883,"GSE95021,GSE103938",GSM2786653,Oncogene-induced CS,IMR-90,IMR90,IMR90,RAS_3,no,no,,False,,yes,GEO per-sample record,Lung,cell line: IMR90 | cell type: fibroblasts | passage: 12 | vector: RAS expressing vector | days post-infection: 10
SRR6205675,SRP121031,"GSE105937,GSE105951",GSM2828805,Proliferating,IMR-90,IMR90,IMR90,"RNA-seq from Proliferating Fibroblasts, Replicate #1",no,no,,False,,yes,GEO per-sample record,Lung,cell line: IMR90 | cell type: Lung Fibroblasts | population doubling: PD29 | shRNA: none | library type: single | senescence induction: None
SRR6205676,SRP121031,"GSE105937,GSE105951",GSM2828806,Replicative CS,IMR-90,IMR90,IMR90,"RNA-seq from Senescent Fibroblasts, Replicate #1",no,no,,False,,yes,GEO per-sample record,Lung,cell line: IMR90 | cell type: Lung Fibroblasts | population doubling: PD78 | shRNA: none | library type: single | senescence induction: Replicative Senescence
SRR6205677,SRP121031,"GSE105937,GSE105951",GSM2828807,Proliferating,IMR-90,IMR90,IMR90,"RNA-seq from Proliferating Fibroblasts, Replicate #2",no,no,,False,,yes,GEO per-sample record,Lung,cell line: IMR90 | cell type: Lung Fibroblasts | population doubling: PD34 | shRNA: none | library type: single | senescence induction: None
SRR6205678,SRP121031,"GSE105937,GSE105951",GSM2828808,Replicative CS,IMR-90,IMR90,IMR90,"RNA-seq from Senescent Fibroblasts, Replicate #2",no,no,,False,,yes,GEO per-sample record,Lung,cell line: IMR90 | cell type: Lung Fibroblasts | population doubling: PD79 | shRNA: none | library type: single | senescence induction: Replicative Senescence
SRR6205681,SRP121031,"GSE105937,GSE105951",GSM2828811,Replicative CS,IMR-90,IMR90,IMR90,"RNA-seq from Senescent Fibroblasts (p300 knockdown control vector), Replicate #1",no,no,,False,,yes,GEO per-sample record,Lung,cell line: IMR90 | cell type: Lung Fibroblasts | population doubling: PD78 | shRNA: control vector | library type: single | senescence induction: Replicative Senescence
SRR6205684,SRP121031,"GSE105937,GSE105951",GSM2828814,Replicative CS,IMR-90,IMR90,IMR90,"RNA-seq from Senescent Fibroblasts (p300 knockdown control vector), Replicate #2",no,no,,False,,yes,GEO per-sample record,Lung,cell line: IMR90 | cell type: Lung Fibroblasts | population doubling: PD75 | shRNA: control vector | library type: single | senescence induction: Replicative Senescence
SRR6869103,SRP136071,GSE112068,GSM3056966,Proliferating,IMR-90,IMR90,IMR-90,IMR-90 0_0d,no,no,,False,,yes,GEO per-sample record,Lung,cell line: IMR-90 | cell type: fibroblast | age: 16 weeks gestation | agent: control | dose: 0 ug/ml | time: 0 day
SRR6869105,SRP136071,GSE112068,GSM3056967,Proliferating,IMR-90,IMR90,IMR-90,IMR-90 0_4d,no,no,,False,,yes,GEO per-sample record,Lung,cell line: IMR-90 | cell type: fibroblast | age: 16 weeks gestation | agent: control | dose: 0 ug/ml | time: 4 days
SRR6869106,SRP136071,GSE112068,GSM3056968,Proliferating,IMR-90,IMR90,IMR-90,IMR-90 0_8d,no,no,,False,,yes,GEO per-sample record,Lung,cell line: IMR-90 | cell type: fibroblast | age: 16 weeks gestation | agent: control | dose: 0 ug/ml | time: 8 days
SRR6869117,SRP136071,GSE112068,GSM3056979,Stress-induced CS,IMR-90,IMR90,IMR-90,IMR-90 40_2d,no,no,,False,,yes,GEO per-sample record,Lung,cell line: IMR-90 | cell type: fibroblast | age: 16 weeks gestation | agent: bleomycin | dose: 40 ug/ml | time: 2 days
SRR6869119,SRP136071,GSE112068,GSM3056981,Stress-induced CS,IMR-90,IMR90,IMR-90,IMR-90 40_4d,no,no,,False,,yes,GEO per-sample record,Lung,cell line: IMR-90 | cell type: fibroblast | age: 16 weeks gestation | agent: bleomycin | dose: 40 ug/ml | time: 4 days
SRR6869121,SRP136071,GSE112068,GSM3056983,Stress-induced CS,IMR-90,IMR90,IMR-90,IMR-90 40_6d,no,no,,False,,yes,GEO per-sample record,Lung,cell line: IMR-90 | cell type: fibroblast | age: 16 weeks gestation | agent: bleomycin | dose: 40 ug/ml | time: 6 days
SRR6869122,SRP136071,GSE112068,GSM3056984,Stress-induced CS,IMR-90,IMR90,IMR-90,IMR-90 40_8d,no,no,,False,,yes,GEO per-sample record,Lung,cell line: IMR-90 | cell type: fibroblast | age: 16 weeks gestation | agent: bleomycin | dose: 40 ug/ml | time: 8 days
SRR6869123,SRP136071,GSE112068,GSM3056985,Stress-induced CS,IMR-90,IMR90,IMR-90,IMR-90 40_8h,no,no,,False,,yes,GEO per-sample record,Lung,cell line: IMR-90 | cell type: fibroblast | age: 16 weeks gestation | agent: bleomycin | dose: 40 ug/ml | time: 8 h
SRR6869124,SRP136071,GSE112068,GSM3056986,Stress-induced CS,IMR-90,IMR90,IMR-90,IMR-90 40_12h,no,no,,False,,yes,GEO per-sample record,Lung,cell line: IMR-90 | cell type: fibroblast | age: 16 weeks gestation | agent: bleomycin | dose: 40 ug/ml | time: 12 h
SRR6869125,SRP136071,GSE112068,GSM3056987,Stress-induced CS,IMR-90,IMR90,IMR-90,IMR-90 40_24h,no,no,,False,,yes,GEO per-sample record,Lung,cell line: IMR-90 | cell type: fibroblast | age: 16 weeks gestation | agent: bleomycin | dose: 40 ug/ml | time: 24 h
SRR7516120,SRP153205,GSE117033,GSM3267560,Proliferating,Primary,HDF 12-1,human dermal fibroblasts,P_12_1,no,no,,False,,yes,GEO per-sample record,Foreskin,strain: 12-1 | tissue: Foreskin | cell type: human dermal fibroblasts | cell growth conditions: proliferating cells | treatment: no treatment
SRR7516121,SRP153205,GSE117033,GSM3267561,Proliferating,Primary,HDF 12-1,human dermal fibroblasts,P_12_3,no,no,,False,,yes,GEO per-sample record,Foreskin,strain: 12-3 | tissue: Foreskin | cell type: human dermal fibroblasts | cell growth conditions: proliferating cells | treatment: no treatment
SRR7516122,SRP153205,GSE117033,GSM3267562,Contact_inhibited CQ,Primary,HDF 12-1,human dermal fibroblasts,Q_12_1,no,no,,False,,yes,GEO per-sample record,Foreskin,strain: 12-1 | tissue: Foreskin | cell type: human dermal fibroblasts | cell growth conditions: quiescent cells (contact-inhibited for 7 days) | treatment: no treatment
SRR7516123,SRP153205,GSE117033,GSM3267563,Contact_inhibited CQ,Primary,HDF 12-1,human dermal fibroblasts,Q_12_3,no,no,,False,,yes,GEO per-sample record,Foreskin,strain: 12-3 | tissue: Foreskin | cell type: human dermal fibroblasts | cell growth conditions: quiescent cells (contact-inhibited for 7 days) | treatment: no treatment
SRR7523095,SRP153724,GSE117121,GSM3271542,Proliferating,Primary,HDF 12-3,dermal fibroblasts,P_0hr_12-1,no,no,,False,,yes,GEO per-sample record,Skin,cell type: dermal fibroblasts | cell strain: 12-1 | cell growth conditions: proliferating cells | treatment: untreated | time: 0 hour
SRR7523096,SRP153724,GSE117121,GSM3271543,Contact_inhibited CQ,Primary,HDF 12-3,dermal fibroblasts,7dCI_0hr_12-1,no,no,,False,,yes,GEO per-sample record,Skin,cell type: dermal fibroblasts | cell strain: 12-1 | cell growth conditions: contact-inhibited for 7 days | treatment: untreated | time: 0 hour
SRR7523097,SRP153724,GSE117121,GSM3271544,Proliferating,Primary,HDF 12-3,dermal fibroblasts,P_0hr_12-3,no,no,,False,,yes,GEO per-sample record,Skin,cell type: dermal fibroblasts | cell strain: 12-3 | cell growth conditions: proliferating cells | treatment: untreated | time: 0 hour
SRR7523098,SRP153724,GSE117121,GSM3271545,Contact_inhibited CQ,Primary,HDF 12-3,dermal fibroblasts,7dCI_0hr_12-3,no,no,,False,,yes,GEO per-sample record,Skin,cell type: dermal fibroblasts | cell strain: 12-3 | cell growth conditions: contact-inhibited for 7 days | treatment: untreated | time: 0 hour
SRR7537847,SRP154382,GSE117337,GSM3291218,Proliferating,Primary,HDF 10-2,human dermal fibroblasts (foreskin),P_10-2,no,no,,False,,yes,GEO per-sample record,Foreskin,cell type: human dermal fibroblasts (foreskin) | strain: 10-2 | cell growth conditions: proliferating cells
SRR7537848,SRP154382,GSE117337,GSM3291219,Proliferating,Primary,HDF 10-2,human dermal fibroblasts (foreskin),P_12-1,no,no,,False,,yes,GEO per-sample record,Foreskin,cell type: human dermal fibroblasts (foreskin) | strain: 12-1 | cell growth conditions: proliferating cells
SRR7537849,SRP154382,GSE117337,GSM3291220,Proliferating,Primary,HDF 10-2,human dermal fibroblasts (foreskin),P_12-2,no,no,,False,,yes,GEO per-sample record,Foreskin,cell type: human dermal fibroblasts (foreskin) | strain: 12-2 | cell growth conditions: proliferating cells
SRR7537850,SRP154382,GSE117337,GSM3291221,Contact_inhibited CQ,Primary,HDF 10-2,human dermal fibroblasts (foreskin),7dCI_10-2,no,no,,False,,yes,GEO per-sample record,Foreskin,cell type: human dermal fibroblasts (foreskin) | strain: 10-2 | cell growth conditions: 7 day contact inhibited cells (quiescent)
SRR7537851,SRP154382,GSE117337,GSM3291222,Contact_inhibited CQ,Primary,HDF 10-2,human dermal fibroblasts (foreskin),7dCI_12-1,no,no,,False,,yes,GEO per-sample record,Foreskin,cell type: human dermal fibroblasts (foreskin) | strain: 12-1 | cell growth conditions: 7 day contact inhibited cells (quiescent)
SRR7537852,SRP154382,GSE117337,GSM3291223,Contact_inhibited CQ,Primary,HDF 10-2,human dermal fibroblasts (foreskin),7dCI_12-2,no,no,,False,,yes,GEO per-sample record,Foreskin,cell type: human dermal fibroblasts (foreskin) | strain: 12-2 | cell growth conditions: 7 day contact inhibited cells (quiescent)
SRR7537853,SRP154382,GSE117337,GSM3291224,Serum_starved CQ,Primary,HDF 10-2,human dermal fibroblasts (foreskin),7dSS_10-2,no,no,,False,,yes,GEO per-sample record,Foreskin,cell type: human dermal fibroblasts (foreskin) | strain: 10-2 | cell growth conditions: 7 day serum starved cells (quiescent)
SRR7537854,SRP154382,GSE117337,GSM3291225,Serum_starved CQ,Primary,HDF 10-2,human dermal fibroblasts (foreskin),7dSS_12-1,no,no,,False,,yes,GEO per-sample record,Foreskin,cell type: human dermal fibroblasts (foreskin) | strain: 12-1 | cell growth conditions: 7 day serum starved cells (quiescent)
SRR7537855,SRP154382,GSE117337,GSM3291226,Serum_starved CQ,Primary,HDF 10-2,human dermal fibroblasts (foreskin),7dSS_12-2,no,no,,False,,yes,GEO per-sample record,Foreskin,cell type: human dermal fibroblasts (foreskin) | strain: 12-2 | cell growth conditions: 7 day serum starved cells (quiescent)
SRR7547693,SRP154577,GSE117444,GSM3294929,Proliferating,Primary,HDF 10-5,human dermal fibroblasts (foreskin),P_rep1,no,no,,False,,yes,GEO per-sample record,Foreskin,cell type: human dermal fibroblasts (foreskin) | cell growth conditions: proliferating cells | fibroblast strain: 10-5
SRR7547694,SRP154577,GSE117444,GSM3294930,Proliferating,Primary,HDF 10-5,human dermal fibroblasts (foreskin),P_rep2,no,no,,False,,yes,GEO per-sample record,Foreskin,cell type: human dermal fibroblasts (foreskin) | cell growth conditions: proliferating cells | fibroblast strain: 12-1
SRR7547695,SRP154577,GSE117444,GSM3294931,Proliferating,Primary,HDF 10-5,human dermal fibroblasts (foreskin),P_rep3,no,no,,False,,yes,GEO per-sample record,Foreskin,cell type: human dermal fibroblasts (foreskin) | cell growth conditions: proliferating cells | fibroblast strain: 12-1
SRR7547696,SRP154577,GSE117444,GSM3294932,Contact_inhibited CQ,Primary,HDF 10-5,human dermal fibroblasts (foreskin),7dCI_rep1,no,no,,False,,yes,GEO per-sample record,Foreskin,cell type: human dermal fibroblasts (foreskin) | cell growth conditions: 7 day contact inhibited cells (quiescent) | fibroblast strain: 10-5
SRR7547697,SRP154577,GSE117444,GSM3294933,Contact_inhibited CQ,Primary,HDF 10-5,human dermal fibroblasts (foreskin),7dCI_rep2,no,no,,False,,yes,GEO per-sample record,Foreskin,cell type: human dermal fibroblasts (foreskin) | cell growth conditions: 7 day contact inhibited cells (quiescent) | fibroblast strain: 12-1
SRR7547698,SRP154577,GSE117444,GSM3294934,Contact_inhibited CQ,Primary,HDF 10-5,human dermal fibroblasts (foreskin),7dCI_rep3,no,no,,False,,yes,GEO per-sample record,Foreskin,cell type: human dermal fibroblasts (foreskin) | cell growth conditions: 7 day contact inhibited cells (quiescent) | fibroblast strain: 12-1
