"test","stratum","condition","model","n_test","n_control","median_test","median_control","diff_within","p","p_adj"
"condition_within_cellline","BJ","OIS","scaled_diff",7,6,63.4504020277076,35.5053341179504,27.9450679097572,0.013986013986014,0.027972027972028
"condition_within_cellline","BJ","OIS","yugene_diff",7,6,20.6270550651583,1.64696514713437,18.9800899180239,0.00116550116550117,0.0027972027972028
"condition_within_cellline","IMR-90","SSCQ","scaled_diff",6,44,-18.6941731046465,-11.9083204447506,-6.78585265989595,0.098401580798832,0.133333333333333
"condition_within_cellline","IMR-90","SSCQ","yugene_diff",6,44,-1.11959663477266,-3.91056173919532,2.79096510442266,0.421275211287105,0.421275211287105
"condition_within_cellline","IMR-90","RS","scaled_diff",7,44,30.4744238652121,-11.9083204447506,42.3827443099626,2.28028306604788e-06,9.12113226419152e-06
"condition_within_cellline","IMR-90","RS","yugene_diff",7,44,19.1796003590002,-3.91056173919532,23.0901620981955,0.00012427542709961,0.000372826281298829
"condition_within_cellline","IMR-90","SIPS","scaled_diff",18,44,20.8520767663868,-11.9083204447506,32.7603972111373,2.50694620328851e-05,7.52083860986554e-05
"condition_within_cellline","IMR-90","SIPS","yugene_diff",18,44,28.4413219232069,-3.91056173919532,32.3518836624022,1.19898837398158e-06,4.7959534959263e-06
"condition_within_cellline","IMR-90","OIS","scaled_diff",32,44,20.8804175291463,-11.9083204447506,32.7887379738969,1.06988404392742e-11,1.28386085271291e-10
"condition_within_cellline","IMR-90","OIS","yugene_diff",32,44,24.4064209825052,-3.91056173919532,28.3169827217005,7.12159765743506e-09,4.27295859446104e-08
"condition_within_cellline","MRC-5","CICQ","scaled_diff",3,3,18.1258933742531,-4.10327738461881,22.2291707588719,0.1,0.133333333333333
"condition_within_cellline","MRC-5","CICQ","yugene_diff",3,3,49.058443721461,9.15645927180725,39.9019844496538,0.1,0.133333333333333
"condition_within_cellline","Primary","CICQ","scaled_diff",16,21,52.2281707148967,45.035815737946,7.1923549769507,0.308452456010556,0.326681665370789
"condition_within_cellline","Primary","CICQ","yugene_diff",16,21,21.5778609991462,8.01896920583103,13.5588917933151,0.0229219252094911,0.0392947289305562
"condition_within_cellline","Primary","SSCQ","scaled_diff",11,21,39.0197238781419,45.035815737946,-6.0160918598041,0.326681665370789,0.326681665370789
"condition_within_cellline","Primary","SSCQ","yugene_diff",11,21,10.6049594356945,8.01896920583103,2.58599022986347,0.133236902020454,0.159884282424545
"condition_within_cellline","Primary","SIPS","scaled_diff",21,21,66.0142236170349,45.035815737946,20.9784078790889,5.93395870580252e-09,3.56037522348151e-08
"condition_within_cellline","Primary","SIPS","yugene_diff",21,21,38.7328879130481,8.01896920583103,30.7139187072171,2.48951304501421e-10,2.98741565401705e-09
"condition_within_cellline","TIG-3","SSCQ","scaled_diff",3,9,10.3245812294204,19.2806351807508,-8.9560539513304,0.209090909090909,0.250909090909091
"condition_within_cellline","TIG-3","SSCQ","yugene_diff",3,9,9.02781174328921,3.1960593459149,5.83175239737431,0.209090909090909,0.228099173553719
"condition_within_cellline","TIG-3","OIS","scaled_diff",6,9,41.5127503872362,19.2806351807508,22.2321152064854,0.0027972027972028,0.00671328671328671
"condition_within_cellline","TIG-3","OIS","yugene_diff",6,9,19.6395150916361,3.1960593459149,16.4434557457212,0.011988011988012,0.023976023976024
"condition_within_cellline","WI-38","OIS","scaled_diff",3,5,51.4608931898875,3.1590858828731,48.3018073070144,0.0357142857142857,0.0612244897959184
"condition_within_cellline","WI-38","OIS","yugene_diff",3,5,50.2140236402026,20.9409700935607,29.2730535466419,0.0357142857142857,0.0535714285714286
"condition_within_tissue","Foreskin","CICQ","scaled_diff",8,25,30.947954110408,42.8330522036561,-11.8850980932481,0.162429462763167,0.19852489893276
"condition_within_tissue","Foreskin","CICQ","yugene_diff",8,25,2.74121579177973,8.01896920583103,-5.27775341405131,1,1
"condition_within_tissue","Foreskin","SSCQ","scaled_diff",13,25,39.1953531539261,42.8330522036561,-3.63769904973,0.738395964770643,0.738395964770643
"condition_within_tissue","Foreskin","SSCQ","yugene_diff",13,25,10.8009688909073,8.01896920583103,2.78199968507627,0.0969885958857193,0.118541617193657
"condition_within_tissue","Foreskin","SIPS","scaled_diff",18,25,60.8957790145147,42.8330522036561,18.0627268108586,6.41068791776957e-10,3.52587835477326e-09
"condition_within_tissue","Foreskin","SIPS","yugene_diff",18,25,34.1220408351073,8.01896920583103,26.1030716292763,3.9844891058137e-09,2.19146900819754e-08
"condition_within_tissue","Foreskin","OIS","scaled_diff",7,25,63.4504020277076,42.8330522036561,20.6173498240515,0.000552014108743808,0.00121443103923638
"condition_within_tissue","Foreskin","OIS","yugene_diff",7,25,20.6270550651583,8.01896920583103,12.6080858593273,0.000877637070629284,0.00193080155538443
"condition_within_tissue","Lung","CICQ","scaled_diff",3,61,18.1258933742531,-8.01231062739908,26.1382040016522,0.0222035907838052,0.0407065831036428
"condition_within_tissue","Lung","CICQ","yugene_diff",3,61,49.058443721461,-0.806575073655454,49.8650187951165,0.00384818371013473,0.00604714583021172
"condition_within_tissue","Lung","SSCQ","scaled_diff",9,61,-12.3394744915426,-8.01231062739908,-4.32716386414352,0.429781959752552,0.472760155727808
"condition_within_tissue","Lung","SSCQ","yugene_diff",9,61,8.39846397818809,-0.806575073655454,9.20503905184354,0.300572152384506,0.330629367622957
"condition_within_tissue","Lung","RS","scaled_diff",9,61,33.3979875931428,-8.01231062739908,41.4102982205419,6.5044201726927e-06,2.38495406332066e-05
"condition_within_tissue","Lung","RS","yugene_diff",9,61,23.8550308141203,-0.806575073655454,24.6616058877758,4.34749797100231e-05,0.000119556194202564
"condition_within_tissue","Lung","SIPS","scaled_diff",18,61,20.8520767663868,-8.01231062739908,28.8643873937858,0.000216204932762976,0.000594563565098183
"condition_within_tissue","Lung","SIPS","yugene_diff",18,61,28.4413219232069,-0.806575073655454,29.2478969968624,5.92230185114673e-06,2.1715106787538e-05
"condition_within_tissue","Lung","OIS","scaled_diff",41,61,27.3632781907446,-8.01231062739908,35.3755888181437,1.54836143906323e-11,1.70319758296955e-10
"condition_within_tissue","Lung","OIS","yugene_diff",41,61,25.1222758158667,-0.806575073655454,25.9288508895222,6.26448448670658e-10,6.89093293537724e-09
"condition_within_tissue","Skin","CICQ","scaled_diff",8,5,54.3888316743601,50.3980994076584,3.99073226670171,0.0450660450660451,0.061965811965812
"condition_within_tissue","Skin","CICQ","yugene_diff",8,5,23.6109355990475,8.0602522054543,15.5506833935932,0.00155400155400155,0.00284900284900285
"condition_within_tissue","Skin","SIPS","scaled_diff",3,5,83.6527375979288,50.3980994076584,33.2546381902704,0.0357142857142857,0.0561224489795918
"condition_within_tissue","Skin","SIPS","yugene_diff",3,5,45.3032959276282,8.0602522054543,37.2430437221739,0.0357142857142857,0.0491071428571429
