analysis,label,model,entrez,gene,coefficient,contrib_diff,cohens_d,wilcox_p,n_test,n_control,p_adj
meta_analysis,CICQ,scaled,16149,Cd74,0.02235368123159861,0.3996288884859111,0.23807294137323765,0.4525326509511094,19,91,0.6258430279111088
meta_analysis,CICQ,scaled,19039,Lgals3bp,-0.0043739911456854574,-0.014273834801978337,-0.0597402141647711,1.0,19,91,1.0
meta_analysis,CICQ,scaled,229003,Helz2,-0.008570792005017234,0.29325564370346485,0.7565099979761062,0.028499634808627546,19,91,0.06615986652002823
meta_analysis,CICQ,scaled,57444,Isg20,-0.004829426229828328,-0.25658331782181365,-0.8453280332172161,0.006220097696312844,19,91,0.0212792815926492
meta_analysis,CICQ,scaled,15945,Cxcl10,-0.002366988906438771,0.15100250236771748,0.8565580548193451,0.0003621668318966179,19,91,0.0023540844073280166
meta_analysis,CICQ,scaled,67138,Herc6,-0.005476338381857375,0.13860139654048884,0.38273488796442023,0.590783740500487,19,91,0.7529596692653265
meta_analysis,CICQ,scaled,67168,Lpar6,-0.0024642344044495668,-0.12040067373772616,-0.7655391349544705,0.013925102772688958,19,91,0.03935355131412097
meta_analysis,CICQ,scaled,24110,Usp18,0.0028095706115958876,-0.16817289485417392,-1.1205388799812106,1.2267919507602653e-05,19,91,0.00011391639542773892
meta_analysis,CICQ,scaled,100038882,Isg15,-0.009095807097917064,-0.13025116462816644,-0.26178422503999776,0.9055839983503601,19,91,1.0
meta_analysis,CICQ,scaled,54123,Irf7,0.0020664127570795532,0.0627197417141346,0.7667015524472486,0.0047587207344089565,19,91,0.018195108690387186
meta_analysis,CICQ,scaled,19124,Procr,-0.003425067570285812,-0.06671022128153375,-0.6017588730765124,0.015876359467863376,19,91,0.04127853461644478
meta_analysis,CICQ,scaled,20343,Sell,-0.006314444021553099,-3.469446951953614e-18,-1.981734777227449,1.0,19,91,1.0
meta_analysis,CICQ,scaled,231712,Trafd1,-0.009145904760869485,0.17208121655074848,0.7294302314385144,0.07392716510620179,19,91,0.13347960366397546
meta_analysis,SSCQ,scaled,16149,Cd74,0.02235368123159861,0.17139665824270817,0.1088850959991737,0.6504075297971095,22,91,0.7829720319391166
meta_analysis,SSCQ,scaled,19039,Lgals3bp,-0.0043739911456854574,-0.17278751650689494,-0.7438686040858978,0.00592674731927282,22,91,0.0212792815926492
meta_analysis,SSCQ,scaled,229003,Helz2,-0.008570792005017234,-0.20666489028385354,-0.544917131471266,0.001936112014628838,22,91,0.008989091496491033
meta_analysis,SSCQ,scaled,57444,Isg20,-0.004829426229828328,-0.13458411850163096,-0.4764684789030694,0.054207206465195765,22,91,0.10677177031023409
meta_analysis,SSCQ,scaled,15945,Cxcl10,-0.002366988906438771,0.016310021769574863,0.0864281122898026,0.6142936463514359,22,91,0.7678670579392949
meta_analysis,SSCQ,scaled,67138,Herc6,-0.005476338381857375,-0.36948387623103446,-1.0817669737032845,6.168940006580715e-05,22,91,0.0005012263755346831
meta_analysis,SSCQ,scaled,67168,Lpar6,-0.0024642344044495668,-0.09026595119726367,-0.585612291864585,0.003278560920056858,22,91,0.013319153737730986
meta_analysis,SSCQ,scaled,24110,Usp18,0.0028095706115958876,0.024786409327523982,0.17505885620367864,0.26258560298674805,22,91,0.3969317254450842
meta_analysis,SSCQ,scaled,100038882,Isg15,-0.009095807097917064,-0.30058010401397295,-0.6163282882794332,0.038433633057864555,22,91,0.08058664996003859
meta_analysis,SSCQ,scaled,54123,Irf7,0.0020664127570795532,0.11464091906419865,1.4509035779745136,3.248525398639039e-07,22,91,5.278853772788438e-06
meta_analysis,SSCQ,scaled,19124,Procr,-0.003425067570285812,0.012791205989887625,0.12689037057116734,0.9739695501108471,22,91,1.0
meta_analysis,SSCQ,scaled,20343,Sell,-0.006314444021553099,0.0,0.0,1.0,22,91,1.0
meta_analysis,SSCQ,scaled,231712,Trafd1,-0.009145904760869485,0.12446712509931018,0.45217337300164046,0.7801152809360735,22,91,0.9219544229244505
meta_analysis,RS,scaled,16149,Cd74,0.02235368123159861,-1.5446754111704344,-1.023560421521263,0.0009626033068130617,11,91,0.0052141012452374185
meta_analysis,RS,scaled,19039,Lgals3bp,-0.0043739911456854574,-0.05435743948518589,-0.22701191560514414,0.5895988562359722,11,91,0.7529596692653265
meta_analysis,RS,scaled,229003,Helz2,-0.008570792005017234,0.08224772574570201,0.22864224920130385,0.19920722389618006,11,91,0.32371173883129256
meta_analysis,RS,scaled,57444,Isg20,-0.004829426229828328,0.12959900615407188,0.4846560769348667,0.0786623313686594,11,91,0.13819058213413138
meta_analysis,RS,scaled,15945,Cxcl10,-0.002366988906438771,-0.1669333632039548,-0.8478007296646475,0.03635454381697915,11,91,0.07876817827012149
meta_analysis,RS,scaled,67138,Herc6,-0.005476338381857375,-0.40057814897774235,-1.1900874825851973,0.0005785343760938487,11,91,0.0034186122223727423
meta_analysis,RS,scaled,67168,Lpar6,-0.0024642344044495668,-0.056119757259699726,-0.3714048693132942,0.2573080784412547,11,91,0.3969317254450842
meta_analysis,RS,scaled,24110,Usp18,0.0028095706115958876,0.007850735129837413,0.05614291542095463,0.6504690726878815,11,91,0.7829720319391166
meta_analysis,RS,scaled,100038882,Isg15,-0.009095807097917064,-0.2981248275877607,-0.6556895973803519,0.008479469476503796,11,91,0.026245976951083178
meta_analysis,RS,scaled,54123,Irf7,0.0020664127570795532,-0.04599849693741647,-0.572690971802145,0.27587915453771805,11,91,0.40754875102162896
meta_analysis,RS,scaled,19124,Procr,-0.003425067570285812,0.03231864419357088,0.31433222656830884,0.2147313431655533,11,91,0.3404277391649016
meta_analysis,RS,scaled,20343,Sell,-0.006314444021553099,-3.469446951953614e-18,-1.9802950859533486,1.0,11,91,1.0
meta_analysis,RS,scaled,231712,Trafd1,-0.009145904760869485,-0.021168488561181652,-0.11199952825245646,0.9398022261720721,11,91,1.0
meta_analysis,SIPS,scaled,16149,Cd74,0.02235368123159861,-0.026420630992285893,-0.018709942036000626,0.5420912239342728,39,91,0.719100603178117
meta_analysis,SIPS,scaled,19039,Lgals3bp,-0.0043739911456854574,-0.1435907965424838,-0.6916986066627944,0.007764222308306233,39,91,0.025233722501995258
meta_analysis,SIPS,scaled,229003,Helz2,-0.008570792005017234,-0.2683002231940954,-0.8527830223484562,7.440561304425978e-08,39,91,1.612121615958962e-06
meta_analysis,SIPS,scaled,57444,Isg20,-0.004829426229828328,0.2102574059483813,0.7910618692661188,7.25301721930726e-05,39,91,0.0005238290213944132
meta_analysis,SIPS,scaled,15945,Cxcl10,-0.002366988906438771,-0.11184198976029663,-0.522062114110214,0.06740543107162493,39,91,0.12886332410751825
meta_analysis,SIPS,scaled,67138,Herc6,-0.005476338381857375,-0.17914203109531177,-0.5163128370765324,0.032036982797488386,39,91,0.07180703040816362
meta_analysis,SIPS,scaled,67168,Lpar6,-0.0024642344044495668,0.025825014459339272,0.18060675206203386,0.4162916706571256,39,91,0.588238230276373
meta_analysis,SIPS,scaled,24110,Usp18,0.0028095706115958876,0.016585553321818956,0.1322846722904067,0.9513867876104767,39,91,1.0
meta_analysis,SIPS,scaled,100038882,Isg15,-0.009095807097917064,-0.16121821008295348,-0.38068185568856233,0.002768081760341196,39,91,0.011995020961478515
meta_analysis,SIPS,scaled,54123,Irf7,0.0020664127570795532,0.03162808656368199,0.4035952246928545,0.011570406658117316,39,91,0.03418529239898298
meta_analysis,SIPS,scaled,19124,Procr,-0.003425067570285812,0.015792540604280175,0.16150663219392403,0.36852525214987797,39,91,0.5323142531053793
meta_analysis,SIPS,scaled,20343,Sell,-0.006314444021553099,0.0,0.0,1.0,39,91,1.0
meta_analysis,SIPS,scaled,231712,Trafd1,-0.009145904760869485,0.09279166915934141,0.49587671637316066,0.0015233441488664411,39,91,0.007616720744332206
meta_analysis,OIS,scaled,16149,Cd74,0.02235368123159861,-0.6345258682310722,-0.4311928135392159,0.017058067825973612,48,91,0.04264516956493403
meta_analysis,OIS,scaled,19039,Lgals3bp,-0.0043739911456854574,-0.08428087886646339,-0.3619140463635859,0.0696764951485699,48,91,0.1293992052759155
meta_analysis,OIS,scaled,229003,Helz2,-0.008570792005017234,-0.2645926524735171,-0.7454996932335148,1.1929675067032018e-05,48,91,0.00011391639542773892
meta_analysis,OIS,scaled,57444,Isg20,-0.004829426229828328,-0.3124471965155322,-0.9645064388347275,4.400714614756359e-06,48,91,5.7209289991832665e-05
meta_analysis,OIS,scaled,15945,Cxcl10,-0.002366988906438771,-0.28509076292630714,-1.3808874134680034,2.483810747883808e-10,48,91,8.072384930622375e-09
meta_analysis,OIS,scaled,67138,Herc6,-0.005476338381857375,-0.1480508756405188,-0.423217664719136,0.09892147226629648,48,91,0.1692077815081387
meta_analysis,OIS,scaled,67168,Lpar6,-0.0024642344044495668,0.05360734640352659,0.317635994737717,0.04407787102349306,48,91,0.08953317551647028
meta_analysis,OIS,scaled,24110,Usp18,0.0028095706115958876,0.0793280760590777,0.5327880507364684,0.019919210606231495,48,91,0.0479536551631499
meta_analysis,OIS,scaled,100038882,Isg15,-0.009095807097917064,-0.16945600955619547,-0.33552622401380067,0.014925501999497133,48,91,0.040423234581971404
meta_analysis,OIS,scaled,54123,Irf7,0.0020664127570795532,0.03748075789290793,0.39041150319069856,0.16223151472317632,48,91,0.2703858578719605
meta_analysis,OIS,scaled,19124,Procr,-0.003425067570285812,-0.19358886911092543,-2.1505131308187555,2.91636618267684e-17,48,91,1.895638018739946e-15
meta_analysis,OIS,scaled,20343,Sell,-0.006314444021553099,-1.734723475976807e-18,-1.2269859434787773,1.0,48,91,1.0
meta_analysis,OIS,scaled,231712,Trafd1,-0.009145904760869485,-0.0008651976682202238,-0.004891808775991428,0.5021463098486694,48,91,0.6799897945867398
temporal_pooled,Fibroblast,scaled,16149,Cd74,0.02235368123159861,-3.469446951953614e-18,-1.9148542155126762,1.0,18,6,1.0
temporal_pooled,Fibroblast,scaled,19039,Lgals3bp,-0.0043739911456854574,-0.13110078450898022,-1.402174489879644,0.07692650598829089,18,6,0.18750835834645904
temporal_pooled,Fibroblast,scaled,229003,Helz2,-0.008570792005017234,-0.1997473121071094,-0.8959469179088204,0.19935213527890872,18,6,0.4091964882040758
temporal_pooled,Fibroblast,scaled,57444,Isg20,-0.004829426229828328,-1.734723475976807e-18,-1.1055415967851332,1.0,18,6,1.0
temporal_pooled,Fibroblast,scaled,15945,Cxcl10,-0.002366988906438771,-0.33741248323848294,-1.4480315056729083,0.003373057148800856,18,6,0.011959020800293945
temporal_pooled,Fibroblast,scaled,67138,Herc6,-0.005476338381857375,-0.08042722559418505,-0.38458018935649335,0.4148860293025053,18,6,0.6741897976165712
temporal_pooled,Fibroblast,scaled,67168,Lpar6,-0.0024642344044495668,0.005256801065818089,0.09898315868857843,0.8711700199114387,18,6,1.0
temporal_pooled,Fibroblast,scaled,24110,Usp18,0.0028095706115958876,0.03002498621046264,0.3730930007341333,0.49420487978840383,18,6,0.7413073196826058
temporal_pooled,Fibroblast,scaled,100038882,Isg15,-0.009095807097917064,-0.26641969353437,-0.7382857575712767,0.2240631222324586,18,6,0.4161172270031374
temporal_pooled,Fibroblast,scaled,54123,Irf7,0.0020664127570795532,0.07293302229833815,1.318229125162926,0.02729650212487741,18,6,0.07604025591930137
temporal_pooled,Fibroblast,scaled,19124,Procr,-0.003425067570285812,0.018607978890096015,0.38984750180347355,0.17651341793218223,18,6,0.3824457388530615
temporal_pooled,Fibroblast,scaled,20343,Sell,-0.006314444021553099,-1.734723475976807e-18,-1.1055415967851332,1.0,18,6,1.0
temporal_pooled,Fibroblast,scaled,231712,Trafd1,-0.009145904760869485,0.09437810967857699,0.956587263872734,0.06576718476031977,18,6,0.17099468037683138
temporal_pooled,Keratinocyte,scaled,16149,Cd74,0.02235368123159861,0.3427990514292272,0.22201012575402004,0.6260810128087017,18,6,0.8419710172254954
temporal_pooled,Keratinocyte,scaled,19039,Lgals3bp,-0.0043739911456854574,-0.011823573961089011,-0.1041395464270693,1.0,18,6,1.0
temporal_pooled,Keratinocyte,scaled,229003,Helz2,-0.008570792005017234,0.029067128203399087,0.10191429131454008,0.9225385598383311,18,6,1.0
temporal_pooled,Keratinocyte,scaled,57444,Isg20,-0.004829426229828328,-0.3108549957052965,-1.798275905869134,0.003373057148800856,18,6,0.011959020800293945
temporal_pooled,Keratinocyte,scaled,15945,Cxcl10,-0.002366988906438771,-0.07322479741981003,-0.3159198822738046,0.5805224523759993,18,6,0.8085848443808562
temporal_pooled,Keratinocyte,scaled,67138,Herc6,-0.005476338381857375,0.2724460028521063,0.6752986342767543,0.27959226128562514,18,6,0.4956408268245173
temporal_pooled,Keratinocyte,scaled,67168,Lpar6,-0.0024642344044495668,-0.02239418544343195,-0.3434023037111905,0.2240631222324586,18,6,0.4161172270031374
temporal_pooled,Keratinocyte,scaled,24110,Usp18,0.0028095706115958876,-0.10568014114928377,-0.6163506924794747,0.5365835537460252,18,6,0.775065133188703
temporal_pooled,Keratinocyte,scaled,100038882,Isg15,-0.009095807097917064,0.3237644816328414,0.4899421783702406,0.45368361615501207,18,6,0.7077464412018188
temporal_pooled,Keratinocyte,scaled,54123,Irf7,0.0020664127570795532,-0.12306749062225843,-1.4013210573921702,0.007399922731730511,18,6,0.024049748878124163
temporal_pooled,Keratinocyte,scaled,19124,Procr,-0.003425067570285812,-0.007966362048708063,-0.1319265916154128,1.0,18,6,1.0
temporal_pooled,Keratinocyte,scaled,20343,Sell,-0.006314444021553099,-1.734723475976807e-18,-1.1055415967851332,1.0,18,6,1.0
temporal_pooled,Keratinocyte,scaled,231712,Trafd1,-0.009145904760869485,-0.02935156297386491,-0.26941148987511193,0.8711700199114387,18,6,1.0
temporal_pooled,Melanocyte,scaled,16149,Cd74,0.02235368123159861,-0.932772424754523,-1.1317423925338947,0.014799845463461024,18,6,0.04439953639038307
temporal_pooled,Melanocyte,scaled,19039,Lgals3bp,-0.0043739911456854574,-0.47248454665837775,-5.268470390878671,1.4859282593836369e-05,18,6,9.658533685993639e-05
temporal_pooled,Melanocyte,scaled,229003,Helz2,-0.008570792005017234,-1.18182163793012,-8.940811357389865,1.4859282593836369e-05,18,6,9.658533685993639e-05
temporal_pooled,Melanocyte,scaled,57444,Isg20,-0.004829426229828328,0.04180831712267631,0.5188753395886827,0.3781241641653541,18,6,0.6411670609760352
temporal_pooled,Melanocyte,scaled,15945,Cxcl10,-0.002366988906438771,-0.30446293646018335,-1.6066707818999926,0.0013373354334452734,18,6,0.005795120211596185
temporal_pooled,Melanocyte,scaled,67138,Herc6,-0.005476338381857375,-0.9578391926085484,-7.934389167183309,1.4859282593836369e-05,18,6,9.658533685993639e-05
temporal_pooled,Melanocyte,scaled,67168,Lpar6,-0.0024642344044495668,0.14685707049541394,3.7499843371625747,2.9718565187672738e-05,18,6,0.0001655748631884624
temporal_pooled,Melanocyte,scaled,24110,Usp18,0.0028095706115958876,0.6512102023468769,5.97721964794545,1.4859282593836369e-05,18,6,9.658533685993639e-05
temporal_pooled,Melanocyte,scaled,100038882,Isg15,-0.009095807097917064,-3.2456749321201985,-9.150573469006174,1.4859282593836369e-05,18,6,9.658533685993639e-05
temporal_pooled,Melanocyte,scaled,54123,Irf7,0.0020664127570795532,0.3914107738719817,13.075177953029968,1.4859282593836369e-05,18,6,9.658533685993639e-05
temporal_pooled,Melanocyte,scaled,19124,Procr,-0.003425067570285812,-0.04403986951770835,-0.8493962026544196,0.17651341793218223,18,6,0.3824457388530615
temporal_pooled,Melanocyte,scaled,20343,Sell,-0.006314444021553099,-1.734723475976807e-18,-1.1055415967851332,1.0,18,6,1.0
temporal_pooled,Melanocyte,scaled,231712,Trafd1,-0.009145904760869485,0.11902421501849916,1.8848965204111985,0.0009509940860055277,18,6,0.004636096169276948
temporal_bytimepoint,Fibroblast_4_days,scaled,16149,Cd74,0.02235368123159861,0.0,0.0,1.0,6,6,1.0
temporal_bytimepoint,Fibroblast_4_days,scaled,19039,Lgals3bp,-0.0043739911456854574,-0.11771263947188794,-0.9390017454998539,0.17965367965367965,6,6,0.33902387934646
temporal_bytimepoint,Fibroblast_4_days,scaled,229003,Helz2,-0.008570792005017234,-0.1631897889174603,-0.6921387282139525,0.3939393939393939,6,6,0.6313823163138231
temporal_bytimepoint,Fibroblast_4_days,scaled,57444,Isg20,-0.004829426229828328,0.0,,1.0,6,6,1.0
temporal_bytimepoint,Fibroblast_4_days,scaled,15945,Cxcl10,-0.002366988906438771,0.0,0.0,1.0,6,6,1.0
temporal_bytimepoint,Fibroblast_4_days,scaled,67138,Herc6,-0.005476338381857375,-0.03147707376990862,-0.16702622575587747,0.5887445887445888,6,6,0.8719381883938846
temporal_bytimepoint,Fibroblast_4_days,scaled,67168,Lpar6,-0.0024642344044495668,-0.044083345662423834,-1.1933360811329896,0.06493506493506493,6,6,0.14069264069264067
temporal_bytimepoint,Fibroblast_4_days,scaled,24110,Usp18,0.0028095706115958876,0.03696494233645238,0.5648204137472732,0.3939393939393939,6,6,0.6313823163138231
temporal_bytimepoint,Fibroblast_4_days,scaled,100038882,Isg15,-0.009095807097917064,-0.2891693695885351,-0.7787297473289433,0.3939393939393939,6,6,0.6313823163138231
temporal_bytimepoint,Fibroblast_4_days,scaled,54123,Irf7,0.0020664127570795532,0.08247606307383933,1.2967647654502403,0.17965367965367965,6,6,0.33902387934646
temporal_bytimepoint,Fibroblast_4_days,scaled,19124,Procr,-0.003425067570285812,0.058550555506033664,2.194685138738125,0.004329004329004329,6,6,0.012662337662337661
temporal_bytimepoint,Fibroblast_4_days,scaled,20343,Sell,-0.006314444021553099,0.0,,1.0,6,6,1.0
temporal_bytimepoint,Fibroblast_4_days,scaled,231712,Trafd1,-0.009145904760869485,-0.011184798893447501,-0.22805215657221214,0.5887445887445888,6,6,0.8719381883938846
temporal_bytimepoint,Fibroblast_10_days,scaled,16149,Cd74,0.02235368123159861,0.0,0.0,1.0,6,6,1.0
temporal_bytimepoint,Fibroblast_10_days,scaled,19039,Lgals3bp,-0.0043739911456854574,-0.08015918911514057,-0.7575638151812244,1.0,6,6,1.0
temporal_bytimepoint,Fibroblast_10_days,scaled,229003,Helz2,-0.008570792005017234,-0.06982796335006775,-0.32008088278526176,0.8181818181818182,6,6,1.0
temporal_bytimepoint,Fibroblast_10_days,scaled,57444,Isg20,-0.004829426229828328,0.0,,1.0,6,6,1.0
temporal_bytimepoint,Fibroblast_10_days,scaled,15945,Cxcl10,-0.002366988906438771,0.0,0.0,1.0,6,6,1.0
temporal_bytimepoint,Fibroblast_10_days,scaled,67138,Herc6,-0.005476338381857375,0.07310033860277,0.39228872204548265,0.48484848484848486,6,6,0.7563636363636363
temporal_bytimepoint,Fibroblast_10_days,scaled,67168,Lpar6,-0.0024642344044495668,-0.002227512157787284,-0.04076522551959381,1.0,6,6,1.0
temporal_bytimepoint,Fibroblast_10_days,scaled,24110,Usp18,0.0028095706115958876,-0.03834278410929404,-0.5976293184956746,0.5887445887445888,6,6,0.8719381883938846
temporal_bytimepoint,Fibroblast_10_days,scaled,100038882,Isg15,-0.009095807097917064,0.03282408888975351,0.08722020299818849,0.9372294372294373,6,6,1.0
temporal_bytimepoint,Fibroblast_10_days,scaled,54123,Irf7,0.0020664127570795532,0.0389301253829147,0.7496033093900606,0.30952380952380953,6,6,0.532563025210084
temporal_bytimepoint,Fibroblast_10_days,scaled,19124,Procr,-0.003425067570285812,0.037714203365057784,1.5583071109409272,0.015151515151515152,6,6,0.040289256198347105
temporal_bytimepoint,Fibroblast_10_days,scaled,20343,Sell,-0.006314444021553099,0.0,,1.0,6,6,1.0
temporal_bytimepoint,Fibroblast_10_days,scaled,231712,Trafd1,-0.009145904760869485,0.1301059902492468,1.4464075857938952,0.06493506493506493,6,6,0.14069264069264067
temporal_bytimepoint,Fibroblast_20_days,scaled,16149,Cd74,0.02235368123159861,0.0,0.0,1.0,6,6,1.0
temporal_bytimepoint,Fibroblast_20_days,scaled,19039,Lgals3bp,-0.0043739911456854574,-0.18685837498656993,-1.8081741128614555,0.0021645021645021645,6,6,0.006844506844506844
temporal_bytimepoint,Fibroblast_20_days,scaled,229003,Helz2,-0.008570792005017234,-0.36418336155818437,-1.7070731713579763,0.06493506493506493,6,6,0.14069264069264067
temporal_bytimepoint,Fibroblast_20_days,scaled,57444,Isg20,-0.004829426229828328,0.0,,1.0,6,6,1.0
temporal_bytimepoint,Fibroblast_20_days,scaled,15945,Cxcl10,-0.002366988906438771,-0.47298217711171325,-4.452621022432665,0.0021645021645021645,6,6,0.006844506844506844
temporal_bytimepoint,Fibroblast_20_days,scaled,67138,Herc6,-0.005476338381857375,-0.29121856499995963,-1.8244999973594047,0.015151515151515152,6,6,0.040289256198347105
temporal_bytimepoint,Fibroblast_20_days,scaled,67168,Lpar6,-0.0024642344044495668,0.05111231676171976,1.3911260633601752,0.06493506493506493,6,6,0.14069264069264067
temporal_bytimepoint,Fibroblast_20_days,scaled,24110,Usp18,0.0028095706115958876,0.1011586142346592,1.436525283710698,0.06493506493506493,6,6,0.14069264069264067
temporal_bytimepoint,Fibroblast_20_days,scaled,100038882,Isg15,-0.009095807097917064,-0.5413207993446807,-1.5799518370235106,0.025974025974025976,6,6,0.06465874550980935
temporal_bytimepoint,Fibroblast_20_days,scaled,54123,Irf7,0.0020664127570795532,0.10418041267572382,2.239166212563401,0.0021645021645021645,6,6,0.006844506844506844
temporal_bytimepoint,Fibroblast_20_days,scaled,19124,Procr,-0.003425067570285812,-0.04657480110722007,-1.9518624744164648,0.025974025974025976,6,6,0.06465874550980935
temporal_bytimepoint,Fibroblast_20_days,scaled,20343,Sell,-0.006314444021553099,0.0,,1.0,6,6,1.0
temporal_bytimepoint,Fibroblast_20_days,scaled,231712,Trafd1,-0.009145904760869485,0.15482590580062022,3.2860483884471523,0.0021645021645021645,6,6,0.006844506844506844
temporal_bytimepoint,Keratinocyte_4_days,scaled,16149,Cd74,0.02235368123159861,0.907480765197486,0.49578808167682886,0.30952380952380953,6,6,0.532563025210084
temporal_bytimepoint,Keratinocyte_4_days,scaled,19039,Lgals3bp,-0.0043739911456854574,-0.09616692751739675,-0.8252560290038896,0.6991341991341992,6,6,0.9737940630797774
temporal_bytimepoint,Keratinocyte_4_days,scaled,229003,Helz2,-0.008570792005017234,-0.11075490657338452,-0.45052709780127476,0.8181818181818182,6,6,1.0
temporal_bytimepoint,Keratinocyte_4_days,scaled,57444,Isg20,-0.004829426229828328,-0.08511275570622541,-0.7235496572354732,0.30952380952380953,6,6,0.532563025210084
temporal_bytimepoint,Keratinocyte_4_days,scaled,15945,Cxcl10,-0.002366988906438771,-0.13577282882821215,-0.5600683759657221,0.6991341991341992,6,6,0.9737940630797774
temporal_bytimepoint,Keratinocyte_4_days,scaled,67138,Herc6,-0.005476338381857375,-0.1512032473637983,-1.0504407129108893,0.17965367965367965,6,6,0.33902387934646
temporal_bytimepoint,Keratinocyte_4_days,scaled,67168,Lpar6,-0.0024642344044495668,-0.063223236361728,-2.0860226014101095,0.004329004329004329,6,6,0.012662337662337661
temporal_bytimepoint,Keratinocyte_4_days,scaled,24110,Usp18,0.0028095706115958876,0.07219341530973296,0.9717657453166729,0.06493506493506493,6,6,0.14069264069264067
temporal_bytimepoint,Keratinocyte_4_days,scaled,100038882,Isg15,-0.009095807097917064,-0.3904879155640345,-1.1311115927142477,0.17965367965367965,6,6,0.33902387934646
temporal_bytimepoint,Keratinocyte_4_days,scaled,54123,Irf7,0.0020664127570795532,-0.036668332226121536,-0.6996895902428527,0.8181818181818182,6,6,1.0
temporal_bytimepoint,Keratinocyte_4_days,scaled,19124,Procr,-0.003425067570285812,0.018029118768202526,0.24240460231187289,0.6991341991341992,6,6,0.9737940630797774
temporal_bytimepoint,Keratinocyte_4_days,scaled,20343,Sell,-0.006314444021553099,0.0,,1.0,6,6,1.0
temporal_bytimepoint,Keratinocyte_4_days,scaled,231712,Trafd1,-0.009145904760869485,-0.019930085468277688,-0.1425753197492269,1.0,6,6,1.0
temporal_bytimepoint,Keratinocyte_10_days,scaled,16149,Cd74,0.02235368123159861,0.48317842986769877,0.26330033489898014,0.8181818181818182,6,6,1.0
temporal_bytimepoint,Keratinocyte_10_days,scaled,19039,Lgals3bp,-0.0043739911456854574,-0.02036940375027004,-0.1923239337654818,1.0,6,6,1.0
temporal_bytimepoint,Keratinocyte_10_days,scaled,229003,Helz2,-0.008570792005017234,-0.12650538814153922,-0.6652577214077525,0.30952380952380953,6,6,0.532563025210084
temporal_bytimepoint,Keratinocyte_10_days,scaled,57444,Isg20,-0.004829426229828328,-0.4513198018699402,-6.428726755928116,0.0021645021645021645,6,6,0.006844506844506844
temporal_bytimepoint,Keratinocyte_10_days,scaled,15945,Cxcl10,-0.002366988906438771,-0.23177511909971177,-0.934670346951874,0.13203463203463203,6,6,0.27101845522898155
temporal_bytimepoint,Keratinocyte_10_days,scaled,67138,Herc6,-0.005476338381857375,0.1475813283643011,0.9263560917224319,0.24025974025974026,6,6,0.43922483766233766
temporal_bytimepoint,Keratinocyte_10_days,scaled,67168,Lpar6,-0.0024642344044495668,-0.08165257794377481,-3.3547772527761484,0.0021645021645021645,6,6,0.006844506844506844
temporal_bytimepoint,Keratinocyte_10_days,scaled,24110,Usp18,0.0028095706115958876,-0.04505579367460068,-0.5387092180313366,0.5887445887445888,6,6,0.8719381883938846
temporal_bytimepoint,Keratinocyte_10_days,scaled,100038882,Isg15,-0.009095807097917064,0.2222598792950205,0.6201588755908449,0.48484848484848486,6,6,0.7563636363636363
temporal_bytimepoint,Keratinocyte_10_days,scaled,54123,Irf7,0.0020664127570795532,-0.11193007070457149,-4.440826057613371,0.0021645021645021645,6,6,0.006844506844506844
temporal_bytimepoint,Keratinocyte_10_days,scaled,19124,Procr,-0.003425067570285812,-0.01736380333585811,-0.23588470167787495,0.6991341991341992,6,6,0.9737940630797774
temporal_bytimepoint,Keratinocyte_10_days,scaled,20343,Sell,-0.006314444021553099,0.0,,1.0,6,6,1.0
temporal_bytimepoint,Keratinocyte_10_days,scaled,231712,Trafd1,-0.009145904760869485,-0.003951433466562352,-0.030935751273909812,1.0,6,6,1.0
temporal_bytimepoint,Keratinocyte_20_days,scaled,16149,Cd74,0.02235368123159861,-0.2798399520561774,-0.16694502631443078,0.9372294372294373,6,6,1.0
temporal_bytimepoint,Keratinocyte_20_days,scaled,19039,Lgals3bp,-0.0043739911456854574,0.09924112741327483,0.9041082863897525,0.3939393939393939,6,6,0.6313823163138231
temporal_bytimepoint,Keratinocyte_20_days,scaled,229003,Helz2,-0.008570792005017234,0.3275148243522169,1.5418685397482013,0.06493506493506493,6,6,0.14069264069264067
temporal_bytimepoint,Keratinocyte_20_days,scaled,57444,Isg20,-0.004829426229828328,-0.4021545575334731,-5.6518823275965255,0.0021645021645021645,6,6,0.006844506844506844
temporal_bytimepoint,Keratinocyte_20_days,scaled,15945,Cxcl10,-0.002366988906438771,0.0,0.0,1.0,6,6,1.0
temporal_bytimepoint,Keratinocyte_20_days,scaled,67138,Herc6,-0.005476338381857375,0.8053666732856456,3.646144033204757,0.0021645021645021645,6,6,0.006844506844506844
temporal_bytimepoint,Keratinocyte_20_days,scaled,67168,Lpar6,-0.0024642344044495668,0.06889097458410298,1.9730136212038376,0.008658008658008658,6,6,0.024118738404452687
temporal_bytimepoint,Keratinocyte_20_days,scaled,24110,Usp18,0.0028095706115958876,-0.3268634895681341,-3.5507434366130335,0.0021645021645021645,6,6,0.006844506844506844
temporal_bytimepoint,Keratinocyte_20_days,scaled,100038882,Isg15,-0.009095807097917064,1.1279939641039993,2.492072402836946,0.0021645021645021645,6,6,0.006844506844506844
temporal_bytimepoint,Keratinocyte_20_days,scaled,54123,Irf7,0.0020664127570795532,-0.21339378120246755,-3.2033001237689835,0.0021645021645021645,6,6,0.006844506844506844
temporal_bytimepoint,Keratinocyte_20_days,scaled,19124,Procr,-0.003425067570285812,-0.020437380115781528,-0.33322101499773704,1.0,6,6,1.0
temporal_bytimepoint,Keratinocyte_20_days,scaled,20343,Sell,-0.006314444021553099,0.0,,1.0,6,6,1.0
temporal_bytimepoint,Keratinocyte_20_days,scaled,231712,Trafd1,-0.009145904760869485,-0.07282138060053599,-0.5180121777864566,0.6991341991341992,6,6,0.9737940630797774
temporal_bytimepoint,Melanocyte_4_days,scaled,16149,Cd74,0.02235368123159861,-0.07697417686078432,-0.22415472796632202,0.9372294372294373,6,6,1.0
temporal_bytimepoint,Melanocyte_4_days,scaled,19039,Lgals3bp,-0.0043739911456854574,-0.5402268686474092,-5.253961970276403,0.0021645021645021645,6,6,0.006844506844506844
temporal_bytimepoint,Melanocyte_4_days,scaled,229003,Helz2,-0.008570792005017234,-1.2784252509971357,-12.92127092463419,0.0021645021645021645,6,6,0.006844506844506844
temporal_bytimepoint,Melanocyte_4_days,scaled,57444,Isg20,-0.004829426229828328,-0.042118385411436074,-0.7566477080550292,0.17965367965367965,6,6,0.33902387934646
temporal_bytimepoint,Melanocyte_4_days,scaled,15945,Cxcl10,-0.002366988906438771,-0.519954603610133,-11.572616057795047,0.0021645021645021645,6,6,0.006844506844506844
temporal_bytimepoint,Melanocyte_4_days,scaled,67138,Herc6,-0.005476338381857375,-1.053722408763089,-16.904542536074793,0.0021645021645021645,6,6,0.006844506844506844
temporal_bytimepoint,Melanocyte_4_days,scaled,67168,Lpar6,-0.0024642344044495668,0.1405468540217285,3.1045306827643206,0.0021645021645021645,6,6,0.006844506844506844
temporal_bytimepoint,Melanocyte_4_days,scaled,24110,Usp18,0.0028095706115958876,0.7355091676327115,6.257789702513362,0.0021645021645021645,6,6,0.006844506844506844
temporal_bytimepoint,Melanocyte_4_days,scaled,100038882,Isg15,-0.009095807097917064,-3.6173128602254905,-18.357962816488605,0.0021645021645021645,6,6,0.006844506844506844
temporal_bytimepoint,Melanocyte_4_days,scaled,54123,Irf7,0.0020664127570795532,0.40858862338038376,15.974169557296104,0.0021645021645021645,6,6,0.006844506844506844
temporal_bytimepoint,Melanocyte_4_days,scaled,19124,Procr,-0.003425067570285812,0.0032171247309677807,0.08647603548735376,0.3939393939393939,6,6,0.6313823163138231
temporal_bytimepoint,Melanocyte_4_days,scaled,20343,Sell,-0.006314444021553099,0.0,,1.0,6,6,1.0
temporal_bytimepoint,Melanocyte_4_days,scaled,231712,Trafd1,-0.009145904760869485,0.1244196506754355,3.1424976040498547,0.0021645021645021645,6,6,0.006844506844506844
temporal_bytimepoint,Melanocyte_10_days,scaled,16149,Cd74,0.02235368123159861,-1.5370858756111985,-2.210732469252502,0.0021645021645021645,6,6,0.006844506844506844
temporal_bytimepoint,Melanocyte_10_days,scaled,19039,Lgals3bp,-0.0043739911456854574,-0.4287620228469359,-3.960324287671887,0.0021645021645021645,6,6,0.006844506844506844
temporal_bytimepoint,Melanocyte_10_days,scaled,229003,Helz2,-0.008570792005017234,-1.1229730118636398,-9.74491685866406,0.0021645021645021645,6,6,0.006844506844506844
temporal_bytimepoint,Melanocyte_10_days,scaled,57444,Isg20,-0.004829426229828328,0.058884218211618176,0.8786309868235692,0.24025974025974026,6,6,0.43922483766233766
temporal_bytimepoint,Melanocyte_10_days,scaled,15945,Cxcl10,-0.002366988906438771,0.0,0.0,1.0,6,6,1.0
temporal_bytimepoint,Melanocyte_10_days,scaled,67138,Herc6,-0.005476338381857375,-0.8484226261723855,-9.278427680586358,0.0021645021645021645,6,6,0.006844506844506844
temporal_bytimepoint,Melanocyte_10_days,scaled,67168,Lpar6,-0.0024642344044495668,0.15946580953639267,3.471556517538207,0.0021645021645021645,6,6,0.006844506844506844
temporal_bytimepoint,Melanocyte_10_days,scaled,24110,Usp18,0.0028095706115958876,0.5901033308545807,4.660797098664622,0.0021645021645021645,6,6,0.006844506844506844
temporal_bytimepoint,Melanocyte_10_days,scaled,100038882,Isg15,-0.009095807097917064,-2.9319159351287425,-10.496412906431752,0.0021645021645021645,6,6,0.006844506844506844
temporal_bytimepoint,Melanocyte_10_days,scaled,54123,Irf7,0.0020664127570795532,0.38943373363952444,10.616582593094119,0.0021645021645021645,6,6,0.006844506844506844
temporal_bytimepoint,Melanocyte_10_days,scaled,19124,Procr,-0.003425067570285812,-0.0928851946672422,-1.8705958206311968,0.008658008658008658,6,6,0.024118738404452687
temporal_bytimepoint,Melanocyte_10_days,scaled,20343,Sell,-0.006314444021553099,0.0,,1.0,6,6,1.0
temporal_bytimepoint,Melanocyte_10_days,scaled,231712,Trafd1,-0.009145904760869485,0.16546162798183042,3.9746887439722083,0.0021645021645021645,6,6,0.006844506844506844
temporal_bytimepoint,Melanocyte_20_days,scaled,16149,Cd74,0.02235368123159861,-1.2189482692646505,-1.8991365869704668,0.0021645021645021645,6,6,0.006844506844506844
temporal_bytimepoint,Melanocyte_20_days,scaled,19039,Lgals3bp,-0.0043739911456854574,-0.46535794770335165,-4.132110604373038,0.0021645021645021645,6,6,0.006844506844506844
temporal_bytimepoint,Melanocyte_20_days,scaled,229003,Helz2,-0.008570792005017234,-1.1859584951671431,-8.058251283740523,0.0021645021645021645,6,6,0.006844506844506844
temporal_bytimepoint,Melanocyte_20_days,scaled,57444,Isg20,-0.004829426229828328,0.11022114887991297,1.6448736099378192,0.025974025974025976,6,6,0.06465874550980935
temporal_bytimepoint,Melanocyte_20_days,scaled,15945,Cxcl10,-0.002366988906438771,0.0,0.0,1.0,6,6,1.0
temporal_bytimepoint,Melanocyte_20_days,scaled,67138,Herc6,-0.005476338381857375,-1.0051969511292493,-8.471490057289591,0.0021645021645021645,6,6,0.006844506844506844
temporal_bytimepoint,Melanocyte_20_days,scaled,67168,Lpar6,-0.0024642344044495668,0.14607914788407256,2.6642264519766368,0.004329004329004329,6,6,0.012662337662337661
temporal_bytimepoint,Melanocyte_20_days,scaled,24110,Usp18,0.0028095706115958876,0.6507779533466501,4.798034615528525,0.0021645021645021645,6,6,0.006844506844506844
temporal_bytimepoint,Melanocyte_20_days,scaled,100038882,Isg15,-0.009095807097917064,-3.301469309117059,-10.482098289544691,0.0021645021645021645,6,6,0.006844506844506844
temporal_bytimepoint,Melanocyte_20_days,scaled,54123,Irf7,0.0020664127570795532,0.3900040921214707,12.172253169460461,0.0021645021645021645,6,6,0.006844506844506844
temporal_bytimepoint,Melanocyte_20_days,scaled,19124,Procr,-0.003425067570285812,-0.04370343252561226,-1.1201183890177437,0.13203463203463203,6,6,0.27101845522898155
temporal_bytimepoint,Melanocyte_20_days,scaled,20343,Sell,-0.006314444021553099,0.0,,1.0,6,6,1.0
temporal_bytimepoint,Melanocyte_20_days,scaled,231712,Trafd1,-0.009145904760869485,0.07203909224630045,1.126603978801172,0.13203463203463203,6,6,0.27101845522898155
meta_analysis,CICQ,yugene,16149,Cd74,0.08206591958491673,0.08626091298922134,0.12310807347264048,0.5736711645933292,19,91,0.7170889557416615
meta_analysis,CICQ,yugene,57444,Isg20,-0.004251917043861517,-0.0284762659046842,-1.029046150621501,0.0023939997701376906,19,91,0.008161362852742127
meta_analysis,CICQ,yugene,15945,Cxcl10,-0.03882798623871795,0.07690348491545375,0.5847238011757377,0.001271947482039895,19,91,0.004769803057649606
meta_analysis,CICQ,yugene,12977,Csf1,0.015272205474246101,0.21953316118632935,0.7127147040955889,0.0012202194632932822,19,91,0.004769803057649606
meta_analysis,CICQ,yugene,67138,Herc6,-0.017075855529489474,0.061886172704496756,0.3884186849523838,0.3589716273421715,19,91,0.4977144735144172
meta_analysis,CICQ,yugene,12010,B2m,0.0015926928798106065,0.0022833174729432514,0.42481735196032977,5.6568302037476906e-06,19,91,4.242622652810768e-05
meta_analysis,CICQ,yugene,24110,Usp18,0.013773315454481797,-0.10624077504109652,-1.0701869504386796,1.1406922948087562e-05,19,91,7.129326842554726e-05
meta_analysis,CICQ,yugene,100038882,Isg15,-0.03746958491374598,-0.3105122225539476,-0.3183139155409835,0.9118518098537847,19,91,1.0
meta_analysis,CICQ,yugene,16391,Irf9,0.007172617231462227,0.11101351271211253,0.9993853250829228,0.0004466446870498524,19,91,0.001861019529374385
meta_analysis,CICQ,yugene,211329,Ncoa7,-0.03445359256432061,-0.8878510857677187,-1.7904680420470207,2.1344544612633424e-07,19,91,2.668068076579178e-06
meta_analysis,CICQ,yugene,54123,Irf7,0.00022847891263870355,0.0015173910197241378,0.7773484559543774,0.0025226406404024824,19,91,0.008226002088268963
meta_analysis,CICQ,yugene,19124,Procr,-0.01246519275757252,-0.16716091625500873,-0.9037024845929862,0.0063711883966409266,19,91,0.017065683205288194
meta_analysis,CICQ,yugene,20343,Sell,-0.021102350008721366,-6.938893903907228e-18,-1.981734777227449,1.0,19,91,1.0
meta_analysis,CICQ,yugene,231712,Trafd1,-0.01966956946076568,0.15310241956554826,0.5635699366602149,0.14350513754854005,19,91,0.2289975599178831
meta_analysis,CICQ,yugene,66355,Gmpr,0.010833944148369226,0.04266483522518534,0.5277399779561176,0.3002653803007522,19,91,0.42490384004823434
meta_analysis,SSCQ,yugene,16149,Cd74,0.08206591958491673,0.028916401521733914,0.041848741604000615,0.5986653985021821,22,91,0.7360640145518633
meta_analysis,SSCQ,yugene,57444,Isg20,-0.004251917043861517,-0.011947557835605357,-0.5571181922338246,0.03981167561812585,22,91,0.07857567556209048
meta_analysis,SSCQ,yugene,15945,Cxcl10,-0.03882798623871795,0.016107253217836535,0.11673258070463483,0.776570195029753,22,91,0.9100431973004918
meta_analysis,SSCQ,yugene,12977,Csf1,0.015272205474246101,0.052789035427808675,0.19553081660746086,0.5692107035612533,22,91,0.7170889557416615
meta_analysis,SSCQ,yugene,67138,Herc6,-0.017075855529489474,-0.2811258880580671,-1.2842133794699888,3.201843983579711e-05,22,91,0.00018472176828344483
meta_analysis,SSCQ,yugene,12010,B2m,0.0015926928798106065,0.0016482101914519374,0.31587598181465076,0.10509716305072932,22,91,0.1751619384178822
meta_analysis,SSCQ,yugene,24110,Usp18,0.013773315454481797,0.04160018292345914,0.3850486116504593,0.13429961993752687,22,91,0.21896677163727207
meta_analysis,SSCQ,yugene,100038882,Isg15,-0.03746958491374598,-0.6354449690335076,-0.6735211717912122,0.020916549993997405,22,91,0.04357614582082793
meta_analysis,SSCQ,yugene,16391,Irf9,0.007172617231462227,0.10394623249005906,0.9516384054680692,0.0001387011977706558,22,91,0.0006501618645499491
meta_analysis,SSCQ,yugene,211329,Ncoa7,-0.03445359256432061,-0.9459832218142338,-1.9860618785338253,1.3754571016158932e-09,22,91,2.5789820655297997e-08
meta_analysis,SSCQ,yugene,54123,Irf7,0.00022847891263870355,0.002952727018503792,1.58608675024424,9.270948942126802e-08,22,91,1.3906423413190204e-06
meta_analysis,SSCQ,yugene,19124,Procr,-0.01246519275757252,-0.0058150753814920145,-0.0344172041398897,0.5643006109378369,22,91,0.7170889557416615
meta_analysis,SSCQ,yugene,20343,Sell,-0.021102350008721366,-6.938893903907228e-18,-1.9822218694745068,1.0,22,91,1.0
meta_analysis,SSCQ,yugene,231712,Trafd1,-0.01966956946076568,0.0684702823933853,0.23109136821901602,0.9797526752966538,22,91,1.0
meta_analysis,SSCQ,yugene,66355,Gmpr,0.010833944148369226,0.027566771290496853,0.3761421980329061,0.09181707559098942,22,91,0.16014606207730714
meta_analysis,RS,yugene,16149,Cd74,0.08206591958491673,-0.19725154588582453,-0.28351956052175803,0.009422652947193057,11,91,0.021415120334529674
meta_analysis,RS,yugene,57444,Isg20,-0.004251917043861517,0.006415957645929896,0.34659638946389937,0.2483553520037628,11,91,0.3582048346208117
meta_analysis,RS,yugene,15945,Cxcl10,-0.03882798623871795,-0.1909764552051743,-1.1525890674902983,0.00687385325011475,11,91,0.017184633125286876
meta_analysis,RS,yugene,12977,Csf1,0.015272205474246101,-0.13388547505145157,-0.47606440904007236,0.2269337936453727,11,91,0.3337261671255481
meta_analysis,RS,yugene,67138,Herc6,-0.017075855529489474,-0.29689608916065063,-1.659790471812938,0.00011230703508849557,11,91,0.0005615351754424779
meta_analysis,RS,yugene,12010,B2m,0.0015926928798106065,-0.005515580463432274,-0.6884559705281507,0.9655792562761883,11,91,1.0
meta_analysis,RS,yugene,24110,Usp18,0.013773315454481797,0.04536149460522594,0.41903625904570935,0.41844259018817365,11,91,0.5505823555107547
meta_analysis,RS,yugene,100038882,Isg15,-0.03746958491374598,-0.7224239997424615,-0.8129398271339436,0.003970587052570808,11,91,0.011453616497800408
meta_analysis,RS,yugene,16391,Irf9,0.007172617231462227,0.10639245473817004,1.0020202505101066,0.006771541890043297,11,91,0.017184633125286876
meta_analysis,RS,yugene,211329,Ncoa7,-0.03445359256432061,-0.9744840370581325,-1.9962730668191617,4.538817991622535e-06,11,91,3.782348326352112e-05
meta_analysis,RS,yugene,54123,Irf7,0.00022847891263870355,-0.00018998345412115194,-0.12168964051150173,0.9483889033392573,11,91,1.0
meta_analysis,RS,yugene,19124,Procr,-0.01246519275757252,-0.0005818115814948815,-0.0033731851074192383,0.697734435462422,11,91,0.8401589985173112
meta_analysis,RS,yugene,20343,Sell,-0.021102350008721366,0.0,0.0,1.0,11,91,1.0
meta_analysis,RS,yugene,231712,Trafd1,-0.01966956946076568,-0.03808769527715405,-0.16179232771747545,0.7057335587545415,11,91,0.8401589985173112
meta_analysis,RS,yugene,66355,Gmpr,0.010833944148369226,0.011198667611819936,0.14731468731505673,0.8291693941356866,11,91,0.9567339163104076
meta_analysis,SIPS,yugene,16149,Cd74,0.08206591958491673,-0.07980984903812355,-0.1292423788848523,0.16661374498818482,39,91,0.25502103824722167
meta_analysis,SIPS,yugene,57444,Isg20,-0.004251917043861517,0.007233387275696973,0.42272469926629425,0.0034018350041114787,39,91,0.010205505012334437
meta_analysis,SIPS,yugene,15945,Cxcl10,-0.03882798623871795,-0.19475459755298935,-0.736225915704792,0.0028233551301313775,39,91,0.008822984781660555
meta_analysis,SIPS,yugene,12977,Csf1,0.015272205474246101,0.06855650699829796,0.2659282977118301,0.21889626983024035,39,91,0.32834440474536053
meta_analysis,SIPS,yugene,67138,Herc6,-0.017075855529489474,-0.14829518150673754,-0.7247160599239042,0.001445120250158834,39,91,0.005161143750567264
meta_analysis,SIPS,yugene,12010,B2m,0.0015926928798106065,0.0011912748327714898,0.24381022599397015,0.15934319705288325,39,91,0.24897374539513006
meta_analysis,SIPS,yugene,24110,Usp18,0.013773315454481797,0.025297623399317865,0.2593771755749584,0.04423498741116641,39,91,0.08294060139593702
meta_analysis,SIPS,yugene,100038882,Isg15,-0.03746958491374598,-0.4090410161494594,-0.48090200374259423,0.0002492758982519346,39,91,0.0010997466099350057
meta_analysis,SIPS,yugene,16391,Irf9,0.007172617231462227,0.06340663059113852,0.5924056345542633,0.004232511076232687,39,91,0.011756975211757463
meta_analysis,SIPS,yugene,211329,Ncoa7,-0.03445359256432061,-0.4178768840564712,-0.888350638055641,8.171793227924641e-06,39,91,5.57167720085771e-05
meta_analysis,SIPS,yugene,54123,Irf7,0.00022847891263870355,0.0009724270397634316,0.623404518081032,6.659017499532042e-05,39,91,0.0003567330803320737
meta_analysis,SIPS,yugene,19124,Procr,-0.01246519275757252,-0.003585393041896992,-0.02173508179842601,1.0,39,91,1.0
meta_analysis,SIPS,yugene,20343,Sell,-0.021102350008721366,-6.938893903907228e-18,-1.9845557534273355,1.0,39,91,1.0
meta_analysis,SIPS,yugene,231712,Trafd1,-0.01966956946076568,0.09031665303202692,0.3960200463405951,0.008001804868099226,39,91,0.01929490896771764
meta_analysis,SIPS,yugene,66355,Gmpr,0.010833944148369226,-0.027820140861127256,-0.42311601920176845,0.017664862186666547,39,91,0.03785327611428546
meta_analysis,OIS,yugene,16149,Cd74,0.08206591958491673,-0.14178951847520754,-0.23607875406607312,0.012542830148915213,48,91,0.027668007681430615
meta_analysis,OIS,yugene,57444,Isg20,-0.004251917043861517,-0.0447356976728623,-0.8393952032189204,1.5202073957983236e-06,48,91,1.6287936383553468e-05
meta_analysis,OIS,yugene,15945,Cxcl10,-0.03882798623871795,-0.3941038147065083,-1.0701764912484308,4.591509212177652e-10,48,91,1.147877303044413e-08
meta_analysis,OIS,yugene,12977,Csf1,0.015272205474246101,-0.49844199134639944,-1.8594879629526928,3.558880578705575e-15,48,91,1.3345802170145907e-13
meta_analysis,OIS,yugene,67138,Herc6,-0.017075855529489474,-0.10668624213387386,-0.3995128772335089,0.06125968495298908,48,91,0.11206039930424831
meta_analysis,OIS,yugene,12010,B2m,0.0015926928798106065,0.00032236823831142795,0.06741689966477264,0.0813107343441102,48,91,0.14519773990019677
meta_analysis,OIS,yugene,24110,Usp18,0.013773315454481797,0.11659786853907919,0.6958532800585894,0.00823249449289286,48,91,0.01929490896771764
meta_analysis,OIS,yugene,100038882,Isg15,-0.03746958491374598,-0.2131489541039997,-0.23490486018273335,0.03366221475463258,48,91,0.06823421909722821
meta_analysis,OIS,yugene,16391,Irf9,0.007172617231462227,0.0017016288552453018,0.013616605545127064,0.36499061391057264,48,91,0.4977144735144172
meta_analysis,OIS,yugene,211329,Ncoa7,-0.03445359256432061,-0.4092743438950783,-0.8651039461840316,2.5178960065196265e-06,48,91,2.36052750611215e-05
meta_analysis,OIS,yugene,54123,Irf7,0.00022847891263870355,0.0013553326186272004,0.4998445260925651,0.04135745734686749,48,91,0.07953357182089903
meta_analysis,OIS,yugene,19124,Procr,-0.01246519275757252,-0.356826347814442,-2.215710200938964,4.2579512270898826e-17,48,91,3.1934634203174118e-15
meta_analysis,OIS,yugene,20343,Sell,-0.021102350008721366,-3.469446951953614e-18,-1.2269859434787773,1.0,48,91,1.0
meta_analysis,OIS,yugene,231712,Trafd1,-0.01966956946076568,0.04233212695826745,0.19212574757648543,0.0962335159364156,48,91,0.16403440216434478
meta_analysis,OIS,yugene,66355,Gmpr,0.010833944148369226,0.022103353339992127,0.2567976486755172,0.39873692556368834,48,91,0.534022668165654
temporal_pooled,Fibroblast,yugene,16149,Cd74,0.08206591958491673,8.673617379884035e-19,1.1055415967851332,1.0,18,6,1.0
temporal_pooled,Fibroblast,yugene,57444,Isg20,-0.004251917043861517,0.0,,1.0,18,6,1.0
temporal_pooled,Fibroblast,yugene,15945,Cxcl10,-0.03882798623871795,-0.08973002543858737,-0.7509168668752775,0.015585846730837315,18,6,0.036913847520404164
temporal_pooled,Fibroblast,yugene,12977,Csf1,0.015272205474246101,-0.2443597687343225,-1.8914023574620877,0.003373057148800856,18,6,0.010119171446402567
temporal_pooled,Fibroblast,yugene,67138,Herc6,-0.017075855529489474,-0.08489974866099423,-0.4085589414095411,0.3781241641653541,18,6,0.5488899157239011
temporal_pooled,Fibroblast,yugene,12010,B2m,0.0015926928798106065,-0.0002939354015349839,-0.6750425266483452,0.2240631222324586,18,6,0.4033136200184255
temporal_pooled,Fibroblast,yugene,24110,Usp18,0.013773315454481797,0.028571203888981246,0.4555822254704466,0.3781241641653541,18,6,0.5488899157239011
temporal_pooled,Fibroblast,yugene,100038882,Isg15,-0.03746958491374598,-0.47942042564915366,-0.732544524499331,0.2508692680317394,18,6,0.4341968100549336
temporal_pooled,Fibroblast,yugene,16391,Irf9,0.007172617231462227,0.04274002351647117,1.1053728510066971,0.02729650212487741,18,6,0.061417129780974175
temporal_pooled,Fibroblast,yugene,211329,Ncoa7,-0.03445359256432061,-0.3669565049158076,-1.6978767371179722,0.003373057148800856,18,6,0.010119171446402567
temporal_pooled,Fibroblast,yugene,54123,Irf7,0.00022847891263870355,0.0013928110114571025,1.3097683485507488,0.014799845463461024,18,6,0.036913847520404164
temporal_pooled,Fibroblast,yugene,19124,Procr,-0.01246519275757252,0.01288624482554651,0.2247315321415207,0.3781241641653541,18,6,0.5488899157239011
temporal_pooled,Fibroblast,yugene,20343,Sell,-0.021102350008721366,-3.469446951953614e-18,-1.1055415967851332,1.0,18,6,1.0
temporal_pooled,Fibroblast,yugene,231712,Trafd1,-0.01966956946076568,0.08554634898877338,0.9994579738204235,0.06576718476031977,18,6,0.14092968162925665
temporal_pooled,Fibroblast,yugene,66355,Gmpr,0.010833944148369226,-0.053857753626143264,-2.2832350471121576,5.9437130375345475e-05,18,6,0.0002971856518767274
temporal_pooled,Keratinocyte,yugene,16149,Cd74,0.08206591958491673,-0.031903285837680775,-0.019318705689540246,0.6260810128087017,18,6,0.8537468356482295
temporal_pooled,Keratinocyte,yugene,57444,Isg20,-0.004251917043861517,-0.07898607731566397,-1.8172344697451517,0.003373057148800856,18,6,0.010119171446402567
temporal_pooled,Keratinocyte,yugene,15945,Cxcl10,-0.03882798623871795,-0.007819197140469088,-0.06073934487458654,0.6729174715444739,18,6,0.8906260652794508
temporal_pooled,Keratinocyte,yugene,12977,Csf1,0.015272205474246101,0.13983419546941758,0.6300133822972004,0.08952717762786412,18,6,0.17516186927190808
temporal_pooled,Keratinocyte,yugene,67138,Herc6,-0.017075855529489474,0.29787783312803007,0.6364807730442464,0.27959226128562514,18,6,0.4659871021427086
temporal_pooled,Keratinocyte,yugene,12010,B2m,0.0015926928798106065,0.0012434136078968412,0.4909806603659367,0.9741002704389433,18,6,1.0
temporal_pooled,Keratinocyte,yugene,24110,Usp18,0.013773315454481797,-0.03642191356019295,-0.34837544432348644,0.6260810128087017,18,6,0.8537468356482295
temporal_pooled,Keratinocyte,yugene,100038882,Isg15,-0.03746958491374598,0.5423575244745958,0.49497798763727924,0.3781241641653541,18,6,0.5488899157239011
temporal_pooled,Keratinocyte,yugene,16391,Irf9,0.007172617231462227,-0.0258273203779915,-0.35398984969780956,0.9225385598383311,18,6,1.0
temporal_pooled,Keratinocyte,yugene,211329,Ncoa7,-0.03445359256432061,0.579454965959319,2.8473935667552825,5.9437130375345475e-05,18,6,0.0002971856518767274
temporal_pooled,Keratinocyte,yugene,54123,Irf7,0.00022847891263870355,-0.00423469343236585,-1.596948689633506,0.005765401646408511,18,6,0.016215192130523935
temporal_pooled,Keratinocyte,yugene,19124,Procr,-0.01246519275757252,-0.0019504842829316422,-0.019980360146388543,0.9741002704389433,18,6,1.0
temporal_pooled,Keratinocyte,yugene,20343,Sell,-0.021102350008721366,-3.469446951953614e-18,-1.1055415967851332,1.0,18,6,1.0
temporal_pooled,Keratinocyte,yugene,231712,Trafd1,-0.01966956946076568,-0.03888412576915424,-0.33801903753971163,0.8711700199114387,18,6,1.0
temporal_pooled,Keratinocyte,yugene,66355,Gmpr,0.010833944148369226,-8.673617379884035e-19,-1.1055415967851332,1.0,18,6,1.0
temporal_pooled,Melanocyte,yugene,16149,Cd74,0.08206591958491673,-0.18803282597705798,-0.7905803215974446,0.07692650598829089,18,6,0.15734967133968591
temporal_pooled,Melanocyte,yugene,57444,Isg20,-0.004251917043861517,-0.0018876101548473626,-0.18856269800143086,0.9225385598383311,18,6,1.0
temporal_pooled,Melanocyte,yugene,15945,Cxcl10,-0.03882798623871795,-0.058739791466278043,-0.9484945305409351,0.0006534116989027124,18,6,0.002940352645062206
temporal_pooled,Melanocyte,yugene,12977,Csf1,0.015272205474246101,0.49518831740216823,5.092994313016595,1.4859282593836369e-05,18,6,9.552395953180523e-05
temporal_pooled,Melanocyte,yugene,67138,Herc6,-0.017075855529489474,-1.3133139511485408,-10.926940620138,1.4859282593836369e-05,18,6,9.552395953180523e-05
temporal_pooled,Melanocyte,yugene,12010,B2m,0.0015926928798106065,0.0010335039038956728,5.342419963288698,1.4859282593836369e-05,18,6,9.552395953180523e-05
temporal_pooled,Melanocyte,yugene,24110,Usp18,0.013773315454481797,0.8565634389334963,4.662123276517343,1.4859282593836369e-05,18,6,9.552395953180523e-05
temporal_pooled,Melanocyte,yugene,100038882,Isg15,-0.03746958491374598,-3.7883345332656995,-9.961896199873232,1.4859282593836369e-05,18,6,9.552395953180523e-05
temporal_pooled,Melanocyte,yugene,16391,Irf9,0.007172617231462227,0.35558471186844903,17.705197986799426,1.4859282593836369e-05,18,6,9.552395953180523e-05
temporal_pooled,Melanocyte,yugene,211329,Ncoa7,-0.03445359256432061,0.2484267146024551,1.703218681405278,0.0025112187583583466,18,6,0.009417070343843799
temporal_pooled,Melanocyte,yugene,54123,Irf7,0.00022847891263870355,0.013440962471268693,9.458083321375925,1.4859282593836369e-05,18,6,9.552395953180523e-05
temporal_pooled,Melanocyte,yugene,19124,Procr,-0.01246519275757252,-0.03821446883975851,-1.396314778165332,0.0018574103242295463,18,6,0.007598496780939054
temporal_pooled,Melanocyte,yugene,20343,Sell,-0.021102350008721366,-3.469446951953614e-18,-1.1055415967851332,1.0,18,6,1.0
temporal_pooled,Melanocyte,yugene,231712,Trafd1,-0.01966956946076568,0.08073825215316482,1.2897796168742675,0.014799845463461024,18,6,0.036913847520404164
temporal_pooled,Melanocyte,yugene,66355,Gmpr,0.010833944148369226,-0.007633206585608029,-0.29924370354291296,0.15563612588784212,18,6,0.29181773603970396
temporal_bytimepoint,Fibroblast_4_days,yugene,16149,Cd74,0.08206591958491673,0.0,,1.0,6,6,1.0
temporal_bytimepoint,Fibroblast_4_days,yugene,57444,Isg20,-0.004251917043861517,0.0,,1.0,6,6,1.0
temporal_bytimepoint,Fibroblast_4_days,yugene,15945,Cxcl10,-0.03882798623871795,0.0,,1.0,6,6,1.0
temporal_bytimepoint,Fibroblast_4_days,yugene,12977,Csf1,0.015272205474246101,-0.19845180026155537,-1.7793207223874492,0.015151515151515152,6,6,0.0371900826446281
temporal_bytimepoint,Fibroblast_4_days,yugene,67138,Herc6,-0.017075855529489474,-0.010585497327698208,-0.061448131694952016,0.8181818181818182,6,6,1.0
temporal_bytimepoint,Fibroblast_4_days,yugene,12010,B2m,0.0015926928798106065,5.7726166457215995e-05,0.16398387313377033,0.9372294372294373,6,6,1.0
temporal_bytimepoint,Fibroblast_4_days,yugene,24110,Usp18,0.013773315454481797,0.02481386153732166,0.5806458045706402,0.3939393939393939,6,6,0.6183932346723044
temporal_bytimepoint,Fibroblast_4_days,yugene,100038882,Isg15,-0.03746958491374598,-0.5399078211818684,-0.7800265560029658,0.3939393939393939,6,6,0.6183932346723044
temporal_bytimepoint,Fibroblast_4_days,yugene,16391,Irf9,0.007172617231462227,0.047475532633606585,1.3499500262352817,0.09307359307359307,6,6,0.19037780401416765
temporal_bytimepoint,Fibroblast_4_days,yugene,211329,Ncoa7,-0.03445359256432061,-0.1401980546820984,-0.7763041711687378,0.24025974025974026,6,6,0.4054383116883117
temporal_bytimepoint,Fibroblast_4_days,yugene,54123,Irf7,0.00022847891263870355,0.0015383677253186533,1.2686388711002652,0.17965367965367965,6,6,0.3233766233766234
temporal_bytimepoint,Fibroblast_4_days,yugene,19124,Procr,-0.01246519275757252,0.06214857980200403,1.6872929160463022,0.004329004329004329,6,6,0.012987012987012986
temporal_bytimepoint,Fibroblast_4_days,yugene,20343,Sell,-0.021102350008721366,0.0,,1.0,6,6,1.0
temporal_bytimepoint,Fibroblast_4_days,yugene,231712,Trafd1,-0.01966956946076568,-0.010786960239482538,-0.22179147720717682,0.5887445887445888,6,6,0.8734123019837307
temporal_bytimepoint,Fibroblast_4_days,yugene,66355,Gmpr,0.010833944148369226,-0.03307997636692785,-2.2883275183491385,0.008658008658008658,6,6,0.022477522477522476
temporal_bytimepoint,Fibroblast_10_days,yugene,16149,Cd74,0.08206591958491673,0.0,,1.0,6,6,1.0
temporal_bytimepoint,Fibroblast_10_days,yugene,57444,Isg20,-0.004251917043861517,0.0,,1.0,6,6,1.0
temporal_bytimepoint,Fibroblast_10_days,yugene,15945,Cxcl10,-0.03882798623871795,0.0,,1.0,6,6,1.0
temporal_bytimepoint,Fibroblast_10_days,yugene,12977,Csf1,0.015272205474246101,-0.2287034193849887,-1.3113056130922096,0.17965367965367965,6,6,0.3233766233766234
temporal_bytimepoint,Fibroblast_10_days,yugene,67138,Herc6,-0.017075855529489474,0.06065051781144268,0.35939903344569885,0.6991341991341992,6,6,0.9831574675324676
temporal_bytimepoint,Fibroblast_10_days,yugene,12010,B2m,0.0015926928798106065,-0.00025227766529929116,-0.5015920131621103,0.30952380952380953,6,6,0.509581881533101
temporal_bytimepoint,Fibroblast_10_days,yugene,24110,Usp18,0.013773315454481797,-0.021000693477045786,-0.49723873160126403,0.8181818181818182,6,6,1.0
temporal_bytimepoint,Fibroblast_10_days,yugene,100038882,Isg15,-0.03746958491374598,0.040272934241408,0.0571005073371867,0.9372294372294373,6,6,1.0
temporal_bytimepoint,Fibroblast_10_days,yugene,16391,Irf9,0.007172617231462227,0.014485626380871962,0.4157470131271551,0.5887445887445888,6,6,0.8734123019837307
temporal_bytimepoint,Fibroblast_10_days,yugene,211329,Ncoa7,-0.03445359256432061,-0.5364602349733051,-3.791491786652655,0.0021645021645021645,6,6,0.007897507897507898
temporal_bytimepoint,Fibroblast_10_days,yugene,54123,Irf7,0.00022847891263870355,0.0007141586639778459,0.8555786808792468,0.17965367965367965,6,6,0.3233766233766234
temporal_bytimepoint,Fibroblast_10_days,yugene,19124,Procr,-0.01246519275757252,0.029208185979831824,0.8534057052203569,0.24025974025974026,6,6,0.4054383116883117
temporal_bytimepoint,Fibroblast_10_days,yugene,20343,Sell,-0.021102350008721366,0.0,,1.0,6,6,1.0
temporal_bytimepoint,Fibroblast_10_days,yugene,231712,Trafd1,-0.01966956946076568,0.09953432599972895,1.293807938030784,0.06493506493506493,6,6,0.1437087502661273
temporal_bytimepoint,Fibroblast_10_days,yugene,66355,Gmpr,0.010833944148369226,-0.048354923721950306,-2.65464928390907,0.004329004329004329,6,6,0.012987012987012986
temporal_bytimepoint,Fibroblast_20_days,yugene,16149,Cd74,0.08206591958491673,0.0,,1.0,6,6,1.0
temporal_bytimepoint,Fibroblast_20_days,yugene,57444,Isg20,-0.004251917043861517,0.0,,1.0,6,6,1.0
temporal_bytimepoint,Fibroblast_20_days,yugene,15945,Cxcl10,-0.03882798623871795,-0.10762243841640062,-1.5785257556166998,0.004771821713797114,6,6,0.014004259377448054
temporal_bytimepoint,Fibroblast_20_days,yugene,12977,Csf1,0.015272205474246101,-0.2787646012377662,-2.6248848298077503,0.0021645021645021645,6,6,0.007897507897507898
temporal_bytimepoint,Fibroblast_20_days,yugene,67138,Herc6,-0.017075855529489474,-0.3387420142393666,-2.121672155442606,0.004329004329004329,6,6,0.012987012987012986
temporal_bytimepoint,Fibroblast_20_days,yugene,12010,B2m,0.0015926928798106065,-0.0005041082082640416,-1.30771440599888,0.09307359307359307,6,6,0.19037780401416765
temporal_bytimepoint,Fibroblast_20_days,yugene,24110,Usp18,0.013773315454481797,0.10182365891130456,1.7466115559040458,0.015151515151515152,6,6,0.0371900826446281
temporal_bytimepoint,Fibroblast_20_days,yugene,100038882,Isg15,-0.03746958491374598,-1.0062638030612119,-1.5747025851376506,0.025974025974025976,6,6,0.06151742993848257
temporal_bytimepoint,Fibroblast_20_days,yugene,16391,Irf9,0.007172617231462227,0.08077396474693171,2.532921588870359,0.0021645021645021645,6,6,0.007897507897507898
temporal_bytimepoint,Fibroblast_20_days,yugene,211329,Ncoa7,-0.03445359256432061,-0.49830064313107136,-3.7884676685881082,0.0021645021645021645,6,6,0.007897507897507898
temporal_bytimepoint,Fibroblast_20_days,yugene,54123,Irf7,0.00022847891263870355,0.0022696862634387213,2.967102675263111,0.0021645021645021645,6,6,0.007897507897507898
temporal_bytimepoint,Fibroblast_20_days,yugene,19124,Procr,-0.01246519275757252,-0.07793438395889618,-2.3770309215282204,0.008658008658008658,6,6,0.022477522477522476
temporal_bytimepoint,Fibroblast_20_days,yugene,20343,Sell,-0.021102350008721366,0.0,,1.0,6,6,1.0
temporal_bytimepoint,Fibroblast_20_days,yugene,231712,Trafd1,-0.01966956946076568,0.12375176188248499,2.548674325252161,0.004329004329004329,6,6,0.012987012987012986
temporal_bytimepoint,Fibroblast_20_days,yugene,66355,Gmpr,0.010833944148369226,-0.06661324577527168,-3.560450816788492,0.0021645021645021645,6,6,0.007897507897507898
temporal_bytimepoint,Keratinocyte_4_days,yugene,16149,Cd74,0.08206591958491673,0.5578701487411326,0.28544311557960794,0.30952380952380953,6,6,0.509581881533101
temporal_bytimepoint,Keratinocyte_4_days,yugene,57444,Isg20,-0.004251917043861517,-0.017288717046586542,-0.81946419091189,0.3939393939393939,6,6,0.6183932346723044
temporal_bytimepoint,Keratinocyte_4_days,yugene,15945,Cxcl10,-0.03882798623871795,-0.0047499852643905355,-0.04298367985261953,0.6991341991341992,6,6,0.9831574675324676
temporal_bytimepoint,Keratinocyte_4_days,yugene,12977,Csf1,0.015272205474246101,0.12525795590490557,0.49760298083377635,0.17965367965367965,6,6,0.3233766233766234
temporal_bytimepoint,Keratinocyte_4_days,yugene,67138,Herc6,-0.017075855529489474,-0.22950768765255145,-1.0244824347926336,0.17965367965367965,6,6,0.3233766233766234
temporal_bytimepoint,Keratinocyte_4_days,yugene,12010,B2m,0.0015926928798106065,0.002029953781389614,0.5867987985176242,0.9372294372294373,6,6,1.0
temporal_bytimepoint,Keratinocyte_4_days,yugene,24110,Usp18,0.013773315454481797,0.06841336551111919,0.834890093703628,0.06493506493506493,6,6,0.1437087502661273
temporal_bytimepoint,Keratinocyte_4_days,yugene,100038882,Isg15,-0.03746958491374598,-0.6297326989138076,-1.1808116054646853,0.17965367965367965,6,6,0.3233766233766234
temporal_bytimepoint,Keratinocyte_4_days,yugene,16391,Irf9,0.007172617231462227,0.010105505630197418,0.3052011480097795,0.9372294372294373,6,6,1.0
temporal_bytimepoint,Keratinocyte_4_days,yugene,211329,Ncoa7,-0.03445359256432061,0.36413771645479615,2.1334233223569337,0.008658008658008658,6,6,0.022477522477522476
temporal_bytimepoint,Keratinocyte_4_days,yugene,54123,Irf7,0.00022847891263870355,-0.0014853412876331472,-0.6852057855182213,0.5887445887445888,6,6,0.8734123019837307
temporal_bytimepoint,Keratinocyte_4_days,yugene,19124,Procr,-0.01246519275757252,0.036316682734976825,0.29523218307880994,0.6991341991341992,6,6,0.9831574675324676
temporal_bytimepoint,Keratinocyte_4_days,yugene,20343,Sell,-0.021102350008721366,0.0,,1.0,6,6,1.0
temporal_bytimepoint,Keratinocyte_4_days,yugene,231712,Trafd1,-0.01966956946076568,-0.015502484427366884,-0.10212511770183554,1.0,6,6,1.0
temporal_bytimepoint,Keratinocyte_4_days,yugene,66355,Gmpr,0.010833944148369226,0.0,,1.0,6,6,1.0
temporal_bytimepoint,Keratinocyte_10_days,yugene,16149,Cd74,0.08206591958491673,0.12558583181491112,0.06643486704622976,0.8181818181818182,6,6,1.0
temporal_bytimepoint,Keratinocyte_10_days,yugene,57444,Isg20,-0.004251917043861517,-0.11609689780723151,-7.7251323892644495,0.0021645021645021645,6,6,0.007897507897507898
temporal_bytimepoint,Keratinocyte_10_days,yugene,15945,Cxcl10,-0.03882798623871795,-0.11760511523857545,-0.8273113948044505,0.17965367965367965,6,6,0.3233766233766234
temporal_bytimepoint,Keratinocyte_10_days,yugene,12977,Csf1,0.015272205474246101,0.1484518919837316,0.6247391055882502,0.24025974025974026,6,6,0.4054383116883117
temporal_bytimepoint,Keratinocyte_10_days,yugene,67138,Herc6,-0.017075855529489474,0.21355085645276842,0.8459807539973843,0.24025974025974026,6,6,0.4054383116883117
temporal_bytimepoint,Keratinocyte_10_days,yugene,12010,B2m,0.0015926928798106065,0.0016631417373288474,0.5038830673946563,1.0,6,6,1.0
temporal_bytimepoint,Keratinocyte_10_days,yugene,24110,Usp18,0.013773315454481797,-0.02584157676254795,-0.3454697663296909,0.8181818181818182,6,6,1.0
temporal_bytimepoint,Keratinocyte_10_days,yugene,100038882,Isg15,-0.03746958491374598,0.2994366761941926,0.5130711243852476,0.48484848484848486,6,6,0.743801652892562
temporal_bytimepoint,Keratinocyte_10_days,yugene,16391,Irf9,0.007172617231462227,0.022449126892814215,1.1834280224506628,0.06493506493506493,6,6,0.1437087502661273
temporal_bytimepoint,Keratinocyte_10_days,yugene,211329,Ncoa7,-0.03445359256432061,0.7347246934075489,6.587212393357346,0.0021645021645021645,6,6,0.007897507897507898
temporal_bytimepoint,Keratinocyte_10_days,yugene,54123,Irf7,0.00022847891263870355,-0.004484434475019871,-4.428856695473206,0.0021645021645021645,6,6,0.007897507897507898
temporal_bytimepoint,Keratinocyte_10_days,yugene,19124,Procr,-0.01246519275757252,-0.020004689353011383,-0.16611713505036962,0.8181818181818182,6,6,1.0
temporal_bytimepoint,Keratinocyte_10_days,yugene,20343,Sell,-0.021102350008721366,0.0,,1.0,6,6,1.0
temporal_bytimepoint,Keratinocyte_10_days,yugene,231712,Trafd1,-0.01966956946076568,-0.013923546346703194,-0.09934500790574288,1.0,6,6,1.0
temporal_bytimepoint,Keratinocyte_10_days,yugene,66355,Gmpr,0.010833944148369226,0.0,,1.0,6,6,1.0
temporal_bytimepoint,Keratinocyte_20_days,yugene,16149,Cd74,0.08206591958491673,-0.7777508990165098,-0.4821841443164354,0.9372294372294373,6,6,1.0
temporal_bytimepoint,Keratinocyte_20_days,yugene,57444,Isg20,-0.004251917043861517,-0.10284038957046278,-6.428465062461784,0.0021645021645021645,6,6,0.007897507897507898
temporal_bytimepoint,Keratinocyte_20_days,yugene,15945,Cxcl10,-0.03882798623871795,0.0,,1.0,6,6,1.0
temporal_bytimepoint,Keratinocyte_20_days,yugene,12977,Csf1,0.015272205474246101,0.1485051377836511,0.6391528482118038,0.17965367965367965,6,6,0.3233766233766234
temporal_bytimepoint,Keratinocyte_20_days,yugene,67138,Herc6,-0.017075855529489474,0.9087575535952642,3.722570773241646,0.0021645021645021645,6,6,0.007897507897507898
temporal_bytimepoint,Keratinocyte_20_days,yugene,12010,B2m,0.0015926928798106065,2.6219736572396813e-05,0.00810085975415956,1.0,6,6,1.0
temporal_bytimepoint,Keratinocyte_20_days,yugene,24110,Usp18,0.013773315454481797,-0.15555264142133318,-2.3838267501187462,0.0021645021645021645,6,6,0.007897507897507898
temporal_bytimepoint,Keratinocyte_20_days,yugene,100038882,Isg15,-0.03746958491374598,1.9533257085928133,2.742022313848159,0.0021645021645021645,6,6,0.007897507897507898
temporal_bytimepoint,Keratinocyte_20_days,yugene,16391,Irf9,0.007172617231462227,-0.11010262250740291,-1.7311787052979322,0.015151515151515152,6,6,0.0371900826446281
temporal_bytimepoint,Keratinocyte_20_days,yugene,211329,Ncoa7,-0.03445359256432061,0.6407814483409735,4.2084833816200735,0.0021645021645021645,6,6,0.007897507897507898
temporal_bytimepoint,Keratinocyte_20_days,yugene,54123,Irf7,0.00022847891263870355,-0.006750856269939391,-4.194994228551999,0.0021645021645021645,6,6,0.007897507897507898
temporal_bytimepoint,Keratinocyte_20_days,yugene,19124,Procr,-0.01246519275757252,-0.021732146016871564,-0.20620521862481864,1.0,6,6,1.0
temporal_bytimepoint,Keratinocyte_20_days,yugene,20343,Sell,-0.021102350008721366,0.0,,1.0,6,6,1.0
temporal_bytimepoint,Keratinocyte_20_days,yugene,231712,Trafd1,-0.01966956946076568,-0.0843345454760371,-0.5481460459292078,0.6991341991341992,6,6,0.9831574675324676
temporal_bytimepoint,Keratinocyte_20_days,yugene,66355,Gmpr,0.010833944148369226,0.0,,1.0,6,6,1.0
temporal_bytimepoint,Melanocyte_4_days,yugene,16149,Cd74,0.08206591958491673,0.0756735897834741,0.7525204722919956,0.3939393939393939,6,6,0.6183932346723044
temporal_bytimepoint,Melanocyte_4_days,yugene,57444,Isg20,-0.004251917043861517,-0.011089857912659437,-1.3854868643326501,0.06493506493506493,6,6,0.1437087502661273
temporal_bytimepoint,Melanocyte_4_days,yugene,15945,Cxcl10,-0.03882798623871795,-0.13409802416031216,-4.3593352074681455,0.00277843011009903,6,6,0.009870738549036027
temporal_bytimepoint,Melanocyte_4_days,yugene,12977,Csf1,0.015272205474246101,0.6194338862784453,12.40699482292658,0.0021645021645021645,6,6,0.007897507897507898
temporal_bytimepoint,Melanocyte_4_days,yugene,67138,Herc6,-0.017075855529489474,-1.4085924363158593,-22.701685130132223,0.0021645021645021645,6,6,0.007897507897507898
temporal_bytimepoint,Melanocyte_4_days,yugene,12010,B2m,0.0015926928798106065,0.0011842920156716942,5.431134536701795,0.0021645021645021645,6,6,0.007897507897507898
temporal_bytimepoint,Melanocyte_4_days,yugene,24110,Usp18,0.013773315454481797,1.0475464755854496,31.626680896778254,0.0021645021645021645,6,6,0.007897507897507898
temporal_bytimepoint,Melanocyte_4_days,yugene,100038882,Isg15,-0.03746958491374598,-4.155005020079537,-85.17359399948036,0.0021645021645021645,6,6,0.007897507897507898
temporal_bytimepoint,Melanocyte_4_days,yugene,16391,Irf9,0.007172617231462227,0.3533640644774772,17.077023670100242,0.0021645021645021645,6,6,0.007897507897507898
temporal_bytimepoint,Melanocyte_4_days,yugene,211329,Ncoa7,-0.03445359256432061,0.39677899702791003,2.8657701391386317,0.0021645021645021645,6,6,0.007897507897507898
temporal_bytimepoint,Melanocyte_4_days,yugene,54123,Irf7,0.00022847891263870355,0.014188666518860632,23.70310036259171,0.0021645021645021645,6,6,0.007897507897507898
temporal_bytimepoint,Melanocyte_4_days,yugene,19124,Procr,-0.01246519275757252,-0.014998602621900281,-0.899960867624774,0.24025974025974026,6,6,0.4054383116883117
temporal_bytimepoint,Melanocyte_4_days,yugene,20343,Sell,-0.021102350008721366,0.0,,1.0,6,6,1.0
temporal_bytimepoint,Melanocyte_4_days,yugene,231712,Trafd1,-0.01966956946076568,0.08974614047263166,1.8478578415356701,0.025974025974025976,6,6,0.06151742993848257
temporal_bytimepoint,Melanocyte_4_days,yugene,66355,Gmpr,0.010833944148369226,-0.012191179624120634,-1.3159608093115316,0.09307359307359307,6,6,0.19037780401416765
temporal_bytimepoint,Melanocyte_10_days,yugene,16149,Cd74,0.08206591958491673,-0.3607926447127099,-1.946761779632799,0.004329004329004329,6,6,0.012987012987012986
temporal_bytimepoint,Melanocyte_10_days,yugene,57444,Isg20,-0.004251917043861517,0.0011944143487783642,0.1285583138445312,0.8181818181818182,6,6,1.0
temporal_bytimepoint,Melanocyte_10_days,yugene,15945,Cxcl10,-0.03882798623871795,0.0,,1.0,6,6,1.0
temporal_bytimepoint,Melanocyte_10_days,yugene,12977,Csf1,0.015272205474246101,0.38711862346179,6.8076214968796895,0.0021645021645021645,6,6,0.007897507897507898
temporal_bytimepoint,Melanocyte_10_days,yugene,67138,Herc6,-0.017075855529489474,-1.1919050411327914,-11.124357388077788,0.0021645021645021645,6,6,0.007897507897507898
temporal_bytimepoint,Melanocyte_10_days,yugene,12010,B2m,0.0015926928798106065,0.0009508064267987525,4.1673194994695795,0.0021645021645021645,6,6,0.007897507897507898
temporal_bytimepoint,Melanocyte_10_days,yugene,24110,Usp18,0.013773315454481797,0.6861923157620159,5.758544846340318,0.0021645021645021645,6,6,0.007897507897507898
temporal_bytimepoint,Melanocyte_10_days,yugene,100038882,Isg15,-0.03746958491374598,-3.391570753042082,-10.528682474810138,0.0021645021645021645,6,6,0.007897507897507898
temporal_bytimepoint,Melanocyte_10_days,yugene,16391,Irf9,0.007172617231462227,0.3556266239693515,14.711307775602114,0.0021645021645021645,6,6,0.007897507897507898
temporal_bytimepoint,Melanocyte_10_days,yugene,211329,Ncoa7,-0.03445359256432061,0.2508264165673118,1.8424466558315729,0.008658008658008658,6,6,0.022477522477522476
temporal_bytimepoint,Melanocyte_10_days,yugene,54123,Irf7,0.00022847891263870355,0.013047540994694025,7.945755422087006,0.0021645021645021645,6,6,0.007897507897507898
temporal_bytimepoint,Melanocyte_10_days,yugene,19124,Procr,-0.01246519275757252,-0.05969867667572936,-2.007186847034883,0.004329004329004329,6,6,0.012987012987012986
temporal_bytimepoint,Melanocyte_10_days,yugene,20343,Sell,-0.021102350008721366,0.0,,1.0,6,6,1.0
temporal_bytimepoint,Melanocyte_10_days,yugene,231712,Trafd1,-0.01966956946076568,0.1328332987458546,2.231971582759852,0.008658008658008658,6,6,0.022477522477522476
temporal_bytimepoint,Melanocyte_10_days,yugene,66355,Gmpr,0.010833944148369226,-0.03326057589179686,-1.8777199905294866,0.004329004329004329,6,6,0.012987012987012986
temporal_bytimepoint,Melanocyte_20_days,yugene,16149,Cd74,0.08206591958491673,-0.350534842918431,-2.0133484071530607,0.008658008658008658,6,6,0.022477522477522476
temporal_bytimepoint,Melanocyte_20_days,yugene,57444,Isg20,-0.004251917043861517,0.009729057951199388,1.1522212738759539,0.09307359307359307,6,6,0.19037780401416765
temporal_bytimepoint,Melanocyte_20_days,yugene,15945,Cxcl10,-0.03882798623871795,0.0,,1.0,6,6,1.0
temporal_bytimepoint,Melanocyte_20_days,yugene,12977,Csf1,0.015272205474246101,0.4521635940884171,8.614162063493822,0.0021645021645021645,6,6,0.007897507897507898
temporal_bytimepoint,Melanocyte_20_days,yugene,67138,Herc6,-0.017075855529489474,-1.3253352175461597,-11.559259236862289,0.0021645021645021645,6,6,0.007897507897507898
temporal_bytimepoint,Melanocyte_20_days,yugene,12010,B2m,0.0015926928798106065,0.0009343328331362511,3.7120997722341236,0.0021645021645021645,6,6,0.007897507897507898
temporal_bytimepoint,Melanocyte_20_days,yugene,24110,Usp18,0.013773315454481797,0.8136895652809959,4.958308938174836,0.0021645021645021645,6,6,0.007897507897507898
temporal_bytimepoint,Melanocyte_20_days,yugene,100038882,Isg15,-0.03746958491374598,-3.7914273763950543,-14.772566563219474,0.0021645021645021645,6,6,0.007897507897507898
temporal_bytimepoint,Melanocyte_20_days,yugene,16391,Irf9,0.007172617231462227,0.35101753813448044,12.194872020400185,0.0021645021645021645,6,6,0.007897507897507898
temporal_bytimepoint,Melanocyte_20_days,yugene,211329,Ncoa7,-0.03445359256432061,0.15123126763344907,0.9718208893348306,0.17965367965367965,6,6,0.3233766233766234
temporal_bytimepoint,Melanocyte_20_days,yugene,54123,Irf7,0.00022847891263870355,0.012730529603661707,9.923565108076758,0.0021645021645021645,6,6,0.007897507897507898
temporal_bytimepoint,Melanocyte_20_days,yugene,19124,Procr,-0.01246519275757252,-0.023304610513615556,-1.2329628810316542,0.09307359307359307,6,6,0.19037780401416765
temporal_bytimepoint,Melanocyte_20_days,yugene,20343,Sell,-0.021102350008721366,0.0,,1.0,6,6,1.0
temporal_bytimepoint,Melanocyte_20_days,yugene,231712,Trafd1,-0.01966956946076568,0.05571308468719157,0.7399903776577819,0.48484848484848486,6,6,0.743801652892562
temporal_bytimepoint,Melanocyte_20_days,yugene,66355,Gmpr,0.010833944148369226,0.015568402429896995,0.6094220002341578,0.6991341991341992,6,6,0.9831574675324676
