external_id,mortality_tAge,study,group,condition,immortalised,cell_line
SRR2095296,-1.074968718146935,SRP060598,Proliferating,Proliferating,no,IMR90
SRR2095297,-1.2687322341415466,SRP060598,Proliferating,Proliferating,no,IMR90
SRR2095298,-1.0797086665739921,SRP060598,Proliferating,Proliferating,no,IMR90
SRR2095299,-0.9210264875849843,SRP060598,Oncogene-induced CS,OIS,no,IMR90
SRR2095300,-1.1669568954032103,SRP060598,Oncogene-induced CS,OIS,no,IMR90
SRR2095301,-0.718050588056959,SRP060598,Oncogene-induced CS,OIS,no,IMR90
SRR4241042,1.5050327713081648,SRP089801,Contact_inhibited CQ,CICQ,yes,HCA2-hTERT
SRR4241043,1.5440987597809008,SRP089801,Contact_inhibited CQ,CICQ,yes,HCA2-hTERT
SRR4241044,1.5293244418179415,SRP089801,Contact_inhibited CQ,CICQ,yes,HCA2-hTERT
SRR4241039,1.2936263206409995,SRP089801,Proliferating,Proliferating,yes,HCA2-hTERT
SRR4241040,1.337915518452179,SRP089801,Proliferating,Proliferating,yes,HCA2-hTERT
SRR4241041,1.2968902124728712,SRP089801,Proliferating,Proliferating,yes,HCA2-hTERT
SRR1197244,-0.19185036918209547,SRP040243,Proliferating,Proliferating,no,IMR90
SRR1197245,0.35498257579462233,SRP040243,Oncogene-induced CS,OIS,no,IMR90
SRR2932856,0.051702058985876945,SRP065206,Proliferating,Proliferating,no,IMR90
SRR2932857,-0.0904379472888556,SRP065206,Proliferating,Proliferating,no,IMR90
SRR2932858,-0.16396832253888305,SRP065206,Proliferating,Proliferating,no,IMR90
SRR2932859,0.2132886554685072,SRP065206,Serum_starved CQ,SSCQ,no,IMR90
SRR2932860,0.41712119494491634,SRP065206,Serum_starved CQ,SSCQ,no,IMR90
SRR2932861,0.2640530219033339,SRP065206,Serum_starved CQ,SSCQ,no,IMR90
SRR2932862,0.8698492410753789,SRP065206,Oncogene-induced CS,OIS,no,IMR90
SRR2932863,1.0047905070095642,SRP065206,Oncogene-induced CS,OIS,no,IMR90
SRR2932864,1.0483669124970034,SRP065206,Oncogene-induced CS,OIS,no,IMR90
SRR2932910,-0.3470593924200104,SRP065206,Proliferating,Proliferating,no,IMR90
SRR2932911,-0.49544681574501426,SRP065206,Proliferating,Proliferating,no,IMR90
SRR2932912,-0.3190255516423408,SRP065206,Proliferating,Proliferating,no,IMR90
SRR2932913,-0.2403322189602224,SRP065206,Serum_starved CQ,SSCQ,no,IMR90
SRR2932914,-0.3450740416686592,SRP065206,Serum_starved CQ,SSCQ,no,IMR90
SRR2932915,-0.29989753286401977,SRP065206,Serum_starved CQ,SSCQ,no,IMR90
SRR1768044,1.0753405584497675,SRP052706,Proliferating,Proliferating,no,foreskin 2DD
SRR1768045,0.9971930065923574,SRP052706,Proliferating,Proliferating,no,foreskin 2DD
SRR1768046,1.9784942254782436,SRP052706,Serum_starved CQ,SSCQ,no,foreskin 2DD
SRR1768047,1.9214350336099282,SRP052706,Serum_starved CQ,SSCQ,no,foreskin 2DD
SRR8284460,0.501859255430638,SRP172671,Proliferating,Proliferating,yes,BJ-hTERT
SRR8284461,0.7760611183369921,SRP172671,Proliferating,Proliferating,yes,BJ-hTERT
SRR8284462,1.0504088953347706,SRP172671,Oncogene-induced CS,OIS,yes,BJ-hTERT
SRR8284463,1.0152085063771574,SRP172671,Oncogene-induced CS,OIS,yes,BJ-hTERT
SRR6869103,0.40106069958861906,SRP136071,Proliferating,Proliferating,no,IMR90
SRR6869105,0.696809240701009,SRP136071,Proliferating,Proliferating,no,IMR90
SRR6869106,0.14493187856870923,SRP136071,Proliferating,Proliferating,no,IMR90
SRR6869117,0.9563624713415073,SRP136071,Stress-induced CS,SIPS,no,IMR90
SRR6869119,0.8596378503846885,SRP136071,Stress-induced CS,SIPS,no,IMR90
SRR6869121,1.1416684887969502,SRP136071,Stress-induced CS,SIPS,no,IMR90
SRR6869122,1.3002619369016712,SRP136071,Stress-induced CS,SIPS,no,IMR90
SRR6869123,0.33506588875294724,SRP136071,Stress-induced CS,SIPS,no,IMR90
SRR6869124,0.530133156776962,SRP136071,Stress-induced CS,SIPS,no,IMR90
SRR6869125,0.5644100663440809,SRP136071,Stress-induced CS,SIPS,no,IMR90
SRR6910824,1.3548367064782132,SRP136727,Oncogene-induced CS,OIS,yes,BJ-hTERT
SRR3151885,0.029034838901424484,SRP069768,Proliferating,Proliferating,no,WI-38
SRR3151886,1.4232541959867593,SRP069768,Replicative CS,RS,no,WI-38
SRR7537847,0.45169053758428485,SRP154382,Proliferating,Proliferating,no,HDF 10-2
SRR7537848,0.7568571696038826,SRP154382,Proliferating,Proliferating,no,HDF 10-2
SRR7537849,0.9695085963784101,SRP154382,Proliferating,Proliferating,no,HDF 10-2
SRR7537850,0.8640648684558362,SRP154382,Contact_inhibited CQ,CICQ,no,HDF 10-2
SRR7537851,0.7343784582013119,SRP154382,Contact_inhibited CQ,CICQ,no,HDF 10-2
SRR7537852,0.5122524593891499,SRP154382,Contact_inhibited CQ,CICQ,no,HDF 10-2
SRR7537853,0.7853143091321892,SRP154382,Serum_starved CQ,SSCQ,no,HDF 10-2
SRR7537854,1.0512831679654135,SRP154382,Serum_starved CQ,SSCQ,no,HDF 10-2
SRR7537855,1.217508134989579,SRP154382,Serum_starved CQ,SSCQ,no,HDF 10-2
SRR5859295,0.04033205577838134,SRP113329,Oncogene-induced CS,OIS,no,IMR90 ER:RAS
SRR5859300,0.010549844922045859,SRP113329,Oncogene-induced CS,OIS,no,IMR90 ER:RAS
SRR5859304,-0.5148970288332407,SRP113329,Proliferating,Proliferating,no,IMR90 ER:RAS
SRR5859294,-0.4616809292707782,SRP113329,Proliferating,Proliferating,no,IMR90 ER:RAS
SRR5859299,-0.4646319613100417,SRP113329,Proliferating,Proliferating,no,IMR90 ER:RAS
SRR5859305,0.016016972285265774,SRP113329,Oncogene-induced CS,OIS,no,IMR90 ER:RAS
SRR5169351,1.119271120370048,SRP096629,Contact_inhibited CQ,CICQ,no,HDF161
SRR5169352,1.1221742637523655,SRP096629,Contact_inhibited CQ,CICQ,no,HDF161
SRR5169354,0.9529688408343159,SRP096629,Contact_inhibited CQ,CICQ,no,HDF161
SRR5169358,1.4512268280987133,SRP096629,Stress-induced CS,SIPS,no,HDF161
SRR5169359,1.7336524607217483,SRP096629,Stress-induced CS,SIPS,no,HDF161
SRR5169360,1.4857474579200125,SRP096629,Stress-induced CS,SIPS,no,HDF161
SRR1567487,0.21046090988738492,SRP046254,Proliferating,Proliferating,no,IMR90 ER:RAS
SRR1567488,0.699399162492982,SRP046254,Oncogene-induced CS,OIS,no,IMR90 ER:RAS
SRR1567491,0.2685284494741971,SRP046254,Proliferating,Proliferating,no,IMR90 ER:RAS
SRR1567495,0.13936779899286267,SRP046254,Proliferating,Proliferating,no,IMR90 ER:RAS
SRR1567496,0.526959163280706,SRP046254,Oncogene-induced CS,OIS,no,IMR90 ER:RAS
SRR1567492,0.5125384048701511,SRP046254,Oncogene-induced CS,OIS,no,IMR90 ER:RAS
SRR2970873,0.2524198915367126,SRP066947,Proliferating,Proliferating,yes,Tig3ET
SRR2970874,0.48798637631368225,SRP066947,Oncogene-induced CS,OIS,yes,Tig3ET
SRR2970876,0.6233283955367761,SRP066947,Proliferating,Proliferating,yes,Tig3ET
SRR2970877,1.3191060240841619,SRP066947,Oncogene-induced CS,OIS,yes,Tig3ET
SRR2970879,0.5653637790047317,SRP066947,Proliferating,Proliferating,yes,Tig3ET
SRR2970880,0.4916035371255245,SRP066947,Oncogene-induced CS,OIS,yes,Tig3ET
SRR2970882,0.6179566913632404,SRP066947,Proliferating,Proliferating,yes,Tig3ET
SRR2970883,1.2708512476601312,SRP066947,Oncogene-induced CS,OIS,yes,Tig3ET
SRR2970885,0.45405290178838387,SRP066947,Proliferating,Proliferating,yes,Tig3ET
SRR2970886,0.6329025550323708,SRP066947,Oncogene-induced CS,OIS,yes,Tig3ET
SRR2970888,0.6496765509372076,SRP066947,Proliferating,Proliferating,yes,Tig3ET
SRR2970889,1.346796125347311,SRP066947,Oncogene-induced CS,OIS,yes,Tig3ET
SRR2970891,0.09362898557117753,SRP066947,Proliferating,Proliferating,yes,Tig3ET
SRR2970892,0.7515459563706675,SRP066947,Serum_starved CQ,SSCQ,yes,Tig3ET
SRR2970893,0.350237925162465,SRP066947,Proliferating,Proliferating,yes,Tig3ET
SRR2970894,0.6995365288277539,SRP066947,Serum_starved CQ,SSCQ,yes,Tig3ET
SRR2970895,0.29469951215231405,SRP066947,Proliferating,Proliferating,yes,Tig3ET
SRR2970896,0.39002962161609644,SRP066947,Serum_starved CQ,SSCQ,yes,Tig3ET
SRR6389404,-0.13528634204102058,SRP127037,Proliferating,Proliferating,yes,IMR90-hTERT
SRR6389405,0.015654268983952307,SRP127037,Proliferating,Proliferating,yes,IMR90-hTERT
SRR6389408,0.10555094752195308,SRP127037,Oncogene-induced CS,OIS,yes,IMR90-hTERT
SRR6389409,0.10779254901582652,SRP127037,Oncogene-induced CS,OIS,yes,IMR90-hTERT
SRR6389412,1.0429271344526623,SRP127037,Oncogene-induced CS,OIS,yes,IMR90-hTERT
SRR6389413,1.033988075579884,SRP127037,Oncogene-induced CS,OIS,yes,IMR90-hTERT
ERR1805205,0.8975693287650794,ERP021140,Serum_starved CQ,SSCQ,no,HCA2/BJ (primary)
ERR1805212,1.887631122880259,ERP021140,Stress-induced CS,SIPS,no,HCA2/BJ (primary)
ERR1805188,0.879178581506694,ERP021140,Proliferating,Proliferating,no,HCA2/BJ (primary)
ERR1805189,0.9926361903637168,ERP021140,Proliferating,Proliferating,no,HCA2/BJ (primary)
ERR1805190,0.9549100896999132,ERP021140,Proliferating,Proliferating,no,HCA2/BJ (primary)
ERR1805191,0.8596000073106659,ERP021140,Serum_starved CQ,SSCQ,no,HCA2/BJ (primary)
ERR1805192,1.2594122344944203,ERP021140,Stress-induced CS,SIPS,no,HCA2/BJ (primary)
ERR1805193,1.3512968942919172,ERP021140,Stress-induced CS,SIPS,no,HCA2/BJ (primary)
ERR1805194,1.2394826307463298,ERP021140,Stress-induced CS,SIPS,no,HCA2/BJ (primary)
ERR1805195,1.3378582611765824,ERP021140,Stress-induced CS,SIPS,no,HCA2/BJ (primary)
ERR1805196,0.84014843885659,ERP021140,Serum_starved CQ,SSCQ,no,HCA2/BJ (primary)
ERR1805197,1.2917955231039318,ERP021140,Stress-induced CS,SIPS,no,HCA2/BJ (primary)
ERR1805198,1.4263456520713744,ERP021140,Stress-induced CS,SIPS,no,HCA2/BJ (primary)
ERR1805199,1.6235850993968661,ERP021140,Stress-induced CS,SIPS,no,HCA2/BJ (primary)
ERR1805200,1.604287703878174,ERP021140,Stress-induced CS,SIPS,no,HCA2/BJ (primary)
ERR1805201,1.5367929677747065,ERP021140,Stress-induced CS,SIPS,no,HCA2/BJ (primary)
ERR1805202,1.516420868871244,ERP021140,Stress-induced CS,SIPS,no,HCA2/BJ (primary)
ERR1805203,1.6214416842739012,ERP021140,Stress-induced CS,SIPS,no,HCA2/BJ (primary)
ERR1805204,1.6310609614422777,ERP021140,Stress-induced CS,SIPS,no,HCA2/BJ (primary)
ERR1805206,0.8007085443577222,ERP021140,Serum_starved CQ,SSCQ,no,HCA2/BJ (primary)
ERR1805207,0.5602862971386896,ERP021140,Serum_starved CQ,SSCQ,no,HCA2/BJ (primary)
ERR1805208,0.9400470905666949,ERP021140,Serum_starved CQ,SSCQ,no,HCA2/BJ (primary)
ERR1805209,1.046829187691286,ERP021140,Proliferating,Proliferating,no,HCA2/BJ (primary)
ERR1805210,1.0602150740340996,ERP021140,Proliferating,Proliferating,no,HCA2/BJ (primary)
ERR1805211,0.9122439072922629,ERP021140,Proliferating,Proliferating,no,HCA2/BJ (primary)
ERR1805213,1.7610402109137229,ERP021140,Stress-induced CS,SIPS,no,HCA2/BJ (primary)
ERR1805214,1.7204982897866758,ERP021140,Stress-induced CS,SIPS,no,HCA2/BJ (primary)
ERR1805215,1.4988086574454387,ERP021140,Stress-induced CS,SIPS,no,HCA2/BJ (primary)
ERR1805216,1.3736163086457969,ERP021140,Stress-induced CS,SIPS,no,HCA2/BJ (primary)
ERR1805217,1.6111740665018983,ERP021140,Stress-induced CS,SIPS,no,HCA2/BJ (primary)
SRR2184428,-0.6413498430209039,SRP062872,Proliferating,Proliferating,no,IMR90
SRR2184429,-0.5943921146104484,SRP062872,Proliferating,Proliferating,no,IMR90
SRR2184430,-0.7733868624623493,SRP062872,Proliferating,Proliferating,no,IMR90
SRR2184431,-0.8609159451570663,SRP062872,Proliferating,Proliferating,no,IMR90
SRR2184432,-0.7819533227886332,SRP062872,Proliferating,Proliferating,no,IMR90
SRR2184433,-0.6307576962814606,SRP062872,Proliferating,Proliferating,no,IMR90
SRR2184434,-0.5780696721326386,SRP062872,Proliferating,Proliferating,no,IMR90
SRR2184435,-0.8704805571371181,SRP062872,Proliferating,Proliferating,no,IMR90
SRR2184436,0.58774892452485,SRP062872,Oncogene-induced CS,OIS,no,IMR90
SRR2184437,0.44623767805901227,SRP062872,Oncogene-induced CS,OIS,no,IMR90
SRR2184438,0.4077969777251303,SRP062872,Oncogene-induced CS,OIS,no,IMR90
SRR2184439,0.24911799856756578,SRP062872,Oncogene-induced CS,OIS,no,IMR90
SRR2184440,0.3256251264461081,SRP062872,Oncogene-induced CS,OIS,no,IMR90
SRR2184441,0.28311785868974704,SRP062872,Oncogene-induced CS,OIS,no,IMR90
SRR2184442,0.30097649004949534,SRP062872,Oncogene-induced CS,OIS,no,IMR90
SRR2184443,0.4452766280289208,SRP062872,Oncogene-induced CS,OIS,no,IMR90
SRR2184444,0.6296424119608388,SRP062872,Stress-induced CS,SIPS,no,IMR90
SRR2184445,0.6716529762268781,SRP062872,Stress-induced CS,SIPS,no,IMR90
SRR2184446,0.5079252151468845,SRP062872,Stress-induced CS,SIPS,no,IMR90
SRR2184447,0.6601803763968449,SRP062872,Stress-induced CS,SIPS,no,IMR90
SRR2184448,1.0005642928480252,SRP062872,Stress-induced CS,SIPS,no,IMR90
SRR2184449,0.6071678061619687,SRP062872,Stress-induced CS,SIPS,no,IMR90
SRR2184450,0.7743043802904651,SRP062872,Stress-induced CS,SIPS,no,IMR90
SRR2184451,0.6547964358229603,SRP062872,Stress-induced CS,SIPS,no,IMR90
SRR7516120,0.7392891553335723,SRP153205,Proliferating,Proliferating,no,HDF 12-1
SRR7516121,0.6725272711189086,SRP153205,Proliferating,Proliferating,no,HDF 12-1
SRR7516122,1.1630315926695869,SRP153205,Contact_inhibited CQ,CICQ,no,HDF 12-1
SRR7516123,1.1974702348676378,SRP153205,Contact_inhibited CQ,CICQ,no,HDF 12-1
SRR627536,0.3557304193016687,SRP017378,Proliferating,Proliferating,yes,BJ-hTERT
SRR627537,0.39463853148554173,SRP017378,Proliferating,Proliferating,yes,BJ-hTERT
SRR627538,0.5057365903832555,SRP017378,Serum_starved CQ,SSCQ,yes,BJ-hTERT
SRR627539,0.6863091086179897,SRP017378,Serum_starved CQ,SSCQ,yes,BJ-hTERT
SRR627542,0.9826897327738734,SRP017378,Proliferating,Proliferating,yes,BJ-hTERT
SRR5859249,-0.11705662855810628,SRP113324,Proliferating,Proliferating,no,IMR90 ER:RAS
SRR5859250,0.4041153491363506,SRP113324,Oncogene-induced CS,OIS,no,IMR90 ER:RAS
SRR5859253,-0.055608102430208306,SRP113324,Proliferating,Proliferating,no,IMR90 ER:RAS
SRR5859254,0.25138716248575066,SRP113324,Oncogene-induced CS,OIS,no,IMR90 ER:RAS
SRR5859257,-0.039213581171662654,SRP113324,Proliferating,Proliferating,no,IMR90 ER:RAS
SRR5859258,0.3260582744402294,SRP113324,Oncogene-induced CS,OIS,no,IMR90 ER:RAS
SRR7523098,1.1626318534863374,SRP153724,Contact_inhibited CQ,CICQ,no,HDF 12-3
SRR7523095,0.3993608510964797,SRP153724,Proliferating,Proliferating,no,HDF 12-3
SRR7523096,0.9742096606432377,SRP153724,Contact_inhibited CQ,CICQ,no,HDF 12-3
SRR7523097,0.6378385972025526,SRP153724,Proliferating,Proliferating,no,HDF 12-3
SRR1049936,-0.5001441989113152,SRP034163,Proliferating,Proliferating,no,IMR90
SRR1049937,0.6133550556922807,SRP034163,Replicative CS,RS,no,IMR90
SRR616151,0.167649348204659,SRP017142,Proliferating,Proliferating,no,WI-38
SRR616152,0.056109317514313056,SRP017142,Proliferating,Proliferating,no,WI-38
SRR616153,0.13236039368245017,SRP017142,Proliferating,Proliferating,no,WI-38
SRR616154,1.135634124077919,SRP017142,Oncogene-induced CS,OIS,no,WI-38
SRR616155,1.1891594061916648,SRP017142,Oncogene-induced CS,OIS,no,WI-38
SRR616156,1.2326455566054475,SRP017142,Oncogene-induced CS,OIS,no,WI-38
SRR2518251,-0.15862972755969934,SRP064207,Proliferating,Proliferating,no,WI-38
SRR2518252,1.1404211423260997,SRP064207,Replicative CS,RS,no,WI-38
SRR7547693,0.3604987087616689,SRP154577,Proliferating,Proliferating,no,HDF 10-5
SRR7547694,0.47385107709721763,SRP154577,Proliferating,Proliferating,no,HDF 10-5
SRR7547695,0.39132233544395734,SRP154577,Proliferating,Proliferating,no,HDF 10-5
SRR7547696,0.8587057532171712,SRP154577,Contact_inhibited CQ,CICQ,no,HDF 10-5
SRR7547697,0.9667554107641865,SRP154577,Contact_inhibited CQ,CICQ,no,HDF 10-5
SRR7547698,0.5802991085399081,SRP154577,Contact_inhibited CQ,CICQ,no,HDF 10-5
SRR1210368,1.7743229700837935,SRP040745,Replicative CS,RS,no,BJ
SRR1210370,0.9578639610240134,SRP040745,Proliferating,Proliferating,no,BJ
SRR1210372,1.8147242348224202,SRP040745,Replicative CS,RS,no,BJ
SRR1210373,0.9326396281726264,SRP040745,Proliferating,Proliferating,no,BJ
SRR5223435,-1.1036811512173645,SRP098713,Proliferating,Proliferating,no,IMR90
SRR5223436,-0.9685435795018578,SRP098713,Proliferating,Proliferating,no,IMR90
SRR5223437,-0.879817561627448,SRP098713,Proliferating,Proliferating,no,IMR90
SRR5223438,-0.6555331485987129,SRP098713,Stress-induced CS,SIPS,no,IMR90
SRR5223439,-0.7966779142015773,SRP098713,Stress-induced CS,SIPS,no,IMR90
SRR5223440,-0.815657129597242,SRP098713,Stress-induced CS,SIPS,no,IMR90
SRR2970373,1.2636231257496455,SRP066917,Proliferating,Proliferating,yes,BJ-hTERT
SRR2970374,1.0961876254829859,SRP066917,Oncogene-induced CS,OIS,yes,BJ-hTERT
SRR2970377,1.5944927643163753,SRP066917,Oncogene-induced CS,OIS,yes,BJ-hTERT
SRR1051229,-1.2900641483592818,SRP034541,Proliferating,Proliferating,no,IMR90
SRR1051230,-1.1943433572021154,SRP034541,Proliferating,Proliferating,no,IMR90
SRR1051231,0.1721321804543666,SRP034541,Replicative CS,RS,no,IMR90
SRR1051232,0.269957006070324,SRP034541,Replicative CS,RS,no,IMR90
SRR3180966,0.6861012435064339,SRP070636,Proliferating,Proliferating,no,IMR90
SRR3180967,1.1890533262012974,SRP070636,Oncogene-induced CS,OIS,no,IMR90
SRR6205675,-0.33556941397107815,SRP121031,Proliferating,Proliferating,no,IMR90
SRR6205676,0.5417147046267611,SRP121031,Replicative CS,RS,no,IMR90
SRR6205678,0.5700271649840487,SRP121031,Replicative CS,RS,no,IMR90
SRR6205684,0.8598684596569567,SRP121031,Replicative CS,RS,no,IMR90
SRR6205677,-0.35084850194064665,SRP121031,Proliferating,Proliferating,no,IMR90
SRR6205681,1.1573539916688154,SRP121031,Replicative CS,RS,no,IMR90
SRR6243319,1.2820495786703479,SRP123346,Proliferating,Proliferating,yes,BJ-hTERT
SRR6243320,1.1025872638612313,SRP123346,Oncogene-induced CS,OIS,yes,BJ-hTERT
SRR6243321,1.1337830825454676,SRP123346,Oncogene-induced CS,OIS,yes,BJ-hTERT
SRR1560895,0.02770254461787236,SRP045867,Proliferating,Proliferating,no,MRC-5
SRR1560896,-0.05631142376528972,SRP045867,Proliferating,Proliferating,no,MRC-5
SRR1560897,0.016598148554133607,SRP045867,Proliferating,Proliferating,no,MRC-5
SRR1560898,0.9264577513697208,SRP045867,Contact_inhibited CQ,CICQ,no,MRC-5
SRR1560899,0.8658860804099718,SRP045867,Contact_inhibited CQ,CICQ,no,MRC-5
SRR1560900,0.9857044694609889,SRP045867,Contact_inhibited CQ,CICQ,no,MRC-5
SRR6048203,1.3062818920197077,SRP117883,Oncogene-induced CS,OIS,no,IMR90
SRR6048206,2.2681724100911054,SRP117883,Proliferating,Proliferating,no,IMR90
SRR6048210,1.157612906726419,SRP117883,Oncogene-induced CS,OIS,no,IMR90
SRR6048192,-0.02268063319110658,SRP117883,Proliferating,Proliferating,no,IMR90
SRR6048196,1.2219467491535434,SRP117883,Oncogene-induced CS,OIS,no,IMR90
SRR6048199,0.09484945587704202,SRP117883,Proliferating,Proliferating,no,IMR90
