label,pathway,contrib_diff_within_study_scaled,contrib_diff_within_study_yugene,n_studies_scaled,n_studies_yugene,p_perm_adj_scaled,p_perm_adj_yugene,studies_positive_scaled,studies_positive_yugene,cons_sc,cons_yg,both_sig,same_sign,ag_sc,n_sc,ag_yg,n_yg,REPORTABLE
CICQ,HALLMARK APOPTOSIS,0.493051873359036,1.22779957943127,6.0,6.0,0.254595393541215,0.0073206965017783,4.0,5.0,0.6666666666666666,0.8333333333333334,False,True,4.0,6.0,5.0,6.0,False
CICQ,HALLMARK COMPLEMENT,3.57139446289848,1.90062957172731,6.0,6.0,0.000255076533163,0.0023807143095214,6.0,4.0,1.0,0.6666666666666666,True,True,6.0,6.0,4.0,6.0,True
CICQ,HALLMARK EPITHELIAL MESENCHYMAL TRANSITION,-4.96412348694699,0.360645674070248,6.0,6.0,0.0011717578242175,0.66878905329806,1.0,3.0,0.8333333333333334,0.5,False,False,5.0,6.0,3.0,6.0,False
CICQ,HALLMARK ESTROGEN RESPONSE EARLY,1.64049537300278,1.94646392236871,6.0,6.0,0.0025859483017215,0.0002717119592388,5.0,5.0,0.8333333333333334,0.8333333333333334,True,True,5.0,6.0,5.0,6.0,True
CICQ,HALLMARK ESTROGEN RESPONSE LATE,-0.160022227347837,-0.0562366488162697,6.0,6.0,0.712375570953543,0.836336119474472,2.0,3.0,0.6666666666666666,0.5,False,True,4.0,6.0,3.0,6.0,False
CICQ,HALLMARK FATTY ACID METABOLISM,-0.332678558675162,0.367025771238382,6.0,6.0,0.198760611743704,0.455977129559771,3.0,5.0,0.5,0.8333333333333334,False,False,3.0,6.0,5.0,6.0,False
CICQ,HALLMARK GLYCOLYSIS,-0.320087589486819,0.800138877740423,6.0,6.0,0.234306712869383,0.0348767518457735,2.0,4.0,0.6666666666666666,0.6666666666666666,False,False,4.0,6.0,4.0,6.0,False
CICQ,HALLMARK HYPOXIA,2.04473899221809,-0.32166121273962,6.0,6.0,0.000255076533163,0.547642604160637,6.0,3.0,1.0,0.5,False,False,6.0,6.0,3.0,6.0,False
CICQ,HALLMARK IL2 STAT5 SIGNALING,1.00228424293625,2.82472882965829,6.0,6.0,0.0063658230450246,0.0002717119592388,6.0,5.0,1.0,0.8333333333333334,True,True,6.0,6.0,5.0,6.0,True
CICQ,HALLMARK KRAS SIGNALING UP,7.16591933258627,4.77528065297102,6.0,6.0,0.000255076533163,0.0002717119592388,6.0,6.0,1.0,1.0,True,True,6.0,6.0,6.0,6.0,True
CICQ,HALLMARK MTORC1 SIGNALING,1.18243406972984,0.83460722183907,6.0,6.0,0.0047073214756446,0.0491330177327095,5.0,5.0,0.8333333333333334,0.8333333333333334,True,True,5.0,6.0,5.0,6.0,True
CICQ,HALLMARK MYOGENESIS,2.62391808015944,3.74502103402814,6.0,6.0,0.000255076533163,0.0002717119592388,6.0,6.0,1.0,1.0,True,True,6.0,6.0,6.0,6.0,True
CICQ,HALLMARK P53 PATHWAY,1.02452341919805,3.37311144597113,6.0,6.0,0.207988909846879,0.0006817500068175,3.0,6.0,0.5,1.0,False,True,3.0,6.0,6.0,6.0,False
CICQ,HALLMARK TNFA SIGNALING VIA NFKB,-2.16135736052938,-2.89688339286383,6.0,6.0,0.0008195901721303,0.0002717119592388,1.0,0.0,0.8333333333333334,1.0,True,True,5.0,6.0,6.0,6.0,True
CICQ,HALLMARK UV RESPONSE DN,-0.517985034829728,-1.17809763295237,6.0,6.0,0.0730496898496679,0.015521323684625,2.0,2.0,0.6666666666666666,0.6666666666666666,False,True,4.0,6.0,4.0,6.0,False
CICQ,HALLMARK XENOBIOTIC METABOLISM,-0.81172645662207,1.11867931999046,6.0,6.0,0.0062493750624937,0.03363300033633,1.0,5.0,0.8333333333333334,0.8333333333333334,True,False,5.0,6.0,5.0,6.0,False
CICQ,Lysosomal Genes,2.93578906937153,2.66935067230259,6.0,6.0,0.000255076533163,0.0002717119592388,6.0,6.0,1.0,1.0,True,True,6.0,6.0,6.0,6.0,True
OIS,HALLMARK APOPTOSIS,1.1284897253189,1.3201614370515,15.0,15.0,0.000255076533163,0.0002717119592388,9.0,13.0,0.6,0.8666666666666667,True,True,9.0,15.0,13.0,15.0,True
OIS,HALLMARK COMPLEMENT,3.10438507232412,3.80428456530542,15.0,15.0,0.000255076533163,0.0002717119592388,15.0,13.0,1.0,0.8666666666666667,True,True,15.0,15.0,13.0,15.0,True
OIS,HALLMARK EPITHELIAL MESENCHYMAL TRANSITION,7.16332325981756,5.73929587081862,15.0,15.0,0.000255076533163,0.0002717119592388,15.0,15.0,1.0,1.0,True,True,15.0,15.0,15.0,15.0,True
OIS,HALLMARK ESTROGEN RESPONSE EARLY,-0.304601492603585,-0.91042308549172,15.0,15.0,0.210606958627809,0.001470441191175,6.0,5.0,0.6,0.6666666666666666,False,True,9.0,15.0,10.0,15.0,False
OIS,HALLMARK ESTROGEN RESPONSE LATE,-1.70723300456683,0.320238985326678,15.0,15.0,0.000255076533163,0.141191910959658,3.0,9.0,0.8,0.6,False,False,12.0,15.0,9.0,15.0,False
OIS,HALLMARK FATTY ACID METABOLISM,0.855572600920362,1.5114910552208,15.0,15.0,0.000255076533163,0.0002717119592388,12.0,12.0,0.8,0.8,True,True,12.0,15.0,12.0,15.0,True
OIS,HALLMARK GLYCOLYSIS,-1.96331035535619,-1.79186106516012,15.0,15.0,0.000255076533163,0.0002717119592388,1.0,1.0,0.9333333333333332,0.9333333333333332,True,True,14.0,15.0,14.0,15.0,True
OIS,HALLMARK HYPOXIA,-0.0774153223807232,0.867250517531124,15.0,15.0,0.775026664000267,0.0002717119592388,7.0,11.0,0.5333333333333333,0.7333333333333333,False,False,8.0,15.0,11.0,15.0,False
OIS,HALLMARK IL2 STAT5 SIGNALING,-0.668146683187216,-0.797071528706337,15.0,15.0,0.0004807211586533,0.002538808619138,4.0,5.0,0.7333333333333333,0.6666666666666666,True,True,11.0,15.0,10.0,15.0,True
OIS,HALLMARK KRAS SIGNALING UP,6.43818554982542,4.62432090380905,15.0,15.0,0.000255076533163,0.0002717119592388,15.0,15.0,1.0,1.0,True,True,15.0,15.0,15.0,15.0,True
OIS,HALLMARK MTORC1 SIGNALING,1.16905713357811,0.576643695955446,15.0,15.0,0.000255076533163,0.015521323684625,10.0,7.0,0.6666666666666666,0.4666666666666667,True,True,10.0,15.0,7.0,15.0,True
OIS,HALLMARK MYOGENESIS,6.89705727444657,3.1315378210167,15.0,15.0,0.000255076533163,0.0002717119592388,15.0,14.0,1.0,0.9333333333333332,True,True,15.0,15.0,14.0,15.0,True
OIS,HALLMARK P53 PATHWAY,1.3111444562141,4.37465180422615,15.0,15.0,0.000255076533163,0.0002717119592388,10.0,14.0,0.6666666666666666,0.9333333333333332,True,True,10.0,15.0,14.0,15.0,True
OIS,HALLMARK TNFA SIGNALING VIA NFKB,3.46758358579571,1.59934382322672,15.0,15.0,0.000255076533163,0.0002717119592388,15.0,12.0,1.0,0.8,True,True,15.0,15.0,12.0,15.0,True
OIS,HALLMARK UV RESPONSE DN,0.739251939593724,-0.393493441408179,15.0,15.0,0.0029106678373258,0.141191910959658,9.0,5.0,0.6,0.6666666666666666,False,False,9.0,15.0,10.0,15.0,False
OIS,HALLMARK XENOBIOTIC METABOLISM,3.08103662568395,7.36641835827193,15.0,15.0,0.000255076533163,0.0002717119592388,15.0,15.0,1.0,1.0,True,True,15.0,15.0,15.0,15.0,True
OIS,Lysosomal Genes,2.12555628990186,2.47381858293154,15.0,15.0,0.000255076533163,0.0002717119592388,12.0,12.0,0.8,0.8,True,True,12.0,15.0,12.0,15.0,True
RS,HALLMARK APOPTOSIS,3.77617348499831,2.10697766112215,6.0,6.0,0.0008195901721303,0.0010682692414519,6.0,5.0,1.0,0.8333333333333334,True,True,6.0,6.0,5.0,6.0,True
RS,HALLMARK COMPLEMENT,0.951181015765977,1.10556408772455,6.0,6.0,0.11610514075496,0.0580947491842994,2.0,4.0,0.3333333333333333,0.6666666666666666,False,True,2.0,6.0,4.0,6.0,False
RS,HALLMARK EPITHELIAL MESENCHYMAL TRANSITION,4.13087189864294,1.98968018719208,6.0,6.0,0.0008195901721303,0.0043228759830783,6.0,6.0,1.0,1.0,True,True,6.0,6.0,6.0,6.0,True
RS,HALLMARK ESTROGEN RESPONSE EARLY,-0.311517200350256,-0.75705556578859,6.0,6.0,0.317339158102969,0.112552847279375,3.0,1.0,0.5,0.8333333333333334,False,True,3.0,6.0,5.0,6.0,False
RS,HALLMARK ESTROGEN RESPONSE LATE,-0.612469252284927,-0.108018186151724,6.0,6.0,0.121578751215788,0.506899982647475,2.0,2.0,0.6666666666666666,0.6666666666666666,False,True,4.0,6.0,4.0,6.0,False
RS,HALLMARK FATTY ACID METABOLISM,-0.459221345511506,0.443854016809561,6.0,6.0,0.0880066632512007,0.24673013467884,1.0,4.0,0.8333333333333334,0.6666666666666666,False,False,5.0,6.0,4.0,6.0,False
RS,HALLMARK GLYCOLYSIS,-1.91148528352636,-2.11470595402852,6.0,6.0,0.0097623373757298,0.0012710593347444,1.0,1.0,0.8333333333333334,0.8333333333333334,True,True,5.0,6.0,5.0,6.0,True
RS,HALLMARK HYPOXIA,2.28156331448032,1.19395233820386,6.0,6.0,0.0025859483017215,0.0469429801205926,6.0,5.0,1.0,0.8333333333333334,True,True,6.0,6.0,5.0,6.0,True
RS,HALLMARK IL2 STAT5 SIGNALING,-0.754286269739482,-1.85621228383662,6.0,6.0,0.0924266547704204,0.0302117027561048,2.0,1.0,0.6666666666666666,0.8333333333333334,False,True,4.0,6.0,5.0,6.0,False
RS,HALLMARK KRAS SIGNALING UP,2.9200297780148,1.29845233617535,6.0,6.0,0.0008195901721303,0.0892383879891581,6.0,4.0,1.0,0.6666666666666666,False,True,6.0,6.0,4.0,6.0,False
RS,HALLMARK MTORC1 SIGNALING,1.43428340697168,0.0609342252430484,6.0,6.0,0.0174698439246984,0.921668966706568,4.0,2.0,0.6666666666666666,0.3333333333333333,False,True,4.0,6.0,2.0,6.0,False
RS,HALLMARK MYOGENESIS,5.077461232794,0.108890295966575,6.0,6.0,0.0008195901721303,0.900621319981823,6.0,2.0,1.0,0.3333333333333333,False,True,6.0,6.0,2.0,6.0,False
RS,HALLMARK P53 PATHWAY,4.97062568567848,5.95982657719706,6.0,6.0,0.0008195901721303,0.0006817500068175,6.0,6.0,1.0,1.0,True,True,6.0,6.0,6.0,6.0,True
RS,HALLMARK TNFA SIGNALING VIA NFKB,1.78113102145932,0.0147501132556239,6.0,6.0,0.0540268553789782,0.996285913577317,4.0,2.0,0.6666666666666666,0.3333333333333333,False,True,4.0,6.0,2.0,6.0,False
RS,HALLMARK UV RESPONSE DN,0.783233523305307,-0.610745183436266,6.0,6.0,0.190544671023094,0.168365516389538,5.0,1.0,0.8333333333333334,0.8333333333333334,False,False,5.0,6.0,5.0,6.0,False
RS,HALLMARK XENOBIOTIC METABOLISM,0.70927602909677,3.68184021426418,6.0,6.0,0.149366251493663,0.0006817500068175,4.0,6.0,0.6666666666666666,1.0,False,True,4.0,6.0,6.0,6.0,False
RS,Lysosomal Genes,-0.742936054218559,1.30694695452629,6.0,6.0,0.0579729261116441,0.0150647186936935,2.0,6.0,0.6666666666666666,1.0,False,False,4.0,6.0,6.0,6.0,False
SIPS,HALLMARK APOPTOSIS,2.10486632012061,1.57782661250105,4.0,4.0,0.000255076533163,0.0002717119592388,4.0,4.0,1.0,1.0,True,True,4.0,4.0,4.0,4.0,True
SIPS,HALLMARK COMPLEMENT,2.96306804053042,3.48812343249194,4.0,4.0,0.000255076533163,0.0002717119592388,4.0,3.0,1.0,0.75,True,True,4.0,4.0,3.0,4.0,True
SIPS,HALLMARK EPITHELIAL MESENCHYMAL TRANSITION,1.77448588418157,3.17340355328599,4.0,4.0,0.054406324073475,0.0002717119592388,2.0,4.0,0.5,1.0,False,True,2.0,4.0,4.0,4.0,False
SIPS,HALLMARK ESTROGEN RESPONSE EARLY,-0.228086340217396,0.641725545426634,4.0,4.0,0.375772607924393,0.0794515143080287,3.0,2.0,0.25,0.5,False,False,1.0,4.0,2.0,4.0,False
SIPS,HALLMARK ESTROGEN RESPONSE LATE,-1.0586374323099,0.300336234907053,4.0,4.0,0.000255076533163,0.0356473228416803,1.0,3.0,0.75,0.75,True,False,3.0,4.0,3.0,4.0,False
SIPS,HALLMARK FATTY ACID METABOLISM,0.422446075627954,1.49813238047921,4.0,4.0,0.0041662500416625,0.0002717119592388,3.0,4.0,0.75,1.0,True,True,3.0,4.0,4.0,4.0,True
SIPS,HALLMARK GLYCOLYSIS,-0.425933378988893,-0.269237259712614,4.0,4.0,0.0431275553763305,0.188151916515666,1.0,1.0,0.75,0.75,False,True,3.0,4.0,3.0,4.0,False
SIPS,HALLMARK HYPOXIA,2.78195330697536,0.32264670581553,4.0,4.0,0.000255076533163,0.0276369878540096,4.0,3.0,1.0,0.75,True,True,4.0,4.0,3.0,4.0,True
SIPS,HALLMARK IL2 STAT5 SIGNALING,0.501892181418451,0.603979693828247,4.0,4.0,0.0004807211586533,0.0113934184812811,3.0,3.0,0.75,0.75,True,True,3.0,4.0,3.0,4.0,True
SIPS,HALLMARK KRAS SIGNALING UP,3.0888977918637,1.12173551997605,4.0,4.0,0.000255076533163,0.0629718448920135,3.0,2.0,0.75,0.5,False,True,3.0,4.0,2.0,4.0,False
SIPS,HALLMARK MTORC1 SIGNALING,1.7613957753494,0.163129535514226,4.0,4.0,0.000255076533163,0.364869616324753,4.0,2.0,1.0,0.5,False,True,4.0,4.0,2.0,4.0,False
SIPS,HALLMARK MYOGENESIS,3.84596172910175,1.34870472920149,4.0,4.0,0.000255076533163,0.0002717119592388,4.0,4.0,1.0,1.0,True,True,4.0,4.0,4.0,4.0,True
SIPS,HALLMARK P53 PATHWAY,3.59087269695009,5.39936086491562,4.0,4.0,0.000255076533163,0.0002717119592388,4.0,4.0,1.0,1.0,True,True,4.0,4.0,4.0,4.0,True
SIPS,HALLMARK TNFA SIGNALING VIA NFKB,2.06630955038126,0.653387243981359,4.0,4.0,0.000255076533163,0.0215387266304816,4.0,3.0,1.0,0.75,True,True,4.0,4.0,3.0,4.0,True
SIPS,HALLMARK UV RESPONSE DN,0.40055132154752,0.682282994210633,4.0,4.0,0.142149964108067,0.0005207812552078,2.0,4.0,0.5,1.0,False,True,2.0,4.0,4.0,4.0,False
SIPS,HALLMARK XENOBIOTIC METABOLISM,-0.386966939929556,3.26406157150856,4.0,4.0,0.0713470319634703,0.0002717119592388,1.0,4.0,0.75,1.0,False,False,3.0,4.0,4.0,4.0,False
SIPS,Lysosomal Genes,0.624908601036415,1.61378662995078,4.0,4.0,0.0127180264429697,0.0002717119592388,2.0,2.0,0.5,0.5,True,True,2.0,4.0,2.0,4.0,True
SSCQ,HALLMARK APOPTOSIS,-0.126714943216483,0.61806192248118,6.0,6.0,0.709544430172367,0.0627009122292191,4.0,4.0,0.3333333333333333,0.6666666666666666,False,False,2.0,6.0,4.0,6.0,False
SSCQ,HALLMARK COMPLEMENT,2.18089400687465,1.53326474841958,6.0,6.0,0.000255076533163,0.0005207812552078,6.0,4.0,1.0,0.6666666666666666,True,True,6.0,6.0,4.0,6.0,True
SSCQ,HALLMARK EPITHELIAL MESENCHYMAL TRANSITION,-3.26504315263969,1.21510123271788,6.0,6.0,0.0004807211586533,0.0114853379526912,1.0,5.0,0.8333333333333334,0.8333333333333334,True,False,5.0,6.0,5.0,6.0,False
SSCQ,HALLMARK ESTROGEN RESPONSE EARLY,-0.012067855378134,0.314788050360042,6.0,6.0,0.966703329667033,0.544746410314721,3.0,4.0,0.5,0.6666666666666666,False,False,3.0,6.0,4.0,6.0,False
SSCQ,HALLMARK ESTROGEN RESPONSE LATE,-1.00780122095549,-0.398774441980028,6.0,6.0,0.000255076533163,0.110092617681237,1.0,3.0,0.8333333333333334,0.5,False,True,5.0,6.0,3.0,6.0,False
SSCQ,HALLMARK FATTY ACID METABOLISM,-0.624508398728793,0.172164836650353,6.0,6.0,0.0072909375729093,0.658232049135512,1.0,5.0,0.8333333333333334,0.8333333333333334,False,False,5.0,6.0,5.0,6.0,False
SSCQ,HALLMARK GLYCOLYSIS,0.149957171402676,0.839292303705844,6.0,6.0,0.524062637983989,0.0062037591861251,3.0,3.0,0.5,0.5,False,True,3.0,6.0,3.0,6.0,False
SSCQ,HALLMARK HYPOXIA,0.684149552483798,0.733059240306612,6.0,6.0,0.0132170690976879,0.003787500037875,5.0,4.0,0.8333333333333334,0.6666666666666666,True,True,5.0,6.0,4.0,6.0,True
SSCQ,HALLMARK IL2 STAT5 SIGNALING,0.36844734065529,0.774074201979158,6.0,6.0,0.0226100985407077,0.0626326256263263,5.0,4.0,0.8333333333333334,0.6666666666666666,False,True,5.0,6.0,4.0,6.0,False
SSCQ,HALLMARK KRAS SIGNALING UP,5.06401836361217,2.40470451286086,6.0,6.0,0.000255076533163,0.0002717119592388,6.0,5.0,1.0,0.8333333333333334,True,True,6.0,6.0,5.0,6.0,True
SSCQ,HALLMARK MTORC1 SIGNALING,0.624505372979994,0.31634854548813,6.0,6.0,0.0062493750624937,0.226426632699049,4.0,4.0,0.6666666666666666,0.6666666666666666,False,True,4.0,6.0,4.0,6.0,False
SSCQ,HALLMARK MYOGENESIS,0.388015701181421,2.26696620684099,6.0,6.0,0.524062637983989,0.0008694782695643,4.0,5.0,0.6666666666666666,0.8333333333333334,False,True,4.0,6.0,5.0,6.0,False
SSCQ,HALLMARK P53 PATHWAY,1.10930084111484,2.81666278202983,6.0,6.0,0.0694956682342237,0.0006817500068175,4.0,6.0,0.6666666666666666,1.0,False,True,4.0,6.0,6.0,6.0,False
SSCQ,HALLMARK TNFA SIGNALING VIA NFKB,-1.40861077132943,-1.44524601792806,6.0,6.0,0.0022056617867625,0.0002717119592388,2.0,1.0,0.6666666666666666,0.8333333333333334,True,True,4.0,6.0,5.0,6.0,True
SSCQ,HALLMARK UV RESPONSE DN,-1.66495189618546,0.710510840419675,6.0,6.0,0.000255076533163,0.0508520576513777,1.0,4.0,0.8333333333333334,0.6666666666666666,False,False,5.0,6.0,4.0,6.0,False
SSCQ,HALLMARK XENOBIOTIC METABOLISM,-1.52639706092778,0.200763047595307,6.0,6.0,0.000255076533163,0.547642604160637,2.0,3.0,0.6666666666666666,0.5,False,False,4.0,6.0,3.0,6.0,False
SSCQ,Lysosomal Genes,2.01041281212279,2.6274185625873,6.0,6.0,0.000255076533163,0.0002717119592388,6.0,5.0,1.0,0.8333333333333334,True,True,6.0,6.0,5.0,6.0,True
