"analysis","label","model","pathway","n_studies","contrib_diff_within_study","contrib_diff_pooled","wilcox_p_pooled","p_adj_pooled","studies_positive","p_perm","p_perm_adj"
"meta_analysis","CICQ","scaled","HALLMARK ADIPOGENESIS",6,2.30378813723305,4.2161257440781,7.11492487148746e-09,3.78453450611035e-08,6,9.99900009999e-05,0.00025507653316301
"meta_analysis","CICQ","scaled","HALLMARK ALLOGRAFT REJECTION",6,2.22050633090997,-0.444930328105234,0.669381102407024,0.743382610164431,4,0.0036996300369963,0.00585384499524731
"meta_analysis","CICQ","scaled","HALLMARK ANDROGEN RESPONSE",6,-1.38778289712204,-1.41736754307187,2.4893868796377e-09,1.48177790454625e-08,0,9.99900009999e-05,0.00025507653316301
"meta_analysis","CICQ","scaled","HALLMARK ANGIOGENESIS",6,-2.21458218174654,-0.368259780326477,0.769849009179657,0.815518018198789,1,0.0001999800019998,0.000480721158653365
"meta_analysis","CICQ","scaled","HALLMARK APICAL JUNCTION",6,2.61413322496969,-0.931806531564811,0.0984044133449598,0.142202909458034,5,0.0001999800019998,0.000480721158653365
"meta_analysis","CICQ","scaled","HALLMARK APICAL SURFACE",6,0.205704584742142,0.340889318925503,0.00156181881298756,0.00345535135616717,5,0.0042995700429957,0.00663513895524028
"meta_analysis","CICQ","scaled","HALLMARK APOPTOSIS",6,0.493051873359036,-1.10686769538084,0.0517495737613437,0.078886545367902,4,0.214878512148785,0.254595393541215
"meta_analysis","CICQ","scaled","HALLMARK BILE ACID METABOLISM",6,-0.115435591149345,-0.546802205101034,0.139226729807175,0.188144229469155,4,0.717228277172283,0.753391047449877
"meta_analysis","CICQ","scaled","HALLMARK CHOLESTEROL HOMEOSTASIS",6,-1.14010550362746,-0.32076577424117,0.113770051728785,0.159789398495484,2,0.001999800019998,0.00340102044217347
"meta_analysis","CICQ","scaled","HALLMARK COAGULATION",6,2.96165407826383,1.05789959491497,0.0952257468736937,0.138409515804787,5,0.0001999800019998,0.000480721158653365
"meta_analysis","CICQ","scaled","HALLMARK COMPLEMENT",6,3.57139446289848,2.03499039342067,5.33005022895772e-05,0.000162501531370662,6,9.99900009999e-05,0.00025507653316301
"meta_analysis","CICQ","scaled","HALLMARK DNA REPAIR",6,0.606435705806003,0.31191523590968,0.12697975270352,0.17346960751847,5,0.0005999400059994,0.00117175782421758
"meta_analysis","CICQ","scaled","HALLMARK E2F TARGETS",6,1.00833345627172,0.498258882585976,0.727897305243046,0.781005692320864,5,0.0007999200079992,0.00153830770769077
"meta_analysis","CICQ","scaled","HALLMARK EPITHELIAL MESENCHYMAL TRANSITION",6,-4.96412348694699,-4.18331675071266,0.00112266349567534,0.00261037848975457,1,0.0005999400059994,0.00117175782421758
"meta_analysis","CICQ","scaled","HALLMARK ESTROGEN RESPONSE EARLY",6,1.64049537300278,2.0140229112274,0.00156181881298756,0.00345535135616717,5,0.0014998500149985,0.00258594830172155
"meta_analysis","CICQ","scaled","HALLMARK ESTROGEN RESPONSE LATE",6,-0.160022227347837,-0.521848367062737,0.0480596540818674,0.0741661328423879,2,0.66963303669633,0.712375570953543
"meta_analysis","CICQ","scaled","HALLMARK FATTY ACID METABOLISM",6,-0.332678558675162,1.32700632048855,0.00118686302213367,0.00272216289480199,3,0.162983701629837,0.198760611743704
"meta_analysis","CICQ","scaled","HALLMARK G2M CHECKPOINT",6,-0.0768955761921908,0.713034993292104,0.0145506113764338,0.0254381317769821,3,0.807519248075192,0.834214099251232
"meta_analysis","CICQ","scaled","HALLMARK GLYCOLYSIS",6,-0.320087589486819,1.81547476539782,0.00487740505879497,0.00937962511306725,2,0.195880411958804,0.234306712869383
"meta_analysis","CICQ","scaled","HALLMARK HEDGEHOG SIGNALING",6,-0.62980433489317,-1.44973637104704,5.44849648171066e-06,1.94589160061095e-05,1,0.0010998900109989,0.00203683335370167
"meta_analysis","CICQ","scaled","HALLMARK HEME METABOLISM",6,2.74612792621073,1.99924754234391,4.02707134306013e-09,2.2881087176478e-08,6,9.99900009999e-05,0.00025507653316301
"meta_analysis","CICQ","scaled","HALLMARK HYPOXIA",6,2.04473899221809,3.85994908088241,4.53765413022111e-07,1.89068922092546e-06,6,9.99900009999e-05,0.00025507653316301
"meta_analysis","CICQ","scaled","HALLMARK IL2 STAT5 SIGNALING",6,1.00228424293625,1.68063279147169,0.000488203360300643,0.00124541673546082,6,0.0040995900409959,0.00636582304502469
"meta_analysis","CICQ","scaled","HALLMARK IL6 JAK STAT3 SIGNALING",6,0.130428132862997,0.794600137639445,4.34459484632832e-06,1.59727751703247e-05,3,0.293070692930707,0.340779875500822
"meta_analysis","CICQ","scaled","HALLMARK INFLAMMATORY RESPONSE",6,2.19155351187267,0.205411144271755,0.675150211732236,0.743382610164431,6,0.0003999600039996,0.000819590172130328
"meta_analysis","CICQ","scaled","HALLMARK INTERFERON ALPHA RESPONSE",6,-0.0157777822792661,0.460897282237073,0.248305525832364,0.3183404177338,4,0.966703329667033,0.966703329667033
"meta_analysis","CICQ","scaled","HALLMARK INTERFERON GAMMA RESPONSE",6,1.11190251240775,-1.51530306778361,0.0242214534459298,0.0401017441157779,4,0.108989101089891,0.136236376362364
"meta_analysis","CICQ","scaled","HALLMARK KRAS SIGNALING DN",6,0.908940344334757,-0.220055254574066,0.354881965177532,0.432782884362844,6,9.99900009999e-05,0.00025507653316301
"meta_analysis","CICQ","scaled","HALLMARK KRAS SIGNALING UP",6,7.16591933258627,8.48424528999576,2.51777487747518e-10,1.74845477602443e-09,6,9.99900009999e-05,0.00025507653316301
"meta_analysis","CICQ","scaled","HALLMARK MITOTIC SPINDLE",6,0.522573922915335,0.764372143662459,0.0037078622180875,0.00747552866549899,5,0.008999100089991,0.0130044798988309
"meta_analysis","CICQ","scaled","HALLMARK MTORC1 SIGNALING",6,1.18243406972984,0.414736785020994,0.393107689499452,0.469296744752933,5,0.0028997100289971,0.00470732147564464
"meta_analysis","CICQ","scaled","HALLMARK MYC TARGETS",6,-0.120989690090118,0.7260779979168,0.00361533632866839,0.00734824457046422,3,0.542045795420458,0.596966735044557
"meta_analysis","CICQ","scaled","HALLMARK MYOGENESIS",6,2.62391808015944,1.70335170655741,0.0508055571487851,0.0779226336637808,6,9.99900009999e-05,0.00025507653316301
"meta_analysis","CICQ","scaled","HALLMARK NOTCH SIGNALING",6,-0.295860764331482,-0.0973081853703304,0.721966905063011,0.777981578731693,1,0.0045995400459954,0.00692701814155934
"meta_analysis","CICQ","scaled","HALLMARK OXIDATIVE PHOSPHORYLATION",6,-0.101035199006244,-0.248653528196191,0.28219511308036,0.358115625736498,1,0.693530646935306,0.734672295482316
"meta_analysis","CICQ","scaled","HALLMARK P53 PATHWAY",6,1.02452341919805,2.20744431711195,0.00318344063392173,0.00652344392197076,3,0.171382861713829,0.207988909846879
"meta_analysis","CICQ","scaled","HALLMARK PANCREAS BETA CELLS",6,-0.00574549755183528,0.115039371358756,0.00128954462260311,0.00293078323318889,2,0.834216578342166,0.853690141189963
"meta_analysis","CICQ","scaled","HALLMARK PEROXISOME",6,0.0403779061914012,0.613521543752685,0.00233195712563061,0.00489906959166095,3,0.836616338366163,0.853690141189963
"meta_analysis","CICQ","scaled","HALLMARK PI3K AKT MTOR SIGNALING",6,0.159986195533452,-0.282005440248689,0.12697975270352,0.17346960751847,3,0.350564943505649,0.402024017781708
"meta_analysis","CICQ","scaled","HALLMARK PROTEIN SECRETION",6,0.330880438418663,0.222326174017441,0.000635527960472837,0.00158881990118209,6,9.99900009999e-05,0.00025507653316301
"meta_analysis","CICQ","scaled","HALLMARK REACTIVE OXYGEN SPECIES PATHWAY",6,-0.274233643752004,-0.350987049365023,1.24606542391189e-08,6.48992408287442e-08,0,9.99900009999e-05,0.00025507653316301
"meta_analysis","CICQ","scaled","HALLMARK SPERMATOGENESIS",6,0.284826296092857,0.0366368259862635,0.579910565727829,0.65305243888269,4,0.0287971202879712,0.0397750280220597
"meta_analysis","CICQ","scaled","HALLMARK TGF BETA SIGNALING",6,0.579669860407413,0.132297368516678,0.680938470910619,0.743382610164431,5,9.99900009999e-05,0.00025507653316301
"meta_analysis","CICQ","scaled","HALLMARK TNFA SIGNALING VIA NFKB",6,-2.16135736052938,-4.55238337561597,8.20544181356782e-06,2.84911174082216e-05,1,0.0003999600039996,0.000819590172130328
"meta_analysis","CICQ","scaled","HALLMARK UNFOLDED PROTEIN RESPONSE",6,0.116284551850076,-0.174830712630815,0.0609242420572386,0.0917533765922268,4,0.106089391060894,0.133278129473485
"meta_analysis","CICQ","scaled","HALLMARK UV RESPONSE DN",6,-0.517985034829728,0.300733309023058,0.527002083449158,0.597147340324044,2,0.0563943605639436,0.0730496898496679
"meta_analysis","CICQ","scaled","HALLMARK UV RESPONSE UP",6,2.03266700354973,0.068835494708934,0.471789808336748,0.548592800391568,5,0.0014998500149985,0.00258594830172155
"meta_analysis","CICQ","scaled","HALLMARK WNT BETA CATENIN SIGNALING",6,0.164040059199501,-0.0392271054762042,0.90558399835036,0.924065304439143,3,0.619238076192381,0.670171078130282
"meta_analysis","CICQ","scaled","HALLMARK XENOBIOTIC METABOLISM",6,-0.81172645662207,-0.505897799165453,0.125022694836035,0.172683280160269,1,0.003999600039996,0.00624937506249375
"meta_analysis","CICQ","scaled","Lysosomal Genes",6,2.93578906937153,2.41777124761922,4.49971738178956e-05,0.000138880166104616,6,9.99900009999e-05,0.00025507653316301
"meta_analysis","SSCQ","scaled","HALLMARK ADIPOGENESIS",6,1.10114579690336,1.98827799978045,0.000220359147940385,0.000605382274561499,4,0.0033996600339966,0.00544817313140481
"meta_analysis","SSCQ","scaled","HALLMARK ALLOGRAFT REJECTION",6,0.294345603999689,0.115018025987565,0.991321814715267,0.991321814715267,3,0.393160683931607,0.44398713281825
"meta_analysis","SSCQ","scaled","HALLMARK ANDROGEN RESPONSE",6,-1.43957749185011,-1.05112022839424,3.37550427914087e-07,1.454958741009e-06,0,9.99900009999e-05,0.00025507653316301
"meta_analysis","SSCQ","scaled","HALLMARK ANGIOGENESIS",6,-2.40817067170742,-1.4594890946004,0.00787127777736634,0.0145764403284562,1,9.99900009999e-05,0.00025507653316301
"meta_analysis","SSCQ","scaled","HALLMARK APICAL JUNCTION",6,2.28719480491514,1.01100414272635,0.208365568455825,0.271309333926855,6,9.99900009999e-05,0.00025507653316301
"meta_analysis","SSCQ","scaled","HALLMARK APICAL SURFACE",6,0.472541443265005,0.423269414475765,1.79440568575107e-05,5.82599248620476e-05,6,9.99900009999e-05,0.00025507653316301
"meta_analysis","SSCQ","scaled","HALLMARK APOPTOSIS",6,-0.126714943216483,0.339947521211303,0.847620674153596,0.872037730610696,4,0.664133586641336,0.709544430172367
"meta_analysis","SSCQ","scaled","HALLMARK BILE ACID METABOLISM",6,-0.156864901897684,-0.368039827748545,0.4314291325739,0.508760769544694,3,0.473752624737526,0.524062637983989
"meta_analysis","SSCQ","scaled","HALLMARK CHOLESTEROL HOMEOSTASIS",6,-1.36768617322115,-0.867354254504183,0.00108832904585474,0.00259125963298747,1,9.99900009999e-05,0.00025507653316301
"meta_analysis","SSCQ","scaled","HALLMARK COAGULATION",6,2.2432937233003,1.97028210389345,0.0132765525519305,0.023539986794203,5,9.99900009999e-05,0.00025507653316301
"meta_analysis","SSCQ","scaled","HALLMARK COMPLEMENT",6,2.18089400687465,1.51996538929032,0.00298439267226835,0.00616610056253792,6,9.99900009999e-05,0.00025507653316301
"meta_analysis","SSCQ","scaled","HALLMARK DNA REPAIR",6,0.632304463371139,0.869318383204848,1.37954436540966e-07,6.38677946948915e-07,6,9.99900009999e-05,0.00025507653316301
"meta_analysis","SSCQ","scaled","HALLMARK E2F TARGETS",6,1.13849043737384,1.95312802341959,0.000756734443350338,0.00185474128272142,5,0.0028997100289971,0.00470732147564464
"meta_analysis","SSCQ","scaled","HALLMARK EPITHELIAL MESENCHYMAL TRANSITION",6,-3.26504315263969,-2.855809822117,0.00188924446769628,0.00410705319064408,1,0.0001999800019998,0.000480721158653365
"meta_analysis","SSCQ","scaled","HALLMARK ESTROGEN RESPONSE EARLY",6,-0.012067855378134,0.593343532701665,0.213657811866898,0.276758823661785,3,0.965503449655035,0.966703329667033
"meta_analysis","SSCQ","scaled","HALLMARK ESTROGEN RESPONSE LATE",6,-1.00780122095549,-0.931625343373086,1.73673163347271e-05,5.71293300484444e-05,1,9.99900009999e-05,0.00025507653316301
"meta_analysis","SSCQ","scaled","HALLMARK FATTY ACID METABOLISM",6,-0.624508398728793,-0.320103931072914,0.351454775097321,0.430704381246717,1,0.0048995100489951,0.00729093757290938
"meta_analysis","SSCQ","scaled","HALLMARK G2M CHECKPOINT",6,0.211956189178183,1.07665921032452,0.0309890325403064,0.0506356740854679,4,0.639436056394361,0.689047474562889
"meta_analysis","SSCQ","scaled","HALLMARK GLYCOLYSIS",6,0.149957171402676,-0.058670894460189,0.962407707787426,0.971465904069201,3,0.473252674732527,0.524062637983989
"meta_analysis","SSCQ","scaled","HALLMARK HEDGEHOG SIGNALING",6,-0.971985608508434,-1.35203379727647,5.00468438070136e-06,1.8132914422831e-05,1,9.99900009999e-05,0.00025507653316301
"meta_analysis","SSCQ","scaled","HALLMARK HEME METABOLISM",6,1.52376153270195,1.75673711350692,6.45473932081586e-08,3.22736966040793e-07,5,9.99900009999e-05,0.00025507653316301
"meta_analysis","SSCQ","scaled","HALLMARK HYPOXIA",6,0.684149552483798,1.66573222118553,0.0135486510655511,0.0238532589182238,5,0.0091990800919908,0.0132170690976879
"meta_analysis","SSCQ","scaled","HALLMARK IL2 STAT5 SIGNALING",6,0.36844734065529,0.886547325940691,0.00218686908252774,0.00463468154974187,5,0.0160983901609839,0.0226100985407077
"meta_analysis","SSCQ","scaled","HALLMARK IL6 JAK STAT3 SIGNALING",6,-0.543888412146704,-0.302518138134542,0.010154351119538,0.0185298378093759,0,9.99900009999e-05,0.00025507653316301
"meta_analysis","SSCQ","scaled","HALLMARK INFLAMMATORY RESPONSE",6,0.0612409544779617,0.688095574441704,0.502392388486838,0.576138060191328,2,0.84031596840316,0.853979642686138
"meta_analysis","SSCQ","scaled","HALLMARK INTERFERON ALPHA RESPONSE",6,-0.968115309682525,-0.809974117241447,0.0449695032505707,0.0702648488290168,2,0.0043995600439956,0.00670664640852988
"meta_analysis","SSCQ","scaled","HALLMARK INTERFERON GAMMA RESPONSE",6,-1.30312485490965,-0.679126287078546,0.497783494245725,0.573483288301526,1,0.0088991100889911,0.0129347530363243
"meta_analysis","SSCQ","scaled","HALLMARK KRAS SIGNALING DN",6,0.376549907222644,0.642314862276606,0.100510713692027,0.144411944959809,4,0.0481951804819518,0.0634147111604629
"meta_analysis","SSCQ","scaled","HALLMARK KRAS SIGNALING UP",6,5.06401836361217,5.63714905165557,4.20776506859788e-06,1.5700615927604e-05,6,9.99900009999e-05,0.00025507653316301
"meta_analysis","SSCQ","scaled","HALLMARK MITOTIC SPINDLE",6,0.805603537355991,1.24940794148259,0.000386063202014064,0.00102676383514379,4,0.000999900009999,0.0018795112969906
"meta_analysis","SSCQ","scaled","HALLMARK MTORC1 SIGNALING",6,0.624505372979994,1.0561222094425,0.0209165499939974,0.0353320101249956,4,0.003999600039996,0.00624937506249375
"meta_analysis","SSCQ","scaled","HALLMARK MYC TARGETS",6,0.320338194310228,0.266134567414043,0.0364426964501587,0.0584017571316646,5,0.0032996700329967,0.00532204844031726
"meta_analysis","SSCQ","scaled","HALLMARK MYOGENESIS",6,0.388015701181421,3.38789964609692,0.00111653462262962,0.00261037848975457,4,0.473252674732527,0.524062637983989
"meta_analysis","SSCQ","scaled","HALLMARK NOTCH SIGNALING",6,-0.2370945115791,-0.153429674031965,0.0786793157375778,0.115704876084673,2,0.0027997200279972,0.00460480267762697
"meta_analysis","SSCQ","scaled","HALLMARK OXIDATIVE PHOSPHORYLATION",6,-0.209045645087468,-0.673525048131107,0.0715599202630601,0.106487976581935,3,0.394260573942606,0.44398713281825
"meta_analysis","SSCQ","scaled","HALLMARK P53 PATHWAY",6,1.10930084111484,4.03802863763118,8.61940660386029e-05,0.000256529958448223,4,0.0530946905309469,0.0694956682342237
"meta_analysis","SSCQ","scaled","HALLMARK PANCREAS BETA CELLS",6,-0.00819770640633216,0.0282137000121928,0.105097163050729,0.150138804358185,4,0.725627437256274,0.759024515958446
"meta_analysis","SSCQ","scaled","HALLMARK PEROXISOME",6,-0.380810102624829,-0.0926647667437913,0.589052376412296,0.660372619296296,2,0.0386961303869613,0.0522920680904882
"meta_analysis","SSCQ","scaled","HALLMARK PI3K AKT MTOR SIGNALING",6,-0.0348563269180242,0.561368742807202,0.121593906330036,0.168880425458383,4,0.821217878212179,0.844874360300595
"meta_analysis","SSCQ","scaled","HALLMARK PROTEIN SECRETION",6,0.277932169850839,0.140444690035234,0.0762447481010344,0.112788088906856,6,9.99900009999e-05,0.00025507653316301
"meta_analysis","SSCQ","scaled","HALLMARK REACTIVE OXYGEN SPECIES PATHWAY",6,-0.280729637707998,-0.190961607367982,0.000493662625617477,0.00124662279196333,0,9.99900009999e-05,0.00025507653316301
"meta_analysis","SSCQ","scaled","HALLMARK SPERMATOGENESIS",6,0.140072122562359,0.152814194837192,0.394209265592464,0.469296744752933,4,0.214078592140786,0.254595393541215
"meta_analysis","SSCQ","scaled","HALLMARK TGF BETA SIGNALING",6,-0.0731548424279367,0.111930908757134,0.830618359964177,0.868847656866293,3,0.423257674232577,0.474504119094817
"meta_analysis","SSCQ","scaled","HALLMARK TNFA SIGNALING VIA NFKB",6,-1.40861077132943,-0.939818259576913,0.298089889103476,0.374484785305874,2,0.0011998800119988,0.0022056617867625
"meta_analysis","SSCQ","scaled","HALLMARK UNFOLDED PROTEIN RESPONSE",6,0.359417088724285,0.301049876959087,0.0209165499939974,0.0353320101249956,5,9.99900009999e-05,0.00025507653316301
"meta_analysis","SSCQ","scaled","HALLMARK UV RESPONSE DN",6,-1.66495189618546,-0.390407220440676,0.378310649898652,0.458006107084321,1,9.99900009999e-05,0.00025507653316301
"meta_analysis","SSCQ","scaled","HALLMARK UV RESPONSE UP",6,1.10891047148488,1.5311669118388,0.00530243132245611,0.0101191437451453,5,0.0012998700129987,0.00233789570683219
"meta_analysis","SSCQ","scaled","HALLMARK WNT BETA CATENIN SIGNALING",6,0.197471410928889,0.702355213731494,0.0110370427811455,0.0199946427194664,4,0.384461553844616,0.436888129368881
"meta_analysis","SSCQ","scaled","HALLMARK XENOBIOTIC METABOLISM",6,-1.52639706092778,-1.85812066212846,9.71962034242883e-05,0.000282547102977582,2,9.99900009999e-05,0.00025507653316301
"meta_analysis","SSCQ","scaled","Lysosomal Genes",6,2.01041281212279,1.16983254221085,0.0087598655140797,0.0161026939597053,6,9.99900009999e-05,0.00025507653316301
"meta_analysis","RS","scaled","HALLMARK ADIPOGENESIS",6,0.533635049807828,0.344374357466986,0.795696683445894,0.839342493086386,3,0.261073892610739,0.307870156380588
"meta_analysis","RS","scaled","HALLMARK ALLOGRAFT REJECTION",6,-0.777256758818585,0.46087122775231,0.443692515385304,0.520765863128291,2,0.346465353464654,0.399153633023794
"meta_analysis","RS","scaled","HALLMARK ANDROGEN RESPONSE",6,-1.37841271852894,-1.35464321016201,1.67324669869535e-05,5.57748899565118e-05,0,0.0045995400459954,0.00692701814155934
"meta_analysis","RS","scaled","HALLMARK ANGIOGENESIS",6,2.99871528567165,0.647930497752667,0.20300912212567,0.265718746237788,6,0.0004999500049995,0.000991964295633929
"meta_analysis","RS","scaled","HALLMARK APICAL JUNCTION",6,2.31196906901773,2.093329848372,0.0181448777593849,0.0310699961633303,5,0.0047995200479952,0.00718491025148982
"meta_analysis","RS","scaled","HALLMARK APICAL SURFACE",6,-0.472722239080269,0.656529398058238,0.00470527888722616,0.00911875753338403,0,0.0003999600039996,0.000819590172130328
"meta_analysis","RS","scaled","HALLMARK APOPTOSIS",6,3.77617348499831,3.38322602336292,7.76975299210392e-07,3.13296491617093e-06,6,0.0003999600039996,0.000819590172130328
"meta_analysis","RS","scaled","HALLMARK BILE ACID METABOLISM",6,2.22148699184538,1.87684936819398,0.000419044463584761,0.00109126162391865,5,0.0014998500149985,0.00258594830172155
"meta_analysis","RS","scaled","HALLMARK CHOLESTEROL HOMEOSTASIS",6,0.330496671428968,-1.48835454251628,8.99666152832804e-05,0.000264607692009648,4,0.358064193580642,0.408749079429957
"meta_analysis","RS","scaled","HALLMARK COAGULATION",6,2.66688461773584,2.15003317402476,0.000341324178574576,0.000917538114447784,6,0.0006999300069993,0.00135645350193663
"meta_analysis","RS","scaled","HALLMARK COMPLEMENT",6,0.951181015765977,1.19235906844714,0.0414502382581354,0.0655858200286953,2,0.0914908509149085,0.11610514075496
"meta_analysis","RS","scaled","HALLMARK DNA REPAIR",6,-0.349651510716774,-0.417212590769199,0.0383248919840626,0.0610268980637939,2,0.0375962403759624,0.0510818483369054
"meta_analysis","RS","scaled","HALLMARK E2F TARGETS",6,5.16408352098585,3.00761431852633,9.83634028801639e-05,0.000282653456552195,6,0.0003999600039996,0.000819590172130328
"meta_analysis","RS","scaled","HALLMARK EPITHELIAL MESENCHYMAL TRANSITION",6,4.13087189864294,0.118354970991489,0.914088116778618,0.928951338189653,6,0.0003999600039996,0.000819590172130328
"meta_analysis","RS","scaled","HALLMARK ESTROGEN RESPONSE EARLY",6,-0.311517200350256,0.319147999742101,0.697734435462422,0.75840699506785,3,0.27037296270373,0.317339158102969
"meta_analysis","RS","scaled","HALLMARK ESTROGEN RESPONSE LATE",6,-0.612469252284927,0.191848500375688,0.965579256276188,0.971465904069201,2,0.0962903709629037,0.121578751215788
"meta_analysis","RS","scaled","HALLMARK FATTY ACID METABOLISM",6,-0.459221345511506,-0.473547994348076,0.347943174115173,0.428501445954647,1,0.0682931706829317,0.0880066632512007
"meta_analysis","RS","scaled","HALLMARK G2M CHECKPOINT",6,3.47501953817765,1.24566319081422,0.00613942327050099,0.011540269305453,6,0.0003999600039996,0.000819590172130328
"meta_analysis","RS","scaled","HALLMARK GLYCOLYSIS",6,-1.91148528352636,-0.0200540193063519,0.738048459684764,0.788513311629021,1,0.0065993400659934,0.00976233737572988
"meta_analysis","RS","scaled","HALLMARK HEDGEHOG SIGNALING",6,-1.27578060946139,-0.855387499231212,0.00397058705257081,0.00781611624521813,0,0.0003999600039996,0.000819590172130328
"meta_analysis","RS","scaled","HALLMARK HEME METABOLISM",6,1.04039124179395,1.67288004904632,0.000419044463584761,0.00109126162391865,4,0.0074992500749925,0.0110283089338125
"meta_analysis","RS","scaled","HALLMARK HYPOXIA",6,2.28156331448032,1.72176615233907,0.0354021822422226,0.0571002939390687,6,0.0014998500149985,0.00258594830172155
"meta_analysis","RS","scaled","HALLMARK IL2 STAT5 SIGNALING",6,-0.754286269739482,-1.3553185043295,0.00397058705257081,0.00781611624521813,2,0.0720927907209279,0.0924266547704204
"meta_analysis","RS","scaled","HALLMARK IL6 JAK STAT3 SIGNALING",6,0.0215749969356106,0.0225913422716417,0.829169394135687,0.868847656866293,5,0.879112088791121,0.889789563553766
"meta_analysis","RS","scaled","HALLMARK INFLAMMATORY RESPONSE",6,3.7382345086347,2.49087644615811,0.0021072897339276,0.00454157270243017,6,0.0003999600039996,0.000819590172130328
"meta_analysis","RS","scaled","HALLMARK INTERFERON ALPHA RESPONSE",6,-2.99373451278255,-2.33593982196019,3.95041328734284e-05,0.000123450415229464,0,0.0012998700129987,0.00233789570683219
"meta_analysis","RS","scaled","HALLMARK INTERFERON GAMMA RESPONSE",6,1.87814721502231,1.66811691162741,0.112764889309276,0.159524993717266,4,0.0254974502549745,0.0356109640432605
"meta_analysis","RS","scaled","HALLMARK KRAS SIGNALING DN",6,0.581979198787398,0.613813172587472,0.120298429579756,0.168014566452173,5,0.0150984901509849,0.0213255510607131
"meta_analysis","RS","scaled","HALLMARK KRAS SIGNALING UP",6,2.9200297780148,2.19105125803636,0.320939992138993,0.397202960568061,6,0.0003999600039996,0.000819590172130328
"meta_analysis","RS","scaled","HALLMARK MITOTIC SPINDLE",6,4.49753120995149,3.2747803877498,3.34507404220474e-07,1.454958741009e-06,6,0.0003999600039996,0.000819590172130328
"meta_analysis","RS","scaled","HALLMARK MTORC1 SIGNALING",6,1.43428340697168,1.22882328151006,0.305413621876563,0.381767027345704,4,0.0122987701229877,0.0174698439246984
"meta_analysis","RS","scaled","HALLMARK MYC TARGETS",6,-1.68941642858483,-1.59096835320428,1.02214682703236e-05,3.5005028323026e-05,0,0.0003999600039996,0.000819590172130328
"meta_analysis","RS","scaled","HALLMARK MYOGENESIS",6,5.077461232794,1.98498074632598,0.142317465652875,0.190263991514539,6,0.0003999600039996,0.000819590172130328
"meta_analysis","RS","scaled","HALLMARK NOTCH SIGNALING",6,-0.385280070974432,0.0968582354053465,0.524442391667546,0.597147340324044,1,0.0014998500149985,0.00258594830172155
"meta_analysis","RS","scaled","HALLMARK OXIDATIVE PHOSPHORYLATION",6,-1.71574947667728,-0.740862790580918,0.0436515776172803,0.0686345560020131,0,0.0008999100089991,0.00171738551335706
"meta_analysis","RS","scaled","HALLMARK P53 PATHWAY",6,4.97062568567848,0.665774641400652,0.888463627781252,0.910311094038168,6,0.0003999600039996,0.000819590172130328
"meta_analysis","RS","scaled","HALLMARK PANCREAS BETA CELLS",6,0.0405061464312762,0.149685310670756,0.00011235726043668,0.000315610282125505,5,0.15038496150385,0.185203154561391
"meta_analysis","RS","scaled","HALLMARK PEROXISOME",6,0.77291293666815,0.270286858871673,0.0619876165546041,0.0927958331655749,6,0.0020997900209979,0.00354694260303699
"meta_analysis","RS","scaled","HALLMARK PI3K AKT MTOR SIGNALING",6,2.34288705459341,1.29646810941463,0.00290529813251128,0.00605270444273183,6,0.0003999600039996,0.000819590172130328
"meta_analysis","RS","scaled","HALLMARK PROTEIN SECRETION",6,0.423000646130524,0.475466096401586,5.56322985900692e-07,2.28001223729792e-06,6,0.0025997400259974,0.0043042053410553
"meta_analysis","RS","scaled","HALLMARK REACTIVE OXYGEN SPECIES PATHWAY",6,-0.112605193726474,-0.283992130379276,2.34698278104088e-05,7.52238070846437e-05,1,0.0337966203379662,0.0461702463633418
"meta_analysis","RS","scaled","HALLMARK SPERMATOGENESIS",6,-0.620074969997729,-0.471087048999879,0.025536538526501,0.0420008857343766,1,0.0010998900109989,0.00203683335370167
"meta_analysis","RS","scaled","HALLMARK TGF BETA SIGNALING",6,0.153457178168754,0.273649810743602,0.388100141500992,0.466466516227154,4,0.594440555944406,0.648952571991709
"meta_analysis","RS","scaled","HALLMARK TNFA SIGNALING VIA NFKB",6,1.78113102145932,0.366808405420567,0.721828954083545,0.777981578731693,4,0.0401959804019598,0.0540268553789782
"meta_analysis","RS","scaled","HALLMARK UNFOLDED PROTEIN RESPONSE",6,1.08465355369196,1.19698968923006,2.55463544096557e-06,9.67664939759685e-06,6,0.0003999600039996,0.000819590172130328
"meta_analysis","RS","scaled","HALLMARK UV RESPONSE DN",6,0.783233523305307,0.163183888028459,0.846026897260918,0.872037730610696,5,0.155484451554845,0.190544671023094
"meta_analysis","RS","scaled","HALLMARK UV RESPONSE UP",6,-0.304206369589815,-0.0875637352775742,0.846026897260918,0.872037730610696,2,0.615038496150385,0.668520104511288
"meta_analysis","RS","scaled","HALLMARK WNT BETA CATENIN SIGNALING",6,2.01811579612543,1.53710793602776,0.00011235726043668,0.000315610282125505,6,0.0004999500049995,0.000991964295633929
"meta_analysis","RS","scaled","HALLMARK XENOBIOTIC METABOLISM",6,0.70927602909677,-0.552220147523349,0.17064935992765,0.226927340329322,4,0.120687931206879,0.149366251493663
"meta_analysis","RS","scaled","Lysosomal Genes",6,-0.742936054218559,0.435803975323518,0.280661350835104,0.35798641688151,2,0.0435956404359564,0.0579729261116441
"meta_analysis","SIPS","scaled","HALLMARK ADIPOGENESIS",4,2.42839641936367,1.71279971125156,0.000728830561107952,0.00180403604234641,4,9.99900009999e-05,0.00025507653316301
"meta_analysis","SIPS","scaled","HALLMARK ALLOGRAFT REJECTION",4,3.35643797020692,2.64706846636999,3.31422795241121e-05,0.000104880631405418,4,9.99900009999e-05,0.00025507653316301
"meta_analysis","SIPS","scaled","HALLMARK ANDROGEN RESPONSE",4,-1.893016719269,-1.67271634465937,5.57629806657619e-16,1.54897168516005e-14,0,9.99900009999e-05,0.00025507653316301
"meta_analysis","SIPS","scaled","HALLMARK ANGIOGENESIS",4,1.61796798075325,0.2484493683671,0.133943161507514,0.181987991178688,3,0.0003999600039996,0.000819590172130328
"meta_analysis","SIPS","scaled","HALLMARK APICAL JUNCTION",4,3.1365797860116,2.27246414714918,0.000455735372095756,0.00117457570127772,4,9.99900009999e-05,0.00025507653316301
"meta_analysis","SIPS","scaled","HALLMARK APICAL SURFACE",4,-0.142715257018077,-0.421674040098841,1.25502308622479e-06,4.98025034216187e-06,1,0.0012998700129987,0.00233789570683219
"meta_analysis","SIPS","scaled","HALLMARK APOPTOSIS",4,2.10486632012061,2.56274840239964,4.57156534849901e-11,3.57153542851485e-10,4,9.99900009999e-05,0.00025507653316301
"meta_analysis","SIPS","scaled","HALLMARK BILE ACID METABOLISM",4,0.642285354546703,0.241248734744586,0.680694024730309,0.743382610164431,4,0.000999900009999,0.0018795112969906
"meta_analysis","SIPS","scaled","HALLMARK CHOLESTEROL HOMEOSTASIS",4,-0.255065716224388,-0.503185352093809,0.00218756969147816,0.00463468154974187,2,0.0446955304469553,0.0591210720197822
"meta_analysis","SIPS","scaled","HALLMARK COAGULATION",4,2.60952431523867,2.68058483674958,9.8526897751583e-10,6.00773766777945e-09,4,9.99900009999e-05,0.00025507653316301
"meta_analysis","SIPS","scaled","HALLMARK COMPLEMENT",4,2.96306804053042,2.80919480068551,7.0318675993164e-08,3.38070557659442e-07,4,9.99900009999e-05,0.00025507653316301
"meta_analysis","SIPS","scaled","HALLMARK DNA REPAIR",4,0.338761767923475,0.75783208898166,6.43897690122408e-06,2.26724538775496e-05,3,9.99900009999e-05,0.00025507653316301
"meta_analysis","SIPS","scaled","HALLMARK E2F TARGETS",4,4.14942193141534,4.21760686704202,1.33226762955019e-15,3.33066907387547e-14,4,9.99900009999e-05,0.00025507653316301
"meta_analysis","SIPS","scaled","HALLMARK EPITHELIAL MESENCHYMAL TRANSITION",4,1.77448588418157,-1.6647623788269,0.0171847969597973,0.0298347169440925,2,0.0406959304069593,0.054406324073475
"meta_analysis","SIPS","scaled","HALLMARK ESTROGEN RESPONSE EARLY",4,-0.228086340217396,0.354764078862456,0.967580040452924,0.971465904069201,3,0.324667533246675,0.375772607924393
"meta_analysis","SIPS","scaled","HALLMARK ESTROGEN RESPONSE LATE",4,-1.0586374323099,-0.992175667021402,1.66906236970289e-07,7.58664713501312e-07,1,9.99900009999e-05,0.00025507653316301
"meta_analysis","SIPS","scaled","HALLMARK FATTY ACID METABOLISM",4,0.422446075627954,-0.402183815900671,0.419210810979396,0.49669527367227,3,0.0024997500249975,0.0041662500416625
"meta_analysis","SIPS","scaled","HALLMARK G2M CHECKPOINT",4,2.13918430630133,1.84642896446458,4.6916306395417e-09,2.60646146641206e-08,4,9.99900009999e-05,0.00025507653316301
"meta_analysis","SIPS","scaled","HALLMARK GLYCOLYSIS",4,-0.425933378988893,-0.437470420706177,0.0831965628145249,0.121632401775621,1,0.0313968603139686,0.0431275553763305
"meta_analysis","SIPS","scaled","HALLMARK HEDGEHOG SIGNALING",4,-0.718194927099705,-1.04335676720173,0.000115229348135521,0.000320081522598669,1,9.99900009999e-05,0.00025507653316301
"meta_analysis","SIPS","scaled","HALLMARK HEME METABOLISM",4,2.19767387560709,2.37708186758122,2.73114864057789e-14,4.87705114388908e-13,4,9.99900009999e-05,0.00025507653316301
"meta_analysis","SIPS","scaled","HALLMARK HYPOXIA",4,2.78195330697536,3.38262779206412,3.24360538428436e-11,2.61581079377771e-10,4,9.99900009999e-05,0.00025507653316301
"meta_analysis","SIPS","scaled","HALLMARK IL2 STAT5 SIGNALING",4,0.501892181418451,0.175787183737842,0.307173919386475,0.38205711366477,3,0.0001999800019998,0.000480721158653365
"meta_analysis","SIPS","scaled","HALLMARK IL6 JAK STAT3 SIGNALING",4,-0.323729179217274,-0.325797699307841,0.00409884270669317,0.0080055521615101,2,0.0004999500049995,0.000991964295633929
"meta_analysis","SIPS","scaled","HALLMARK INFLAMMATORY RESPONSE",4,3.49916921860543,4.78323037562157,8.77076189453874e-14,1.21816137424149e-12,4,9.99900009999e-05,0.00025507653316301
"meta_analysis","SIPS","scaled","HALLMARK INTERFERON ALPHA RESPONSE",4,0.263802983610083,-0.497633611610584,0.0458669239662624,0.0712219316246311,2,0.282371762823718,0.329873554700605
"meta_analysis","SIPS","scaled","HALLMARK INTERFERON GAMMA RESPONSE",4,4.82641669074399,4.63328581506954,1.06623376794346e-10,7.83995417605484e-10,4,9.99900009999e-05,0.00025507653316301
"meta_analysis","SIPS","scaled","HALLMARK KRAS SIGNALING DN",4,0.245958272419907,0.402470878416979,0.142036502668208,0.190263991514539,3,0.0285971402859714,0.0397182503971825
"meta_analysis","SIPS","scaled","HALLMARK KRAS SIGNALING UP",4,3.0888977918637,2.44057937818205,7.4091629156392e-05,0.000223167557699976,3,9.99900009999e-05,0.00025507653316301
"meta_analysis","SIPS","scaled","HALLMARK MITOTIC SPINDLE",4,2.97002735571778,2.68610889128074,2.22044604925031e-16,7.93016446160826e-15,4,9.99900009999e-05,0.00025507653316301
"meta_analysis","SIPS","scaled","HALLMARK MTORC1 SIGNALING",4,1.7613957753494,2.59657919183317,3.88578058618805e-14,6.07153216591882e-13,4,9.99900009999e-05,0.00025507653316301
"meta_analysis","SIPS","scaled","HALLMARK MYC TARGETS",4,-0.999711877706993,-1.32343240360914,5.42377892525088e-13,6.68512864113576e-12,0,9.99900009999e-05,0.00025507653316301
"meta_analysis","SIPS","scaled","HALLMARK MYOGENESIS",4,3.84596172910175,4.41001807302747,6.17190232254927e-09,3.35429474051591e-08,4,9.99900009999e-05,0.00025507653316301
"meta_analysis","SIPS","scaled","HALLMARK NOTCH SIGNALING",4,-0.401963661310211,-0.198674054375789,0.0119092644175495,0.021266543602767,1,9.99900009999e-05,0.00025507653316301
"meta_analysis","SIPS","scaled","HALLMARK OXIDATIVE PHOSPHORYLATION",4,-1.70985795854456,-1.70747374466214,3.08045442066306e-10,2.02661475043622e-09,0,9.99900009999e-05,0.00025507653316301
"meta_analysis","SIPS","scaled","HALLMARK P53 PATHWAY",4,3.59087269695009,5.31687030466618,6.78124223441046e-13,7.70595708455734e-12,4,9.99900009999e-05,0.00025507653316301
"meta_analysis","SIPS","scaled","HALLMARK PANCREAS BETA CELLS",4,0.104113643654443,0.169266653649321,5.29349311051419e-08,2.70076179107867e-07,3,0.0004999500049995,0.000991964295633929
"meta_analysis","SIPS","scaled","HALLMARK PEROXISOME",4,0.0397296967063735,0.365569531808431,0.00112768350757397,0.00261037848975457,2,0.583441655834417,0.639738657713176
"meta_analysis","SIPS","scaled","HALLMARK PI3K AKT MTOR SIGNALING",4,1.95711843754222,2.43998922471134,0,0,4,9.99900009999e-05,0.00025507653316301
"meta_analysis","SIPS","scaled","HALLMARK PROTEIN SECRETION",4,0.342230229510211,0.523125322232759,2.22044604925031e-16,7.93016446160826e-15,4,9.99900009999e-05,0.00025507653316301
"meta_analysis","SIPS","scaled","HALLMARK REACTIVE OXYGEN SPECIES PATHWAY",4,-0.229981387165551,-0.187695026041889,1.9815297881283e-06,7.74035073487619e-06,0,9.99900009999e-05,0.00025507653316301
"meta_analysis","SIPS","scaled","HALLMARK SPERMATOGENESIS",4,-0.569977444503934,0.00901993046689374,0.768249068978136,0.815518018198789,0,9.99900009999e-05,0.00025507653316301
"meta_analysis","SIPS","scaled","HALLMARK TGF BETA SIGNALING",4,-0.300973219144757,0.249436599135393,0.46752985296236,0.546179734769112,1,0.0022997700229977,0.00385867453523104
"meta_analysis","SIPS","scaled","HALLMARK TNFA SIGNALING VIA NFKB",4,2.06630955038126,2.26728926669374,2.72679969492984e-07,1.21732129237939e-06,4,9.99900009999e-05,0.00025507653316301
"meta_analysis","SIPS","scaled","HALLMARK UNFOLDED PROTEIN RESPONSE",4,0.496567651280587,0.955496452092532,0,0,4,9.99900009999e-05,0.00025507653316301
"meta_analysis","SIPS","scaled","HALLMARK UV RESPONSE DN",4,0.40055132154752,-0.497870852626571,0.112943695551824,0.159524993717266,2,0.114288571142886,0.142149964108067
"meta_analysis","SIPS","scaled","HALLMARK UV RESPONSE UP",4,2.54031295525343,2.58995796794908,2.3615114472797e-06,9.08273633569114e-06,4,9.99900009999e-05,0.00025507653316301
"meta_analysis","SIPS","scaled","HALLMARK WNT BETA CATENIN SIGNALING",4,1.07167961024116,1.55655400759966,2.88500112688439e-10,1.9493250857327e-09,4,9.99900009999e-05,0.00025507653316301
"meta_analysis","SIPS","scaled","HALLMARK XENOBIOTIC METABOLISM",4,-0.386966939929556,-0.726972380318667,0.00598645906480248,0.011337990653035,1,0.0547945205479452,0.0713470319634703
"meta_analysis","SIPS","scaled","Lysosomal Genes",4,0.624908601036415,0.326257506554782,0.228564039490422,0.294541288003122,2,0.0086991300869913,0.0127180264429697
"meta_analysis","OIS","scaled","HALLMARK ADIPOGENESIS",15,1.98513092322054,1.08285442847122,0.0013507705340976,0.0030422759776973,15,9.99900009999e-05,0.00025507653316301
"meta_analysis","OIS","scaled","HALLMARK ALLOGRAFT REJECTION",15,4.47315952752877,4.97942601958757,5.61550805855404e-13,6.68512864113576e-12,13,9.99900009999e-05,0.00025507653316301
"meta_analysis","OIS","scaled","HALLMARK ANDROGEN RESPONSE",15,-1.19787556111083,-1.38234327720971,1.68386043863097e-11,1.40321703219248e-10,2,9.99900009999e-05,0.00025507653316301
"meta_analysis","OIS","scaled","HALLMARK ANGIOGENESIS",15,4.14078418903423,3.83878830972366,8.83737527601625e-13,9.60584269132201e-12,15,9.99900009999e-05,0.00025507653316301
"meta_analysis","OIS","scaled","HALLMARK APICAL JUNCTION",15,5.52644631587313,6.66547037576242,3.5527136788005e-15,7.40148683083438e-14,15,9.99900009999e-05,0.00025507653316301
"meta_analysis","OIS","scaled","HALLMARK APICAL SURFACE",15,0.334369320177716,0.109245416183604,0.0116431910415402,0.0209409910819069,13,9.99900009999e-05,0.00025507653316301
"meta_analysis","OIS","scaled","HALLMARK APOPTOSIS",15,1.1284897253189,1.51526629803381,4.46995131575534e-07,1.89068922092546e-06,9,9.99900009999e-05,0.00025507653316301
"meta_analysis","OIS","scaled","HALLMARK BILE ACID METABOLISM",15,-0.503205433390355,0.0667432575456329,0.527878248846455,0.597147340324044,5,0.0036996300369963,0.00585384499524731
"meta_analysis","OIS","scaled","HALLMARK CHOLESTEROL HOMEOSTASIS",15,0.688852654923147,0.682672173144148,1.0774409977321e-05,3.64000337071657e-05,12,9.99900009999e-05,0.00025507653316301
"meta_analysis","OIS","scaled","HALLMARK COAGULATION",15,2.23040372119434,2.80008068671101,9.25775012206032e-11,7.01344706216691e-10,13,9.99900009999e-05,0.00025507653316301
"meta_analysis","OIS","scaled","HALLMARK COMPLEMENT",15,3.10438507232412,3.56201242737348,2.50910403565285e-14,4.82520006856318e-13,15,9.99900009999e-05,0.00025507653316301
"meta_analysis","OIS","scaled","HALLMARK DNA REPAIR",15,0.154688332565912,0.0910543352814478,0.284709528783863,0.359481728262453,7,0.087991200879912,0.112233674591724
"meta_analysis","OIS","scaled","HALLMARK E2F TARGETS",15,3.53087818907312,3.79662643227781,5.73252556534953e-12,5.73252556534953e-11,15,9.99900009999e-05,0.00025507653316301
"meta_analysis","OIS","scaled","HALLMARK EPITHELIAL MESENCHYMAL TRANSITION",15,7.16332325981756,7.53551126536504,3.5527136788005e-15,7.40148683083438e-14,15,9.99900009999e-05,0.00025507653316301
"meta_analysis","OIS","scaled","HALLMARK ESTROGEN RESPONSE EARLY",15,-0.304601492603585,-0.545753545573411,0.00666248459806907,0.0124300085784871,6,0.174382561743826,0.210606958627809
"meta_analysis","OIS","scaled","HALLMARK ESTROGEN RESPONSE LATE",15,-1.70723300456683,-1.37881865793674,1.27397528175508e-07,6.00931736676924e-07,3,9.99900009999e-05,0.00025507653316301
"meta_analysis","OIS","scaled","HALLMARK FATTY ACID METABOLISM",15,0.855572600920362,0.3136189417806,0.0329284626698965,0.0534552965420397,12,9.99900009999e-05,0.00025507653316301
"meta_analysis","OIS","scaled","HALLMARK G2M CHECKPOINT",15,2.37212948874622,2.40575213452788,3.12537906665966e-09,1.81708085270911e-08,14,9.99900009999e-05,0.00025507653316301
"meta_analysis","OIS","scaled","HALLMARK GLYCOLYSIS",15,-1.96331035535619,-2.84153215732635,6.74908845804642e-08,3.3083766951208e-07,1,9.99900009999e-05,0.00025507653316301
"meta_analysis","OIS","scaled","HALLMARK HEDGEHOG SIGNALING",15,-0.040372282675411,0.181785171050015,0.836801647485563,0.871668382797462,7,0.644435556444356,0.691454459704244
"meta_analysis","OIS","scaled","HALLMARK HEME METABOLISM",15,2.23562876902328,2.08023137412614,4.32875957301349e-12,4.50912455522238e-11,15,9.99900009999e-05,0.00025507653316301
"meta_analysis","OIS","scaled","HALLMARK HYPOXIA",15,-0.0774153223807232,-0.467902224221221,0.379229056665818,0.458006107084321,7,0.744025597440256,0.775026664000267
"meta_analysis","OIS","scaled","HALLMARK IL2 STAT5 SIGNALING",15,-0.668146683187216,-0.998782624121002,0.00103705672095358,0.00249292480998457,4,0.0001999800019998,0.000480721158653365
"meta_analysis","OIS","scaled","HALLMARK IL6 JAK STAT3 SIGNALING",15,-0.722727041798129,-0.967423753686685,4.9303584283118e-16,1.54073700884744e-14,1,9.99900009999e-05,0.00025507653316301
"meta_analysis","OIS","scaled","HALLMARK INFLAMMATORY RESPONSE",15,4.23708837448793,4.40364012319001,3.50019568884363e-10,2.18762251146348e-09,14,9.99900009999e-05,0.00025507653316301
"meta_analysis","OIS","scaled","HALLMARK INTERFERON ALPHA RESPONSE",15,-1.85316666579928,-1.92248213063324,3.50019601834157e-10,2.18762251146348e-09,0,9.99900009999e-05,0.00025507653316301
"meta_analysis","OIS","scaled","HALLMARK INTERFERON GAMMA RESPONSE",15,4.92019558403045,5.47068983655464,3.530509218308e-14,5.88418203051333e-13,14,9.99900009999e-05,0.00025507653316301
"meta_analysis","OIS","scaled","HALLMARK KRAS SIGNALING DN",15,-0.0162347570133244,0.285447099331659,0.174547036732265,0.230882323719927,4,0.885111488851115,0.892249484728946
"meta_analysis","OIS","scaled","HALLMARK KRAS SIGNALING UP",15,6.43818554982542,5.46706220667927,1.45661260830821e-13,1.91659553724764e-12,15,9.99900009999e-05,0.00025507653316301
"meta_analysis","OIS","scaled","HALLMARK MITOTIC SPINDLE",15,2.44556057524765,2.56710819489219,1.58431046060059e-11,1.3657848798281e-10,15,9.99900009999e-05,0.00025507653316301
"meta_analysis","OIS","scaled","HALLMARK MTORC1 SIGNALING",15,1.16905713357811,1.03971076825748,0.000308469203191386,0.000838231530411375,10,9.99900009999e-05,0.00025507653316301
"meta_analysis","OIS","scaled","HALLMARK MYC TARGETS",15,-2.10446121105544,-2.28182941114206,3.48305781191214e-20,2.17691113244509e-18,0,9.99900009999e-05,0.00025507653316301
"meta_analysis","OIS","scaled","HALLMARK MYOGENESIS",15,6.89705727444657,6.71460698066186,1.16684439888104e-11,1.12196576815485e-10,15,9.99900009999e-05,0.00025507653316301
"meta_analysis","OIS","scaled","HALLMARK NOTCH SIGNALING",15,-0.89825108510915,-1.06678748886886,5.33841255362339e-17,2.6692062768117e-15,0,9.99900009999e-05,0.00025507653316301
"meta_analysis","OIS","scaled","HALLMARK OXIDATIVE PHOSPHORYLATION",15,-0.599437554450835,-0.601609110574839,0.000830892682766724,0.00201672981254059,5,0.0002999700029997,0.000714214292856429
"meta_analysis","OIS","scaled","HALLMARK P53 PATHWAY",15,1.3111444562141,0.833741773596405,0.0553786316091225,0.0839070175895795,10,9.99900009999e-05,0.00025507653316301
"meta_analysis","OIS","scaled","HALLMARK PANCREAS BETA CELLS",15,0.135475365092101,0.0635819508513055,0.00162261151689935,0.00355835858969156,14,9.99900009999e-05,0.00025507653316301
"meta_analysis","OIS","scaled","HALLMARK PEROXISOME",15,-0.0256497006636931,-0.0531584979614157,0.474352875116201,0.549019531384492,8,0.714528547145285,0.753391047449877
"meta_analysis","OIS","scaled","HALLMARK PI3K AKT MTOR SIGNALING",15,1.71898051371429,1.80441845311365,4.9737991503207e-14,7.3144105151775e-13,15,9.99900009999e-05,0.00025507653316301
"meta_analysis","OIS","scaled","HALLMARK PROTEIN SECRETION",15,0.0117929379316024,0.0947156076678685,0.0174733034180627,0.0301263852035565,6,0.772422757724228,0.801268420875755
"meta_analysis","OIS","scaled","HALLMARK REACTIVE OXYGEN SPECIES PATHWAY",15,-0.0573594782061663,-0.0339227718362911,0.190531156090142,0.250698889592292,7,0.0108989101089891,0.0155698715842701
"meta_analysis","OIS","scaled","HALLMARK SPERMATOGENESIS",15,0.10725728392653,0.0983528186726951,0.59348521406198,0.662371890694175,8,0.189381061893811,0.227621468622369
"meta_analysis","OIS","scaled","HALLMARK TGF BETA SIGNALING",15,0.308002820554101,0.308561051843272,0.0039567086127148,0.00781611624521813,12,0.0043995600439956,0.00670664640852988
"meta_analysis","OIS","scaled","HALLMARK TNFA SIGNALING VIA NFKB",15,3.46758358579571,4.11822618101077,1.49054102394075e-11,1.3308401999471e-10,15,9.99900009999e-05,0.00025507653316301
"meta_analysis","OIS","scaled","HALLMARK UNFOLDED PROTEIN RESPONSE",15,-0.280001350996333,-0.231017415714227,0.0216269003670307,0.0362867455822663,5,9.99900009999e-05,0.00025507653316301
"meta_analysis","OIS","scaled","HALLMARK UV RESPONSE DN",15,0.739251939593724,0.182282519793865,0.675495895848094,0.743382610164431,9,0.0016998300169983,0.00291066783732586
"meta_analysis","OIS","scaled","HALLMARK UV RESPONSE UP",15,2.8127171145529,3.25415773547764,1.86233028998117e-10,1.33023592141512e-09,12,9.99900009999e-05,0.00025507653316301
"meta_analysis","OIS","scaled","HALLMARK WNT BETA CATENIN SIGNALING",15,-0.399969119072116,-0.43045140264246,0.0223969286940447,0.0373282144900746,3,0.0014998500149985,0.00258594830172155
"meta_analysis","OIS","scaled","HALLMARK XENOBIOTIC METABOLISM",15,3.08103662568395,3.15527053081958,0,0,15,9.99900009999e-05,0.00025507653316301
"meta_analysis","OIS","scaled","Lysosomal Genes",15,2.12555628990186,2.13966344731773,1.40221168010157e-11,1.2983441482422e-10,12,9.99900009999e-05,0.00025507653316301
"meta_analysis","CICQ","yugene","HALLMARK ADIPOGENESIS",6,1.23568552289692,1.956077485563,1.02514187183544e-06,5.69523262130802e-06,4,0.0045995400459954,0.00804115392656539
"meta_analysis","CICQ","yugene","HALLMARK ALLOGRAFT REJECTION",6,1.33387706397142,-2.19047613474561,0.00949728183503567,0.0173308062683133,6,0.0002999700029997,0.0006817500068175
"meta_analysis","CICQ","yugene","HALLMARK ANDROGEN RESPONSE",6,-0.191111103657106,0.998853305962963,0.0273732133993576,0.0456220223322628,2,0.448255174482552,0.504791863156027
"meta_analysis","CICQ","yugene","HALLMARK ANGIOGENESIS",6,-0.154892095959258,0.183710269249145,0.350784472903256,0.43848059112907,2,0.117288271172883,0.146610338966103
"meta_analysis","CICQ","yugene","HALLMARK APICAL JUNCTION",6,2.38360849237249,1.08874923644513,0.275177851177986,0.358304493721335,6,9.99900009999e-05,0.000271711959238859
"meta_analysis","CICQ","yugene","HALLMARK APICAL SURFACE",6,-0.0983148279016494,-0.0127451173170855,0.7880448703989,0.846240912023977,2,0.0322967703229677,0.0469429801205926
"meta_analysis","CICQ","yugene","HALLMARK APOPTOSIS",6,1.22779957943127,-1.28864053059253,0.0631363400305225,0.0956611212583674,5,0.0040995900409959,0.00732069650177839
"meta_analysis","CICQ","yugene","HALLMARK BILE ACID METABOLISM",6,0.704525247647714,0.667439914045732,0.000147326062954312,0.000413837255489639,5,0.0003999600039996,0.000869478269564348
"meta_analysis","CICQ","yugene","HALLMARK CHOLESTEROL HOMEOSTASIS",6,-0.558907195426797,-0.824310469354124,0.00252264064040248,0.0054367255181088,1,0.0128987101289871,0.0205393473391514
"meta_analysis","CICQ","yugene","HALLMARK COAGULATION",6,1.4404005058424,-0.611331907212714,0.208655664889059,0.285048722526038,4,0.0047995200479952,0.008332500083325
"meta_analysis","CICQ","yugene","HALLMARK COMPLEMENT",6,1.90062957172731,1.54212601073011,0.00136248944521578,0.00304127108307093,4,0.0011998800119988,0.00238071430952143
"meta_analysis","CICQ","yugene","HALLMARK DNA REPAIR",6,-0.222133090151706,0.124089086800444,0.476673728949889,0.570183886303695,4,0.309369063093691,0.364822008365201
"meta_analysis","CICQ","yugene","HALLMARK E2F TARGETS",6,-0.272126372259314,0.757253076467378,0.0101730006271266,0.0182967637178535,3,0.381161883811619,0.439126594253017
"meta_analysis","CICQ","yugene","HALLMARK EPITHELIAL MESENCHYMAL TRANSITION",6,0.360645674070248,0.941470622715257,0.0739271651062019,0.11066940884162,3,0.631336866313369,0.66878905329806
"meta_analysis","CICQ","yugene","HALLMARK ESTROGEN RESPONSE EARLY",6,1.94646392236871,-0.0356977047060961,0.987382201396969,0.991321814715267,5,9.99900009999e-05,0.000271711959238859
"meta_analysis","CICQ","yugene","HALLMARK ESTROGEN RESPONSE LATE",6,-0.0562366488162697,-1.02112627228854,0.000433542239652899,0.00111339558595445,3,0.812918708129187,0.836336119474472
"meta_analysis","CICQ","yugene","HALLMARK FATTY ACID METABOLISM",6,0.367025771238382,1.79141662677402,3.53668692554265e-07,2.26710700355298e-06,5,0.401259874012599,0.455977129559771
"meta_analysis","CICQ","yugene","HALLMARK G2M CHECKPOINT",6,-0.64211254067718,0.390467324122448,0.0327620052746982,0.05353268835735,1,0.0373962603739626,0.0531196880311969
"meta_analysis","CICQ","yugene","HALLMARK GLYCOLYSIS",6,0.800138877740423,3.32175020204316,2.64045083686604e-06,1.17877269502948e-05,4,0.0232976702329767,0.0348767518457735
"meta_analysis","CICQ","yugene","HALLMARK HEDGEHOG SIGNALING",6,0.138463105177894,-0.300659860951541,0.251560401966079,0.336310697815613,4,0.521347865213479,0.564229291356579
"meta_analysis","CICQ","yugene","HALLMARK HEME METABOLISM",6,1.50235942678606,1.28690372038247,9.16329803812843e-06,3.2385113135792e-05,6,9.99900009999e-05,0.000271711959238859
"meta_analysis","CICQ","yugene","HALLMARK HYPOXIA",6,-0.32166121273962,-0.481189299849048,0.139226729807175,0.195543159841538,3,0.498950104989501,0.547642604160637
"meta_analysis","CICQ","yugene","HALLMARK IL2 STAT5 SIGNALING",6,2.82472882965829,1.50253374642969,0.00125443993481222,0.002825315168496,5,9.99900009999e-05,0.000271711959238859
"meta_analysis","CICQ","yugene","HALLMARK IL6 JAK STAT3 SIGNALING",6,0.291701827177702,0.615916168535349,0.00239399977013766,0.00520434732638621,6,0.0011998800119988,0.00238071430952143
"meta_analysis","CICQ","yugene","HALLMARK INFLAMMATORY RESPONSE",6,0.0978897271160071,-2.44286583366937,0.0273732133993577,0.0456220223322628,2,0.73962603739626,0.767246926759606
"meta_analysis","CICQ","yugene","HALLMARK INTERFERON ALPHA RESPONSE",6,-0.929235778055253,-0.745076057731441,0.271714262932063,0.355646941010554,1,0.0002999700029997,0.0006817500068175
"meta_analysis","CICQ","yugene","HALLMARK INTERFERON GAMMA RESPONSE",6,0.461630384261869,-1.74104003813905,0.0188498775033494,0.0320576148016146,4,0.35046495350465,0.407517387796104
"meta_analysis","CICQ","yugene","HALLMARK KRAS SIGNALING DN",6,1.18784688225829,0.628981136109425,0.054670083371416,0.0838498211218037,6,9.99900009999e-05,0.000271711959238859
"meta_analysis","CICQ","yugene","HALLMARK KRAS SIGNALING UP",6,4.77528065297102,4.79111315924393,6.05214863114156e-07,3.60246942329855e-06,6,9.99900009999e-05,0.000271711959238859
"meta_analysis","CICQ","yugene","HALLMARK MITOTIC SPINDLE",6,0.564554624220825,1.96590722272043,0.000420799330862476,0.0010958315907877,4,0.0718928107189281,0.0956021419134682
"meta_analysis","CICQ","yugene","HALLMARK MTORC1 SIGNALING",6,0.83460722183907,1.85233759533074,0.000142699842295313,0.000405397279248048,5,0.0341965803419658,0.0491330177327095
"meta_analysis","CICQ","yugene","HALLMARK MYC TARGETS",6,0.391277673061347,0.929100119189154,0.00452916104517787,0.00898643064519418,3,0.0828917108289171,0.108497003702771
"meta_analysis","CICQ","yugene","HALLMARK MYOGENESIS",6,3.74502103402814,2.08331801997869,0.000823376949786292,0.00192377792006143,6,9.99900009999e-05,0.000271711959238859
"meta_analysis","CICQ","yugene","HALLMARK NOTCH SIGNALING",6,-0.446990303408294,-0.458645021257463,0.000267086273475474,0.000717973853428693,0,9.99900009999e-05,0.000271711959238859
"meta_analysis","CICQ","yugene","HALLMARK OXIDATIVE PHOSPHORYLATION",6,0.839063272747175,0.87509840130933,0.00734912220024553,0.0140250423668808,4,0.0051994800519948,0.00896462077930138
"meta_analysis","CICQ","yugene","HALLMARK P53 PATHWAY",6,3.37311144597113,1.01168191132216,0.739806791360687,0.800656700606804,6,0.0002999700029997,0.0006817500068175
"meta_analysis","CICQ","yugene","HALLMARK PANCREAS BETA CELLS",6,0.0150499854014914,0.0274253381411404,0.90558399835036,0.935520659452851,2,0.445755424457554,0.504248217712165
"meta_analysis","CICQ","yugene","HALLMARK PEROXISOME",6,-0.638079205991565,-0.156569627804185,0.166423255986651,0.229817387709408,1,0.0131986801319868,0.020883987550612
"meta_analysis","CICQ","yugene","HALLMARK PI3K AKT MTOR SIGNALING",6,-0.264126608575233,0.319424814384599,0.139226729807175,0.195543159841538,2,0.038996100389961,0.055079237838928
"meta_analysis","CICQ","yugene","HALLMARK PROTEIN SECRETION",6,0.378511943370311,0.118095741612566,0.248305525832364,0.333743986333822,6,0.0001999800019998,0.000520781255207813
"meta_analysis","CICQ","yugene","HALLMARK REACTIVE OXYGEN SPECIES PATHWAY",6,-1.03393661559446,-0.942275526192376,4.53765413007348e-07,2.83603383129593e-06,1,9.99900009999e-05,0.000271711959238859
"meta_analysis","CICQ","yugene","HALLMARK SPERMATOGENESIS",6,-0.182973888447985,0.219374016078499,0.0921298545422256,0.135485080209155,1,0.0848915108489151,0.110092617681237
"meta_analysis","CICQ","yugene","HALLMARK TGF BETA SIGNALING",6,-0.230595197518773,-0.0465818372367516,0.563779063742984,0.655557050863934,3,0.225977402259774,0.269020716975921
"meta_analysis","CICQ","yugene","HALLMARK TNFA SIGNALING VIA NFKB",6,-2.89688339286383,-5.81305224872797,1.82090643720221e-05,5.98982380658622e-05,0,9.99900009999e-05,0.000271711959238859
"meta_analysis","CICQ","yugene","HALLMARK UNFOLDED PROTEIN RESPONSE",6,0.105838463838266,-0.594731786988425,5.6568302037477e-06,2.24477389037607e-05,2,0.524647535246475,0.565352947463874
"meta_analysis","CICQ","yugene","HALLMARK UV RESPONSE DN",6,-1.17809763295237,1.46315871975159,0.0489607614184036,0.0765011897162556,2,0.0094990500949905,0.015521323684625
"meta_analysis","CICQ","yugene","HALLMARK UV RESPONSE UP",6,1.82967692725843,0.568735526045054,0.547866939167421,0.640031470989978,5,0.0008999100089991,0.00185931820041136
"meta_analysis","CICQ","yugene","HALLMARK WNT BETA CATENIN SIGNALING",6,-0.0875582207283431,-0.102650169855235,0.69841513551438,0.777239602152579,4,0.471152884711529,0.523503205235032
"meta_analysis","CICQ","yugene","HALLMARK XENOBIOTIC METABOLISM",6,1.11867931999046,1.46932727482708,0.000502839153974977,0.00123244890680141,5,0.0221977802219778,0.03363300033633
"meta_analysis","CICQ","yugene","Lysosomal Genes",6,2.66935067230259,2.07528704596921,2.25172372732008e-05,7.21706322858999e-05,6,9.99900009999e-05,0.000271711959238859
"meta_analysis","SSCQ","yugene","HALLMARK ADIPOGENESIS",6,-0.137718985767744,0.409377339573772,0.858995595119595,0.902306297394533,4,0.665333466653335,0.695955509051605
"meta_analysis","SSCQ","yugene","HALLMARK ALLOGRAFT REJECTION",6,0.690089071881356,-0.17919191163431,0.479575215763769,0.570922875909248,5,0.0321967803219678,0.0469429801205926
"meta_analysis","SSCQ","yugene","HALLMARK ANDROGEN RESPONSE",6,-0.336708227280413,0.48874208109923,0.315242422642529,0.398033361922385,2,0.0948905109489051,0.121033814985848
"meta_analysis","SSCQ","yugene","HALLMARK ANGIOGENESIS",6,-0.425234915954397,-0.450952158326121,0.00463201911779952,0.0091181478696841,2,0.0058994100589941,0.0101017295530721
"meta_analysis","SSCQ","yugene","HALLMARK APICAL JUNCTION",6,2.33286801935657,1.86362519125741,6.55871143913078e-05,0.000197551549371409,6,9.99900009999e-05,0.000271711959238859
"meta_analysis","SSCQ","yugene","HALLMARK APICAL SURFACE",6,0.0950327738930178,-0.0202519521949707,0.687361598259803,0.770584751412336,5,0.0002999700029997,0.0006817500068175
"meta_analysis","SSCQ","yugene","HALLMARK APOPTOSIS",6,0.61806192248118,0.170488092721537,0.830618359964177,0.883636553153379,4,0.0453954604539546,0.0627009122292191
"meta_analysis","SSCQ","yugene","HALLMARK BILE ACID METABOLISM",6,0.622976577449565,0.793530929207263,2.89465217129248e-07,1.97755720570943e-06,6,9.99900009999e-05,0.000271711959238859
"meta_analysis","SSCQ","yugene","HALLMARK CHOLESTEROL HOMEOSTASIS",6,-0.708819759902266,-0.474084639972869,0.0391175010165765,0.0626883029111803,1,0.0002999700029997,0.0006817500068175
"meta_analysis","SSCQ","yugene","HALLMARK COAGULATION",6,0.99231866345852,0.561676802456401,0.265687102804784,0.34958829316419,4,0.0042995700429957,0.0076233511400633
"meta_analysis","SSCQ","yugene","HALLMARK COMPLEMENT",6,1.53326474841958,0.775980040147424,0.121593906330036,0.174703888405224,4,0.0001999800019998,0.000520781255207813
"meta_analysis","SSCQ","yugene","HALLMARK DNA REPAIR",6,-0.117470902711388,0.318739388344837,0.470609188973082,0.5656360444388,3,0.466453354664534,0.520595261902381
"meta_analysis","SSCQ","yugene","HALLMARK E2F TARGETS",6,0.0813170604530554,0.632180606613794,0.362813123259282,0.451260103556321,3,0.852314768523148,0.873273328404864
"meta_analysis","SSCQ","yugene","HALLMARK EPITHELIAL MESENCHYMAL TRANSITION",6,1.21510123271788,1.64750555198065,0.00913969811573501,0.0169253668809908,5,0.0067993200679932,0.0114853379526912
"meta_analysis","SSCQ","yugene","HALLMARK ESTROGEN RESPONSE EARLY",6,0.314788050360042,0.218362302175697,0.655636992092466,0.744898159214248,4,0.492450754924508,0.544746410314721
"meta_analysis","SSCQ","yugene","HALLMARK ESTROGEN RESPONSE LATE",6,-0.398774441980028,-0.654367996133862,0.00518493863754381,0.0101268332764528,3,0.084991500849915,0.110092617681237
"meta_analysis","SSCQ","yugene","HALLMARK FATTY ACID METABOLISM",6,0.172164836650353,0.947779544563619,0.000336191143206932,0.000884713534755084,5,0.618738126187381,0.658232049135512
"meta_analysis","SSCQ","yugene","HALLMARK G2M CHECKPOINT",6,0.288562559057202,0.810566096393569,0.013825664846091,0.0241707427379214,3,0.366163383661634,0.423800212571335
"meta_analysis","SSCQ","yugene","HALLMARK GLYCOLYSIS",6,0.839292303705844,0.507195967572594,0.484092938443098,0.573569832278552,3,0.0033996600339966,0.00620375918612518
"meta_analysis","SSCQ","yugene","HALLMARK HEDGEHOG SIGNALING",6,-0.504118218215634,-0.695208896041181,0.136195623956603,0.193951876165852,2,0.0087991200879912,0.014665200146652
"meta_analysis","SSCQ","yugene","HALLMARK HEME METABOLISM",6,0.673881010599509,0.470675255001273,0.113108721956002,0.164402212145352,5,0.0016998300169983,0.00326890387884288
"meta_analysis","SSCQ","yugene","HALLMARK HYPOXIA",6,0.733059240306612,0.59541788894002,0.0863646448098669,0.127758350310454,4,0.001999800019998,0.003787500037875
"meta_analysis","SSCQ","yugene","HALLMARK IL2 STAT5 SIGNALING",6,0.774074201979158,0.752195283398925,0.301469542729891,0.386499413756271,4,0.0450954904509549,0.0626326256263263
"meta_analysis","SSCQ","yugene","HALLMARK IL6 JAK STAT3 SIGNALING",6,-0.333840575378622,-0.069402625551216,0.881831138212054,0.91476259150628,2,0.0003999600039996,0.000869478269564348
"meta_analysis","SSCQ","yugene","HALLMARK INFLAMMATORY RESPONSE",6,-0.551250798491007,-0.692255698540081,0.390197178962537,0.478182817356051,1,0.0854914508549145,0.110169395431591
"meta_analysis","SSCQ","yugene","HALLMARK INTERFERON ALPHA RESPONSE",6,-1.39566556658754,-1.53631961564817,6.36662653341697e-06,2.41160095962764e-05,1,9.99900009999e-05,0.000271711959238859
"meta_analysis","SSCQ","yugene","HALLMARK INTERFERON GAMMA RESPONSE",6,-1.04617907878063,-1.03403968130185,0.235795697106651,0.318642833927906,1,0.0117988201179882,0.018908365573699
"meta_analysis","SSCQ","yugene","HALLMARK KRAS SIGNALING DN",6,1.18842469142848,1.87989250846053,1.61359120132154e-06,8.0679560066077e-06,5,9.99900009999e-05,0.000271711959238859
"meta_analysis","SSCQ","yugene","HALLMARK KRAS SIGNALING UP",6,2.40470451286086,1.9999519212073,0.000717885446281263,0.00170925106257444,5,9.99900009999e-05,0.000271711959238859
"meta_analysis","SSCQ","yugene","HALLMARK MITOTIC SPINDLE",6,1.37084901342116,1.81512975124345,0.000612173729185983,0.0014858585659854,6,9.99900009999e-05,0.000271711959238859
"meta_analysis","SSCQ","yugene","HALLMARK MTORC1 SIGNALING",6,0.31634854548813,0.740484273112637,0.0434413115552066,0.0687362524607699,4,0.187481251874813,0.226426632699049
"meta_analysis","SSCQ","yugene","HALLMARK MYC TARGETS",6,0.503942302290607,0.0697649876521234,0.962407707787426,0.978056613605108,3,0.003999600039996,0.00719352525179137
"meta_analysis","SSCQ","yugene","HALLMARK MYOGENESIS",6,2.26696620684099,2.5751204694835,5.55019421866199e-06,2.23798153978306e-05,5,0.0003999600039996,0.000869478269564348
"meta_analysis","SSCQ","yugene","HALLMARK NOTCH SIGNALING",6,-0.28232162305615,-0.469711792599075,7.810028668252e-06,2.87133406921029e-05,2,0.0003999600039996,0.000869478269564348
"meta_analysis","SSCQ","yugene","HALLMARK OXIDATIVE PHOSPHORYLATION",6,0.931450227150488,0.648161976679585,0.140049545729216,0.195599924202816,6,9.99900009999e-05,0.000271711959238859
"meta_analysis","SSCQ","yugene","HALLMARK P53 PATHWAY",6,2.81666278202983,4.36485270669399,1.61359120132154e-06,8.0679560066077e-06,6,0.0002999700029997,0.0006817500068175
"meta_analysis","SSCQ","yugene","HALLMARK PANCREAS BETA CELLS",6,-0.00782100026306332,-0.0484229503054455,0.0639302866544753,0.0962805521904748,3,0.505349465053495,0.551691555735256
"meta_analysis","SSCQ","yugene","HALLMARK PEROXISOME",6,-0.501269551756155,-0.463002293730781,0.0309890325403065,0.0509688035202409,1,0.0036996300369963,0.00670222832789185
"meta_analysis","SSCQ","yugene","HALLMARK PI3K AKT MTOR SIGNALING",6,-0.519351833688674,0.151413005453765,0.991321814715267,0.991321814715267,0,0.0027997200279972,0.0051465441691125
"meta_analysis","SSCQ","yugene","HALLMARK PROTEIN SECRETION",6,0.364915317343479,0.217975237738383,0.00086255914831801,0.00199666469518058,6,9.99900009999e-05,0.000271711959238859
"meta_analysis","SSCQ","yugene","HALLMARK REACTIVE OXYGEN SPECIES PATHWAY",6,-0.720076090376116,-0.711241963705294,5.19533842908955e-09,4.63869502597281e-08,0,9.99900009999e-05,0.000271711959238859
"meta_analysis","SSCQ","yugene","HALLMARK SPERMATOGENESIS",6,-0.290828970566113,-0.106276970518231,0.0932225360946131,0.136290257448265,1,0.0231976802319768,0.0348767518457735
"meta_analysis","SSCQ","yugene","HALLMARK TGF BETA SIGNALING",6,-0.398485127906327,0.0224976419283178,0.719646466500986,0.788022875637058,2,0.0004999500049995,0.00106826924145192
"meta_analysis","SSCQ","yugene","HALLMARK TNFA SIGNALING VIA NFKB",6,-1.44524601792806,-2.02043015794895,0.00184342104054871,0.00407836513395733,1,9.99900009999e-05,0.000271711959238859
"meta_analysis","SSCQ","yugene","HALLMARK UNFOLDED PROTEIN RESPONSE",6,0.0658256828259243,-0.237731207240564,0.000756734443350384,0.0017847510456377,2,0.606839316068393,0.648332602637172
"meta_analysis","SSCQ","yugene","HALLMARK UV RESPONSE DN",6,0.710510840419675,1.83320255845537,0.0762447481010344,0.11345944657892,4,0.0355964403559644,0.0508520576513777
"meta_analysis","SSCQ","yugene","HALLMARK UV RESPONSE UP",6,0.988579742787112,1.70200821524242,0.00647307896555693,0.0124482287799172,5,0.0113988601139886,0.0183852582483687
"meta_analysis","SSCQ","yugene","HALLMARK WNT BETA CATENIN SIGNALING",6,-0.0609073205580815,-0.0647629820808957,0.370511571523054,0.458553925152294,3,0.510648935106489,0.555053190333141
"meta_analysis","SSCQ","yugene","HALLMARK XENOBIOTIC METABOLISM",6,0.200763047595307,0.526337249315965,0.950853765456699,0.970258944343571,3,0.499450054994501,0.547642604160637
"meta_analysis","SSCQ","yugene","Lysosomal Genes",6,2.6274185625873,1.62062211998025,1.68082659828261e-05,5.60275532760871e-05,5,9.99900009999e-05,0.000271711959238859
"meta_analysis","RS","yugene","HALLMARK ADIPOGENESIS",6,1.26131842736306,0.365125502776196,0.854482664372314,0.901353021489782,6,0.0002999700029997,0.0006817500068175
"meta_analysis","RS","yugene","HALLMARK ALLOGRAFT REJECTION",6,0.329941185384452,1.74955335308421,0.0143271292322908,0.0248734882505049,2,0.673832616738326,0.70190897576909
"meta_analysis","RS","yugene","HALLMARK ANDROGEN RESPONSE",6,-0.70610011669437,0.196342207906432,0.871443484816178,0.911551762360019,0,0.135986401359864,0.167470937635301
"meta_analysis","RS","yugene","HALLMARK ANGIOGENESIS",6,0.503724824692791,0.823044589279239,0.00121003282371879,0.00275007459936088,5,0.0070992900709929,0.0119115605218002
"meta_analysis","RS","yugene","HALLMARK APICAL JUNCTION",6,1.25756895163349,1.17656360076742,0.0373286535031983,0.0602075056503198,4,0.108089191080892,0.13716902421433
"meta_analysis","RS","yugene","HALLMARK APICAL SURFACE",6,0.160672542659679,0.947354767627235,4.31016561619479e-06,1.76646131811262e-05,5,0.121787821217878,0.151477389574475
"meta_analysis","RS","yugene","HALLMARK APOPTOSIS",6,2.10697766112215,2.35793705788974,0.000181433441353906,0.000503981781538629,5,0.0004999500049995,0.00106826924145192
"meta_analysis","RS","yugene","HALLMARK BILE ACID METABOLISM",6,1.48039863719826,1.25326013537096,5.86755698606112e-06,2.29201444768012e-05,6,0.0043995600439956,0.00774570430280916
"meta_analysis","RS","yugene","HALLMARK CHOLESTEROL HOMEOSTASIS",6,0.479530914303233,-0.846310667318823,0.00397058705257081,0.00807029888733905,3,0.0684931506849315,0.091568383268625
"meta_analysis","RS","yugene","HALLMARK COAGULATION",6,1.69515785264964,2.29805884378083,2.7087101580392e-05,8.57186758873163e-05,6,0.000999900009999,0.00204897543032582
"meta_analysis","RS","yugene","HALLMARK COMPLEMENT",6,1.10556408772455,2.20370870503838,0.000454530811378806,0.00114780507923941,4,0.0414958504149585,0.0580947491842994
"meta_analysis","RS","yugene","HALLMARK DNA REPAIR",6,0.171483477116079,-0.995492256061701,0.0147619611957876,0.0254516572341166,2,0.642435756424358,0.67482747523567
"meta_analysis","RS","yugene","HALLMARK E2F TARGETS",6,2.25381910317901,0.697461442479711,0.0354021822422226,0.0574710750685431,6,0.0002999700029997,0.0006817500068175
"meta_analysis","RS","yugene","HALLMARK EPITHELIAL MESENCHYMAL TRANSITION",6,1.98968018719208,0.425749408768365,0.72992360494109,0.793395222762054,6,0.0022997700229977,0.00432287598307838
"meta_analysis","RS","yugene","HALLMARK ESTROGEN RESPONSE EARLY",6,-0.75705556578859,-0.174793527516565,0.705733558754541,0.777239602152579,1,0.0877912208779122,0.112552847279375
"meta_analysis","RS","yugene","HALLMARK ESTROGEN RESPONSE LATE",6,-0.108018186151724,-0.353909973692844,0.13654212082076,0.193951876165852,2,0.452154784521548,0.506899982647475
"meta_analysis","RS","yugene","HALLMARK FATTY ACID METABOLISM",6,0.443854016809561,0.689608602784358,0.0301238513876236,0.0498739261384497,4,0.205279472052795,0.24673013467884
"meta_analysis","RS","yugene","HALLMARK G2M CHECKPOINT",6,1.42520153448303,0.903933493560407,0.00439777808796493,0.00879555617592986,5,0.0018998100189981,0.00362559163930935
"meta_analysis","RS","yugene","HALLMARK GLYCOLYSIS",6,-2.11470595402852,-0.969577873359482,0.261867433181698,0.346385493626585,1,0.0005999400059994,0.00127105933474449
"meta_analysis","RS","yugene","HALLMARK HEDGEHOG SIGNALING",6,-0.704626613886946,-0.581198185674387,0.0176234137289391,0.0301770783029779,0,0.0008999100089991,0.00185931820041136
"meta_analysis","RS","yugene","HALLMARK HEME METABOLISM",6,0.712356533731108,1.15797030203497,0.000436451069694144,0.00111339558595445,4,0.0145985401459854,0.0228102189781022
"meta_analysis","RS","yugene","HALLMARK HYPOXIA",6,1.19395233820386,1.42702638221092,0.0269935224388524,0.0455971662818453,5,0.031996800319968,0.0469429801205926
"meta_analysis","RS","yugene","HALLMARK IL2 STAT5 SIGNALING",6,-1.85621228383662,-0.820388778965956,0.261867433181698,0.346385493626585,1,0.0196980301969803,0.0302117027561048
"meta_analysis","RS","yugene","HALLMARK IL6 JAK STAT3 SIGNALING",6,-0.106047843453931,0.196060180515561,0.285499531000424,0.367911766753123,2,0.305769423057694,0.362286046276889
"meta_analysis","RS","yugene","HALLMARK INFLAMMATORY RESPONSE",6,0.985566423635035,1.91299912108076,0.0495904901939372,0.0770038667607721,3,0.185281471852815,0.224856155161183
"meta_analysis","RS","yugene","HALLMARK INTERFERON ALPHA RESPONSE",6,-2.31315798413559,-2.39092409827875,1.95848320671092e-06,9.41578464764863e-06,0,0.0012998700129987,0.00253880861913809
"meta_analysis","RS","yugene","HALLMARK INTERFERON GAMMA RESPONSE",6,1.7359971522885,0.844568941893878,0.437299730862578,0.530703556872061,6,0.0214978502149785,0.0327711131325892
"meta_analysis","RS","yugene","HALLMARK KRAS SIGNALING DN",6,0.505459258179145,-0.0136123645278431,0.627338954500994,0.719425406537837,5,0.0524947505249475,0.0713243893002004
"meta_analysis","RS","yugene","HALLMARK KRAS SIGNALING UP",6,1.29845233617535,1.02947657646879,0.922650842281671,0.949229261606658,4,0.0663933606639336,0.0892383879891581
"meta_analysis","RS","yugene","HALLMARK MITOTIC SPINDLE",6,4.50317953792566,3.58727970038297,2.29779620575243e-06,1.0469250534172e-05,6,0.0002999700029997,0.0006817500068175
"meta_analysis","RS","yugene","HALLMARK MTORC1 SIGNALING",6,0.0609342252430484,-0.0533689820693121,0.939802226172072,0.962912116979582,2,0.910608939106089,0.921668966706568
"meta_analysis","RS","yugene","HALLMARK MYC TARGETS",6,-1.98516623575339,-1.72132856167271,7.51622290543828e-05,0.000223697110280901,0,0.0002999700029997,0.0006817500068175
"meta_analysis","RS","yugene","HALLMARK MYOGENESIS",6,0.108890295966575,0.49380002153218,0.9741809372438,0.986013094376315,2,0.886211378862114,0.900621319981823
"meta_analysis","RS","yugene","HALLMARK NOTCH SIGNALING",6,0.000555661415680205,0.388202833102043,0.0123181429022698,0.0216868713068131,3,0.996800319968003,0.996800319968003
"meta_analysis","RS","yugene","HALLMARK OXIDATIVE PHOSPHORYLATION",6,0.753308992610785,2.07370029219642,1.44495718719106e-05,4.88161211888873e-05,6,0.0010998900109989,0.00223554880284329
"meta_analysis","RS","yugene","HALLMARK P53 PATHWAY",6,5.95982657719706,3.19211742413167,0.00311649490990096,0.00649269772896033,6,0.0002999700029997,0.0006817500068175
"meta_analysis","RS","yugene","HALLMARK PANCREAS BETA CELLS",6,-0.0114191892448473,0.00182080585507187,0.705733558754541,0.777239602152579,2,0.395860413958604,0.451895449724434
"meta_analysis","RS","yugene","HALLMARK PEROXISOME",6,1.14440487271506,0.797567745240104,0.00300920674710836,0.0063218629140932,6,0.0011998800119988,0.00238071430952143
"meta_analysis","RS","yugene","HALLMARK PI3K AKT MTOR SIGNALING",6,0.615970186617634,-0.292421493197166,0.0403852951983987,0.0643077949019087,6,0.0002999700029997,0.0006817500068175
"meta_analysis","RS","yugene","HALLMARK PROTEIN SECRETION",6,0.418016764502331,0.74471436208193,6.57789696045796e-07,3.82435869794068e-06,6,0.0240975902409759,0.0356473228416803
"meta_analysis","RS","yugene","HALLMARK REACTIVE OXYGEN SPECIES PATHWAY",6,-0.197593307517406,-0.598321855996143,4.09257359802197e-06,1.70523899917582e-05,2,0.0744925507449255,0.0985351200329702
"meta_analysis","RS","yugene","HALLMARK SPERMATOGENESIS",6,0.437085291924054,-0.0255147874766156,0.982785622116031,0.990711312616967,6,0.0002999700029997,0.0006817500068175
"meta_analysis","RS","yugene","HALLMARK TGF BETA SIGNALING",6,0.205353823826076,0.17245087475277,0.721828954083545,0.788022875637058,4,0.325367463253675,0.380102176698218
"meta_analysis","RS","yugene","HALLMARK TNFA SIGNALING VIA NFKB",6,0.0147501132556239,0.469792192212776,0.879946623048343,0.91476259150628,2,0.992300769923008,0.996285913577317
"meta_analysis","RS","yugene","HALLMARK UNFOLDED PROTEIN RESPONSE",6,0.251643142978097,0.481131628200924,0.00932259291720294,0.0171371193330936,6,0.0096990300969903,0.0157451787288804
"meta_analysis","RS","yugene","HALLMARK UV RESPONSE DN",6,-0.610745183436266,1.22283658273764,0.167307058252449,0.229817387709408,1,0.137386261373863,0.168365516389538
"meta_analysis","RS","yugene","HALLMARK UV RESPONSE UP",6,0.157601328063728,-0.2492395740427,0.829169394135687,0.883636553153379,3,0.774022597740226,0.799610121632465
"meta_analysis","RS","yugene","HALLMARK WNT BETA CATENIN SIGNALING",6,0.269008688123059,0.634436955086125,0.000224593484949853,0.000617015068543553,6,0.0767923207679232,0.101042527326215
"meta_analysis","RS","yugene","HALLMARK XENOBIOTIC METABOLISM",6,3.68184021426418,2.63008259910636,1.37569784997016e-05,4.71129400674712e-05,6,0.0002999700029997,0.0006817500068175
"meta_analysis","RS","yugene","Lysosomal Genes",6,1.30694695452629,2.55766735516592,2.17886186848482e-06,1.02776503230416e-05,6,0.0090990900909909,0.0150647186936935
"meta_analysis","SIPS","yugene","HALLMARK ADIPOGENESIS",4,3.25676904644413,2.86733790412382,2.8643754035329e-13,6.6324264216999e-12,4,9.99900009999e-05,0.000271711959238859
"meta_analysis","SIPS","yugene","HALLMARK ALLOGRAFT REJECTION",4,2.48109503091275,2.40491697482954,3.77851762123349e-06,1.62867138846271e-05,4,9.99900009999e-05,0.000271711959238859
"meta_analysis","SIPS","yugene","HALLMARK ANDROGEN RESPONSE",4,-0.416058531390146,-0.186845779520258,0.658489972745395,0.744898159214248,1,0.0024997500249975,0.00466371273320429
"meta_analysis","SIPS","yugene","HALLMARK ANGIOGENESIS",4,0.313880529706188,0.141963011512706,0.0567582563966775,0.0865217323120084,3,9.99900009999e-05,0.000271711959238859
"meta_analysis","SIPS","yugene","HALLMARK APICAL JUNCTION",4,3.13615249823509,2.53004084380571,2.89205859260733e-08,2.19095347924798e-07,4,9.99900009999e-05,0.000271711959238859
"meta_analysis","SIPS","yugene","HALLMARK APICAL SURFACE",4,0.090876003794085,-0.223983192648319,0.00254628756040117,0.00544078538547259,3,0.0027997200279972,0.0051465441691125
"meta_analysis","SIPS","yugene","HALLMARK APOPTOSIS",4,1.57782661250105,1.02002744803699,0.0100012255440438,0.0181181622174707,4,9.99900009999e-05,0.000271711959238859
"meta_analysis","SIPS","yugene","HALLMARK BILE ACID METABOLISM",4,1.07394659900099,1.00507136240146,9.12381281636954e-13,1.75457938776337e-11,4,9.99900009999e-05,0.000271711959238859
"meta_analysis","SIPS","yugene","HALLMARK CHOLESTEROL HOMEOSTASIS",4,-0.0560822948240578,-0.090574141702278,0.572801988382269,0.659910124864366,2,0.636136386361364,0.67102994341916
"meta_analysis","SIPS","yugene","HALLMARK COAGULATION",4,2.276087184302,2.69279312962832,6.17190232254927e-09,5.32060545047351e-08,4,9.99900009999e-05,0.000271711959238859
"meta_analysis","SIPS","yugene","HALLMARK COMPLEMENT",4,3.48812343249194,2.62101918468801,6.74109922327304e-07,3.83017001322332e-06,3,9.99900009999e-05,0.000271711959238859
"meta_analysis","SIPS","yugene","HALLMARK DNA REPAIR",4,0.753344323817163,0.913914389172362,3.59763834456572e-06,1.57791155463409e-05,3,9.99900009999e-05,0.000271711959238859
"meta_analysis","SIPS","yugene","HALLMARK E2F TARGETS",4,1.93843774267292,1.46017861604747,2.30323511751784e-06,1.0469250534172e-05,4,9.99900009999e-05,0.000271711959238859
"meta_analysis","SIPS","yugene","HALLMARK EPITHELIAL MESENCHYMAL TRANSITION",4,3.17340355328599,0.923938564585688,0.00875409484245671,0.0163322664971207,4,9.99900009999e-05,0.000271711959238859
"meta_analysis","SIPS","yugene","HALLMARK ESTROGEN RESPONSE EARLY",4,0.641725545426634,0.80752242204736,0.120037321503252,0.173464337432444,2,0.0587941205879412,0.0794515143080287
"meta_analysis","SIPS","yugene","HALLMARK ESTROGEN RESPONSE LATE",4,0.300336234907053,-0.288933066932212,0.304773564036196,0.387216540461329,3,0.0240975902409759,0.0356473228416803
"meta_analysis","SIPS","yugene","HALLMARK FATTY ACID METABOLISM",4,1.49813238047921,0.710473886668852,9.19737213056493e-06,3.2385113135792e-05,4,9.99900009999e-05,0.000271711959238859
"meta_analysis","SIPS","yugene","HALLMARK G2M CHECKPOINT",4,1.56681007472749,1.00964167394815,4.9139361024686e-07,2.99630250150524e-06,4,9.99900009999e-05,0.000271711959238859
"meta_analysis","SIPS","yugene","HALLMARK GLYCOLYSIS",4,-0.269237259712614,-1.41508575742645,0.00545257140663976,0.010566998850077,1,0.154284571542846,0.188151916515666
"meta_analysis","SIPS","yugene","HALLMARK HEDGEHOG SIGNALING",4,-0.271667743931005,-1.10667596855769,0.00046451102227314,0.00116127755568285,2,0.0457954204579542,0.0629057973323547
"meta_analysis","SIPS","yugene","HALLMARK HEME METABOLISM",4,2.15116469560498,2.31521690998052,4.55191440096314e-14,1.42247325030098e-12,4,9.99900009999e-05,0.000271711959238859
"meta_analysis","SIPS","yugene","HALLMARK HYPOXIA",4,0.32264670581553,1.23746840673358,0.000628191127529432,0.0015100748257919,3,0.0177982201779822,0.0276369878540096
"meta_analysis","SIPS","yugene","HALLMARK IL2 STAT5 SIGNALING",4,0.603979693828247,0.183888016228433,0.532039939010525,0.624460022312823,3,0.0066993300669933,0.0113934184812811
"meta_analysis","SIPS","yugene","HALLMARK IL6 JAK STAT3 SIGNALING",4,-0.365848239198887,0.0630980556142757,0.505706041394305,0.596351463908379,1,9.99900009999e-05,0.000271711959238859
"meta_analysis","SIPS","yugene","HALLMARK INFLAMMATORY RESPONSE",4,1.2030583637504,2.54252122633201,1.50038907631433e-06,7.81452643913716e-06,3,9.99900009999e-05,0.000271711959238859
"meta_analysis","SIPS","yugene","HALLMARK INTERFERON ALPHA RESPONSE",4,-1.29885053140587,-1.02420855903779,7.60992404397297e-06,2.83952389700484e-05,0,9.99900009999e-05,0.000271711959238859
"meta_analysis","SIPS","yugene","HALLMARK INTERFERON GAMMA RESPONSE",4,3.57252156840745,4.01229429799609,5.29349311051419e-08,3.89227434596632e-07,4,9.99900009999e-05,0.000271711959238859
"meta_analysis","SIPS","yugene","HALLMARK KRAS SIGNALING DN",4,0.882289461261509,0.59187452738516,0.0080018048680992,0.0150409865941714,4,9.99900009999e-05,0.000271711959238859
"meta_analysis","SIPS","yugene","HALLMARK KRAS SIGNALING UP",4,1.12173551997605,0.611692313172578,0.283731512085935,0.367527865396289,2,0.0460953904609539,0.0629718448920135
"meta_analysis","SIPS","yugene","HALLMARK MITOTIC SPINDLE",4,3.38233379558089,3.04934616793,4.37427871702312e-14,1.42247325030098e-12,4,9.99900009999e-05,0.000271711959238859
"meta_analysis","SIPS","yugene","HALLMARK MTORC1 SIGNALING",4,0.163129535514226,0.0265527234260652,0.838964719749681,0.888733813294154,2,0.310868913108689,0.364869616324753
"meta_analysis","SIPS","yugene","HALLMARK MYC TARGETS",4,-0.602842840110968,-1.56542874709511,3.65150808017406e-12,6.08584680029011e-11,0,9.99900009999e-05,0.000271711959238859
"meta_analysis","SIPS","yugene","HALLMARK MYOGENESIS",4,1.34870472920149,1.65300786025745,7.89689535225513e-05,0.000232261628007504,4,9.99900009999e-05,0.000271711959238859
"meta_analysis","SIPS","yugene","HALLMARK NOTCH SIGNALING",4,-0.347817935746617,-0.0968126168273891,0.0504684146735017,0.0778833559776261,0,9.99900009999e-05,0.000271711959238859
"meta_analysis","SIPS","yugene","HALLMARK OXIDATIVE PHOSPHORYLATION",4,0.672342423750169,0.153290693391664,0.464422240403461,0.560896425608045,4,9.99900009999e-05,0.000271711959238859
"meta_analysis","SIPS","yugene","HALLMARK P53 PATHWAY",4,5.39936086491562,7.90874017773903,0,0,4,9.99900009999e-05,0.000271711959238859
"meta_analysis","SIPS","yugene","HALLMARK PANCREAS BETA CELLS",4,0.0841010969179047,-0.00753542098720355,0.572801988382269,0.659910124864366,4,9.99900009999e-05,0.000271711959238859
"meta_analysis","SIPS","yugene","HALLMARK PEROXISOME",4,0.530188272510115,0.546121306250399,0.000259354011657331,0.000704766336025357,3,9.99900009999e-05,0.000271711959238859
"meta_analysis","SIPS","yugene","HALLMARK PI3K AKT MTOR SIGNALING",4,0.0108573862423475,0.255955684276573,0.0112401320119824,0.0199293120779829,3,0.863613638636136,0.881238406771568
"meta_analysis","SIPS","yugene","HALLMARK PROTEIN SECRETION",4,0.214593401457735,0.344443210946364,1.15494880326139e-09,1.15494880326139e-08,4,9.99900009999e-05,0.000271711959238859
"meta_analysis","SIPS","yugene","HALLMARK REACTIVE OXYGEN SPECIES PATHWAY",4,-0.117677692037525,-0.172871893859992,0.00366062705231279,0.00750128494326391,2,0.0185981401859814,0.0287008336203417
"meta_analysis","SIPS","yugene","HALLMARK SPERMATOGENESIS",4,0.174945419993483,0.29498495669326,2.11553425091271e-05,6.86861769776854e-05,4,0.0013998600139986,0.00271290700387326
"meta_analysis","SIPS","yugene","HALLMARK TGF BETA SIGNALING",4,-0.523215890583974,0.0392862154499824,0.63658305375409,0.726692983737546,2,9.99900009999e-05,0.000271711959238859
"meta_analysis","SIPS","yugene","HALLMARK TNFA SIGNALING VIA NFKB",4,0.653387243981359,1.65711644342795,0.00366062705231274,0.00750128494326391,3,0.0136986301369863,0.0215387266304816
"meta_analysis","SIPS","yugene","HALLMARK UNFOLDED PROTEIN RESPONSE",4,-0.425639697671648,-0.25737726724403,6.51787925335955e-05,0.000197551549371409,0,9.99900009999e-05,0.000271711959238859
"meta_analysis","SIPS","yugene","HALLMARK UV RESPONSE DN",4,0.682282994210633,1.5476035202049,0.00741969096847361,0.0140524450160485,4,0.0001999800019998,0.000520781255207813
"meta_analysis","SIPS","yugene","HALLMARK UV RESPONSE UP",4,2.70615647700365,2.49848146854584,1.83732432468275e-06,9.00649178766056e-06,4,9.99900009999e-05,0.000271711959238859
"meta_analysis","SIPS","yugene","HALLMARK WNT BETA CATENIN SIGNALING",4,-0.0978157804898639,0.155860288819918,0.21889626983024,0.297413410095435,3,0.133386661333867,0.165082501650825
"meta_analysis","SIPS","yugene","HALLMARK XENOBIOTIC METABOLISM",4,3.26406157150856,2.11952335885369,1.4259366567515e-06,7.58476945080587e-06,4,9.99900009999e-05,0.000271711959238859
"meta_analysis","SIPS","yugene","Lysosomal Genes",4,1.61378662995078,1.85508555783523,9.8526897751583e-10,1.02632185157899e-08,2,9.99900009999e-05,0.000271711959238859
"meta_analysis","OIS","yugene","HALLMARK ADIPOGENESIS",15,2.14051352353368,1.71310576661176,1.30305644052697e-08,1.0180128441617e-07,15,9.99900009999e-05,0.000271711959238859
"meta_analysis","OIS","yugene","HALLMARK ALLOGRAFT REJECTION",15,3.39495473605764,4.13390782202582,5.38635802627141e-12,8.41618441604908e-11,13,9.99900009999e-05,0.000271711959238859
"meta_analysis","OIS","yugene","HALLMARK ANDROGEN RESPONSE",15,-0.00380932454395391,-0.893294022934916,0.0102560123756684,0.0183143078136935,7,0.97990200979902,0.987804445361915
"meta_analysis","OIS","yugene","HALLMARK ANGIOGENESIS",15,0.710601364145791,0.585562307997343,0.15697325234078,0.218018406028861,7,0.0003999600039996,0.000869478269564348
"meta_analysis","OIS","yugene","HALLMARK APICAL JUNCTION",15,4.89997158648531,5.21875554905555,0,0,13,9.99900009999e-05,0.000271711959238859
"meta_analysis","OIS","yugene","HALLMARK APICAL SURFACE",15,0.298323236244681,0.167196651275873,0.00222236467847337,0.00487360675103808,14,9.99900009999e-05,0.000271711959238859
"meta_analysis","OIS","yugene","HALLMARK APOPTOSIS",15,1.3201614370515,2.06188942813825,8.81359918381008e-09,7.10774133438771e-08,13,9.99900009999e-05,0.000271711959238859
"meta_analysis","OIS","yugene","HALLMARK BILE ACID METABOLISM",15,0.68498018766624,0.713134843767768,8.24945036836944e-06,2.98893129288748e-05,13,9.99900009999e-05,0.000271711959238859
"meta_analysis","OIS","yugene","HALLMARK CHOLESTEROL HOMEOSTASIS",15,-0.692186297969333,-0.455735951623496,0.00424384856859331,0.0085561463076478,4,9.99900009999e-05,0.000271711959238859
"meta_analysis","OIS","yugene","HALLMARK COAGULATION",15,1.46633164608171,1.83884536686752,3.00588695267834e-07,1.97755720570943e-06,13,9.99900009999e-05,0.000271711959238859
"meta_analysis","OIS","yugene","HALLMARK COMPLEMENT",15,3.80428456530542,3.77501286937246,4.41771064174645e-11,5.8127771601927e-10,13,9.99900009999e-05,0.000271711959238859
"meta_analysis","OIS","yugene","HALLMARK DNA REPAIR",15,0.725265898676571,0.482431033930438,0.00108698935542884,0.002493094851901,13,9.99900009999e-05,0.000271711959238859
"meta_analysis","OIS","yugene","HALLMARK E2F TARGETS",15,1.71990166560728,1.56414378079179,3.95660108254425e-06,1.67652588243401e-05,13,9.99900009999e-05,0.000271711959238859
"meta_analysis","OIS","yugene","HALLMARK EPITHELIAL MESENCHYMAL TRANSITION",15,5.73929587081862,5.81697874517955,1.11022302462516e-15,4.62592926927149e-14,15,9.99900009999e-05,0.000271711959238859
"meta_analysis","OIS","yugene","HALLMARK ESTROGEN RESPONSE EARLY",15,-0.91042308549172,-0.583691971758195,0.305126633883527,0.387216540461329,5,0.0006999300069993,0.001470441191175
"meta_analysis","OIS","yugene","HALLMARK ESTROGEN RESPONSE LATE",15,0.320238985326678,0.867844014348008,3.97977675496985e-05,0.000122832615894131,9,0.112288771122888,0.141191910959658
"meta_analysis","OIS","yugene","HALLMARK FATTY ACID METABOLISM",15,1.5114910552208,0.962062102388288,1.32025953571979e-05,4.58423449902706e-05,12,9.99900009999e-05,0.000271711959238859
"meta_analysis","OIS","yugene","HALLMARK G2M CHECKPOINT",15,1.7805064584717,1.532711405938,1.13794070921713e-06,6.18446037618007e-06,13,9.99900009999e-05,0.000271711959238859
"meta_analysis","OIS","yugene","HALLMARK GLYCOLYSIS",15,-1.79186106516012,-2.59474486315145,4.08842803235238e-09,3.78558151143739e-08,1,9.99900009999e-05,0.000271711959238859
"meta_analysis","OIS","yugene","HALLMARK HEDGEHOG SIGNALING",15,1.07257678204447,1.29824798784058,1.86233028998117e-10,2.32791286247647e-09,13,9.99900009999e-05,0.000271711959238859
"meta_analysis","OIS","yugene","HALLMARK HEME METABOLISM",15,2.19069285354962,1.99770754102077,2.34516184249856e-10,2.7918593363078e-09,13,9.99900009999e-05,0.000271711959238859
"meta_analysis","OIS","yugene","HALLMARK HYPOXIA",15,0.867250517531124,1.09357175184731,0.000288067044271978,0.000766135756042494,11,9.99900009999e-05,0.000271711959238859
"meta_analysis","OIS","yugene","HALLMARK IL2 STAT5 SIGNALING",15,-0.797071528706337,-0.654178049865859,0.701587245004798,0.777239602152579,5,0.0012998700129987,0.00253880861913809
"meta_analysis","OIS","yugene","HALLMARK IL6 JAK STAT3 SIGNALING",15,-1.14115173463483,-1.30376728728018,1.09736596808606e-11,1.61377348247949e-10,0,9.99900009999e-05,0.000271711959238859
"meta_analysis","OIS","yugene","HALLMARK INFLAMMATORY RESPONSE",15,1.46168136376738,1.94473505439161,8.60018676756003e-05,0.000250005429289536,11,9.99900009999e-05,0.000271711959238859
"meta_analysis","OIS","yugene","HALLMARK INTERFERON ALPHA RESPONSE",15,-2.08817280865269,-1.98059423159885,1.11441730377974e-13,3.09560362161038e-12,0,9.99900009999e-05,0.000271711959238859
"meta_analysis","OIS","yugene","HALLMARK INTERFERON GAMMA RESPONSE",15,6.8929780079028,7.28605783565987,0,0,13,9.99900009999e-05,0.000271711959238859
"meta_analysis","OIS","yugene","HALLMARK KRAS SIGNALING DN",15,-0.258898337290414,0.00966622904624626,0.381634925166974,0.469993750205633,8,0.0325967403259674,0.0471051160779876
"meta_analysis","OIS","yugene","HALLMARK KRAS SIGNALING UP",15,4.62432090380905,4.13197626541535,1.14330767075899e-12,2.04162084064105e-11,15,9.99900009999e-05,0.000271711959238859
"meta_analysis","OIS","yugene","HALLMARK MITOTIC SPINDLE",15,2.88711284399687,2.71775031900438,3.50019568884363e-10,3.97749510095867e-09,15,9.99900009999e-05,0.000271711959238859
"meta_analysis","OIS","yugene","HALLMARK MTORC1 SIGNALING",15,0.576643695955446,0.169287692337611,0.33530464009979,0.421236985049988,7,0.0094990500949905,0.015521323684625
"meta_analysis","OIS","yugene","HALLMARK MYC TARGETS",15,-2.85464381295856,-2.69540283205592,5.56914346749477e-21,2.78457173374739e-19,0,9.99900009999e-05,0.000271711959238859
"meta_analysis","OIS","yugene","HALLMARK MYOGENESIS",15,3.1315378210167,3.15589227793544,3.80460107862746e-11,5.28416816476036e-10,14,9.99900009999e-05,0.000271711959238859
"meta_analysis","OIS","yugene","HALLMARK NOTCH SIGNALING",15,-0.723084593033593,-0.762378946281888,2.91826762554796e-13,6.6324264216999e-12,0,9.99900009999e-05,0.000271711959238859
"meta_analysis","OIS","yugene","HALLMARK OXIDATIVE PHOSPHORYLATION",15,0.890025996028562,0.880860526103228,3.54600149399253e-05,0.000110812546687267,13,9.99900009999e-05,0.000271711959238859
"meta_analysis","OIS","yugene","HALLMARK P53 PATHWAY",15,4.37465180422615,4.77707238093803,8.28448420975292e-13,1.72593421036519e-11,14,9.99900009999e-05,0.000271711959238859
"meta_analysis","OIS","yugene","HALLMARK PANCREAS BETA CELLS",15,0.0611451911551871,0.059107722596975,0.000137928798150444,0.000396347121121966,13,0.0001999800019998,0.000520781255207813
"meta_analysis","OIS","yugene","HALLMARK PEROXISOME",15,0.813735532312975,0.813507144830968,2.58672661068715e-09,2.48723712566072e-08,13,9.99900009999e-05,0.000271711959238859
"meta_analysis","OIS","yugene","HALLMARK PI3K AKT MTOR SIGNALING",15,0.0570723008677632,-0.0630287217598902,0.788696530006346,0.846240912023977,9,0.562243775622438,0.603265853672143
"meta_analysis","OIS","yugene","HALLMARK PROTEIN SECRETION",15,-0.0648791702642717,0.0371112448002664,0.40620543246706,0.495372478618366,5,0.0415958404159584,0.0580947491842994
"meta_analysis","OIS","yugene","HALLMARK REACTIVE OXYGEN SPECIES PATHWAY",15,0.0766723932446418,0.0827696848170609,0.0445456483148223,0.0700403275390288,10,0.217878212178782,0.260619871027251
"meta_analysis","OIS","yugene","HALLMARK SPERMATOGENESIS",15,0.448299510904566,0.442730760931285,8.21746732881934e-08,5.86961952058524e-07,15,9.99900009999e-05,0.000271711959238859
"meta_analysis","OIS","yugene","HALLMARK TGF BETA SIGNALING",15,0.0526810782415999,-0.122630056249739,0.681983768212026,0.767999738977507,8,0.391860813918608,0.449381667337853
"meta_analysis","OIS","yugene","HALLMARK TNFA SIGNALING VIA NFKB",15,1.59934382322672,2.48116878642891,6.16578800527456e-06,2.3714569251056e-05,12,9.99900009999e-05,0.000271711959238859
"meta_analysis","OIS","yugene","HALLMARK UNFOLDED PROTEIN RESPONSE",15,-0.289226733213468,-0.150766609241128,0.00268919998526708,0.00569745759590482,4,9.99900009999e-05,0.000271711959238859
"meta_analysis","OIS","yugene","HALLMARK UV RESPONSE DN",15,-0.393493441408179,-2.02128243819084,0.000493892567571048,0.00122250635537388,5,0.112388761123888,0.141191910959658
"meta_analysis","OIS","yugene","HALLMARK UV RESPONSE UP",15,1.88787856952804,2.27923426960098,3.00588695267834e-07,1.97755720570943e-06,11,9.99900009999e-05,0.000271711959238859
"meta_analysis","OIS","yugene","HALLMARK WNT BETA CATENIN SIGNALING",15,-0.651694925949728,-0.790255088344271,8.81359925464076e-09,7.10774133438771e-08,1,9.99900009999e-05,0.000271711959238859
"meta_analysis","OIS","yugene","HALLMARK XENOBIOTIC METABOLISM",15,7.36641835827193,7.1889458692593,0,0,15,9.99900009999e-05,0.000271711959238859
"meta_analysis","OIS","yugene","Lysosomal Genes",15,2.47381858293154,2.44409687383208,5.50627099471512e-10,5.98507716816861e-09,12,9.99900009999e-05,0.000271711959238859
