"label","pathway","cohens_d","wilcox_p","n_test","n_control","model","p_adj"
"CICQ","HALLMARK_ADIPOGENESIS",1.8939142317307,7.11492487148746e-09,19,91,"scaled",6.05525520977656e-08
"CICQ","HALLMARK_ALLOGRAFT_REJECTION",-0.162167341727094,0.669381102407024,19,91,"scaled",0.750006837430839
"CICQ","HALLMARK_ANDROGEN_RESPONSE",-1.88155829363572,2.4893868796377e-09,19,91,"scaled",2.370844647274e-08
"CICQ","HALLMARK_ANGIOGENESIS",-0.148756473390784,0.769849009179657,19,91,"scaled",0.828237238512576
"CICQ","HALLMARK_APICAL_JUNCTION",-0.310577768741162,0.0984044133449598,19,91,"scaled",0.143133692138123
"CICQ","HALLMARK_APICAL_SURFACE",0.647835298320697,0.00156181881298756,19,91,"scaled",0.00350970519772485
"CICQ","HALLMARK_APOPTOSIS",-0.462250427175828,0.0517495737613437,19,91,"scaled",0.0790069828417462
"CICQ","HALLMARK_BILE_ACID_METABOLISM",-0.318126279379929,0.139226729807175,19,91,"scaled",0.191376948188557
"CICQ","HALLMARK_CHOLESTEROL_HOMEOSTASIS",-0.26047435122762,0.113770051728785,19,91,"scaled",0.160805726825137
"CICQ","HALLMARK_COAGULATION",0.444578638923787,0.0952257468736937,19,91,"scaled",0.139015688866706
"CICQ","HALLMARK_COMPLEMENT",1.11595297639042,5.33005022895772e-05,19,91,"scaled",0.000166564069654929
"CICQ","HALLMARK_DNA_REPAIR",0.465723845511069,0.12697975270352,19,91,"scaled",0.176360767643778
"CICQ","HALLMARK_E2F_TARGETS",0.192882560798965,0.727897305243046,19,91,"scaled",0.795516180593492
"CICQ","HALLMARK_EPITHELIAL_MESENCHYMAL_TRANSITION",-0.963636126175861,0.00112266349567534,19,91,"scaled",0.0026073607111537
"CICQ","HALLMARK_ESTROGEN_RESPONSE_EARLY",1.08137771694491,0.00156181881298756,19,91,"scaled",0.00350970519772485
"CICQ","HALLMARK_ESTROGEN_RESPONSE_LATE",-0.298166572653297,0.0480596540818674,19,91,"scaled",0.073937929356719
"CICQ","HALLMARK_FATTY_ACID_METABOLISM",0.889322932289406,0.00118686302213367,19,91,"scaled",0.00272842074053716
"CICQ","HALLMARK_G2M_CHECKPOINT",0.39148500951265,0.0145506113764338,19,91,"scaled",0.0256274380319671
"CICQ","HALLMARK_GLYCOLYSIS",0.67176939584024,0.00487740505879497,19,91,"scaled",0.00951688791959994
"CICQ","HALLMARK_HEDGEHOG_SIGNALING",-1.43425683684908,5.44849648171066e-06,19,91,"scaled",3.02694248983925e-05
"CICQ","HALLMARK_HEME_METABOLISM",2.02764153525544,4.02707134306013e-09,19,91,"scaled",3.66097394823648e-08
"CICQ","HALLMARK_HYPOXIA",1.55862589752638,4.53765413022111e-07,19,91,"scaled",2.97551090506303e-06
"CICQ","HALLMARK_IL2_STAT5_SIGNALING",1.0840232673557,0.000488203360300643,19,91,"scaled",0.00122050840075161
"CICQ","HALLMARK_IL6_JAK_STAT3_SIGNALING",1.42595547974526,4.34459484632832e-06,19,91,"scaled",2.48262562647333e-05
"CICQ","HALLMARK_INFLAMMATORY_RESPONSE",0.0722976473423289,0.675150211732236,19,91,"scaled",0.750550995386771
"CICQ","HALLMARK_INTERFERON_ALPHA_RESPONSE",0.314532777022883,0.248305525832364,19,91,"scaled",0.319364020363169
"CICQ","HALLMARK_INTERFERON_GAMMA_RESPONSE",-0.506201808759397,0.0242214534459298,19,91,"scaled",0.0397073007310325
"CICQ","HALLMARK_KRAS_SIGNALING_DN",-0.16145273028532,0.354881965177532,19,91,"scaled",0.435437994082862
"CICQ","HALLMARK_KRAS_SIGNALING_UP",2.32024657260642,2.51777487747518e-10,19,91,"scaled",2.79752764163908e-09
"CICQ","HALLMARK_MITOTIC_SPINDLE",0.579257500520788,0.0037078622180875,19,91,"scaled",0.00745298938309045
"CICQ","HALLMARK_MTORC1_SIGNALING",0.204839038916464,0.393107689499452,19,91,"scaled",0.474950922400559
"CICQ","HALLMARK_MYC_TARGETS_V1",-0.234512444565174,0.145681813832138,19,91,"scaled",0.198206549431481
"CICQ","HALLMARK_MYC_TARGETS_V2",0.795048802201713,0.00524969704792233,19,91,"scaled",0.0101935865008201
"CICQ","HALLMARK_MYOGENESIS",0.470327580511653,0.0508055571487851,19,91,"scaled",0.0778629228333871
"CICQ","HALLMARK_NOTCH_SIGNALING",-0.224372536458363,0.721966905063011,19,91,"scaled",0.791196608288231
"CICQ","HALLMARK_OXIDATIVE_PHOSPHORYLATION",-0.21389201410855,0.28219511308036,19,91,"scaled",0.356082161615597
"CICQ","HALLMARK_P53_PATHWAY",0.583131850722053,0.00318344063392173,19,91,"scaled",0.0065637951214881
"CICQ","HALLMARK_PANCREAS_BETA_CELLS",0.981736327773371,0.00128954462260311,19,91,"scaled",0.00294753056594997
"CICQ","HALLMARK_PEROXISOME",0.915092695239618,0.00233195712563061,19,91,"scaled",0.0049881435842366
"CICQ","HALLMARK_PI3K_AKT_MTOR_SIGNALING",-0.208501054554964,0.12697975270352,19,91,"scaled",0.176360767643778
"CICQ","HALLMARK_PROTEIN_SECRETION",0.864061361178434,0.000635527960472837,19,91,"scaled",0.00156920484067367
"CICQ","HALLMARK_REACTIVE_OXYGEN_SPECIES_PATHWAY",-1.7924960333602,1.24606542391189e-08,19,91,"scaled",1.03838785325991e-07
"CICQ","HALLMARK_SPERMATOGENESIS",0.0443229408648635,0.579910565727829,19,91,"scaled",0.65781581005779
"CICQ","HALLMARK_TGF_BETA_SIGNALING",0.139771773588834,0.680938470910619,19,91,"scaled",0.752418199901236
"CICQ","HALLMARK_TNFA_SIGNALING_VIA_NFKB",-1.57492620567275,8.20544181356782e-06,19,91,"scaled",4.4353739532799e-05
"CICQ","HALLMARK_UNFOLDED_PROTEIN_RESPONSE",-0.342776058285998,0.0609242420572386,19,91,"scaled",0.0916154015898324
"CICQ","HALLMARK_UV_RESPONSE_DN",0.168950759747718,0.527002083449158,19,91,"scaled",0.60850518599015
"CICQ","HALLMARK_UV_RESPONSE_UP",0.0259070823626766,0.471789808336748,19,91,"scaled",0.556684139630382
"CICQ","HALLMARK_WNT_BETA_CATENIN_SIGNALING",-0.0345266130823136,0.90558399835036,19,91,"scaled",0.93359175087666
"CICQ","HALLMARK_XENOBIOTIC_METABOLISM",-0.345613722633964,0.125022694836035,19,91,"scaled",0.174856915854594
"SSCQ","HALLMARK_ADIPOGENESIS",0.879615377027592,0.000220359147940385,22,91,"scaled",0.000591568182390297
"SSCQ","HALLMARK_ALLOGRAFT_REJECTION",0.0417937104528623,0.991321814715267,22,91,"scaled",0.991321814715267
"SSCQ","HALLMARK_ANDROGEN_RESPONSE",-1.38833201743026,3.37550427914087e-07,22,91,"scaled",2.28847747738364e-06
"SSCQ","HALLMARK_ANGIOGENESIS",-0.550743106562933,0.00787127777736634,22,91,"scaled",0.0143767630636828
"SSCQ","HALLMARK_APICAL_JUNCTION",0.349279240656144,0.208365568455825,22,91,"scaled",0.272373292099117
"SSCQ","HALLMARK_APICAL_SURFACE",0.811488137748723,1.79440568575107e-05,22,91,"scaled",5.93191962231757e-05
"SSCQ","HALLMARK_APOPTOSIS",0.150315252147055,0.847620674153596,22,91,"scaled",0.88293820224333
"SSCQ","HALLMARK_BILE_ACID_METABOLISM",-0.198525727390444,0.4314291325739,22,91,"scaled",0.515139262774806
"SSCQ","HALLMARK_CHOLESTEROL_HOMEOSTASIS",-0.634334877588152,0.00108832904585474,22,91,"scaled",0.00256077422554056
"SSCQ","HALLMARK_COAGULATION",0.775558673551683,0.0132765525519305,22,91,"scaled",0.0236027600923209
"SSCQ","HALLMARK_COMPLEMENT",0.77536367335244,0.00298439267226835,22,91,"scaled",0.00618526978708467
"SSCQ","HALLMARK_DNA_REPAIR",1.32583558594451,1.37954436540966e-07,22,91,"scaled",1.00330499302521e-06
"SSCQ","HALLMARK_E2F_TARGETS",0.704652350988748,0.000756734443350338,22,91,"scaled",0.00183450774145536
"SSCQ","HALLMARK_EPITHELIAL_MESENCHYMAL_TRANSITION",-0.658658253857392,0.00188924446769628,22,91,"scaled",0.00412949610425416
"SSCQ","HALLMARK_ESTROGEN_RESPONSE_EARLY",0.382911458060987,0.213657811866898,22,91,"scaled",0.278381513833091
"SSCQ","HALLMARK_ESTROGEN_RESPONSE_LATE",-0.681626300917132,1.73673163347271e-05,22,91,"scaled",5.78910544490903e-05
"SSCQ","HALLMARK_FATTY_ACID_METABOLISM",-0.225277684468433,0.351454775097321,22,91,"scaled",0.432559723196703
"SSCQ","HALLMARK_G2M_CHECKPOINT",0.534956514556589,0.0309890325403064,22,91,"scaled",0.0499823105488813
"SSCQ","HALLMARK_GLYCOLYSIS",-0.0203213331841781,0.962407707787426,22,91,"scaled",0.972128997765077
"SSCQ","HALLMARK_HEDGEHOG_SIGNALING",-1.32473938927486,5.00468438070136e-06,22,91,"scaled",2.81954049616978e-05
"SSCQ","HALLMARK_HEME_METABOLISM",1.6578272383599,6.45473932081586e-08,22,91,"scaled",5.06254064377715e-07
"SSCQ","HALLMARK_HYPOXIA",0.653310031981716,0.0135486510655511,22,91,"scaled",0.023979913390356
"SSCQ","HALLMARK_IL2_STAT5_SIGNALING",0.632136435442134,0.00218686908252774,22,91,"scaled",0.00470445094941541
"SSCQ","HALLMARK_IL6_JAK_STAT3_SIGNALING",-0.558718234509507,0.010154351119538,22,91,"scaled",0.0183789160534625
"SSCQ","HALLMARK_INFLAMMATORY_RESPONSE",0.230633949377615,0.502392388486838,22,91,"scaled",0.584177195914928
"SSCQ","HALLMARK_INTERFERON_ALPHA_RESPONSE",-0.569781050435873,0.0449695032505707,22,91,"scaled",0.0702648488290168
"SSCQ","HALLMARK_INTERFERON_GAMMA_RESPONSE",-0.208559914561621,0.497783494245725,22,91,"scaled",0.580505532648076
"SSCQ","HALLMARK_KRAS_SIGNALING_DN",0.47646686463864,0.100510713692027,22,91,"scaled",0.145667701002938
"SSCQ","HALLMARK_KRAS_SIGNALING_UP",1.46378339846813,4.20776506859788e-06,22,91,"scaled",2.4392840977379e-05
"SSCQ","HALLMARK_MITOTIC_SPINDLE",0.878473632266106,0.000386063202014064,22,91,"scaled",0.00100931556082108
"SSCQ","HALLMARK_MTORC1_SIGNALING",0.499235174951795,0.0209165499939974,22,91,"scaled",0.0350067782326316
"SSCQ","HALLMARK_MYC_TARGETS_V1",-0.128582348799611,0.256457838962313,22,91,"scaled",0.326697884028424
"SSCQ","HALLMARK_MYC_TARGETS_V2",0.318247292463927,0.0182628511930427,22,91,"scaled",0.0308471182960654
"SSCQ","HALLMARK_MYOGENESIS",0.885988026908144,0.00111653462262962,22,91,"scaled",0.0026073607111537
"SSCQ","HALLMARK_NOTCH_SIGNALING",-0.383135614111596,0.0786793157375778,22,91,"scaled",0.116131831346978
"SSCQ","HALLMARK_OXIDATIVE_PHOSPHORYLATION",-0.518090681197855,0.0715599202630601,22,91,"scaled",0.106408803365145
"SSCQ","HALLMARK_P53_PATHWAY",1.00593535310447,8.61940660386029e-05,22,91,"scaled",0.000255389825299564
"SSCQ","HALLMARK_PANCREAS_BETA_CELLS",0.263380200697258,0.105097163050729,22,91,"scaled",0.150138804358185
"SSCQ","HALLMARK_PEROXISOME",-0.147073419487124,0.589052376412296,22,91,"scaled",0.665595905550617
"SSCQ","HALLMARK_PI3K_AKT_MTOR_SIGNALING",0.410415241769643,0.121593906330036,22,91,"scaled",0.170658114147419
"SSCQ","HALLMARK_PROTEIN_SECRETION",0.551019448770242,0.0762447481010344,22,91,"scaled",0.112955182371903
"SSCQ","HALLMARK_REACTIVE_OXYGEN_SPECIES_PATHWAY",-0.903310529125082,0.000493662625617477,22,91,"scaled",0.00122649099532292
"SSCQ","HALLMARK_SPERMATOGENESIS",0.193719778568717,0.394209265592464,22,91,"scaled",0.474950922400559
"SSCQ","HALLMARK_TGF_BETA_SIGNALING",0.140360696084678,0.830618359964177,22,91,"scaled",0.874335115751765
"SSCQ","HALLMARK_TNFA_SIGNALING_VIA_NFKB",-0.320286645868851,0.298089889103476,22,91,"scaled",0.37378042520812
"SSCQ","HALLMARK_UNFOLDED_PROTEIN_RESPONSE",0.556282134751981,0.0209165499939974,22,91,"scaled",0.0350067782326316
"SSCQ","HALLMARK_UV_RESPONSE_DN",-0.205846024546841,0.378310649898652,22,91,"scaled",0.46106876190373
"SSCQ","HALLMARK_UV_RESPONSE_UP",0.604794721163087,0.00530243132245611,22,91,"scaled",0.0102462441013645
"SSCQ","HALLMARK_WNT_BETA_CATENIN_SIGNALING",0.612009884610442,0.0110370427811455,22,91,"scaled",0.0198865635696315
"SSCQ","HALLMARK_XENOBIOTIC_METABOLISM",-1.17341766345212,9.71962034242883e-05,22,91,"scaled",0.000283784535545367
"RS","HALLMARK_ADIPOGENESIS",0.141078692525883,0.795696683445894,11,91,"scaled",0.85329403050498
"RS","HALLMARK_ALLOGRAFT_REJECTION",0.172862837111855,0.443692515385304,11,91,"scaled",0.528205375458696
"RS","HALLMARK_ANDROGEN_RESPONSE",-1.72661701286207,1.67324669869535e-05,11,91,"scaled",5.62435865107682e-05
"RS","HALLMARK_ANGIOGENESIS",0.264759810049565,0.20300912212567,11,91,"scaled",0.266241471640223
"RS","HALLMARK_APICAL_JUNCTION",0.755404170484572,0.0181448777593849,11,91,"scaled",0.0308471182960654
"RS","HALLMARK_APICAL_SURFACE",1.09921460301997,0.00470527888722616,11,91,"scaled",0.00922603703377679
"RS","HALLMARK_APOPTOSIS",1.46956035310268,7.76975299210392e-07,11,91,"scaled",4.85609562006495e-06
"RS","HALLMARK_BILE_ACID_METABOLISM",1.17456795435292,0.000419044463584761,11,91,"scaled",0.00108140506731551
"RS","HALLMARK_CHOLESTEROL_HOMEOSTASIS",-1.23384701072222,8.99666152832804e-05,11,91,"scaled",0.000264607692009648
"RS","HALLMARK_COAGULATION",0.983035226551558,0.000341324178574576,11,91,"scaled",0.000898221522564673
"RS","HALLMARK_COMPLEMENT",0.644455297466927,0.0414502382581354,11,91,"scaled",0.0652759657608432
"RS","HALLMARK_DNA_REPAIR",-0.631394123568378,0.0383248919840626,11,91,"scaled",0.0608331618794644
"RS","HALLMARK_E2F_TARGETS",1.14595190380945,9.83634028801639e-05,11,91,"scaled",0.000285111312696127
"RS","HALLMARK_EPITHELIAL_MESENCHYMAL_TRANSITION",0.0254614098615785,0.914088116778618,11,91,"scaled",0.934216263127424
"RS","HALLMARK_ESTROGEN_RESPONSE_EARLY",0.205282595177567,0.697734435462422,11,91,"scaled",0.768853372410382
"RS","HALLMARK_ESTROGEN_RESPONSE_LATE",0.131010145654784,0.965579256276188,11,91,"scaled",0.972442251711481
"RS","HALLMARK_FATTY_ACID_METABOLISM",-0.330474899094182,0.347943174115173,11,91,"scaled",0.429559474216263
"RS","HALLMARK_G2M_CHECKPOINT",0.663788285420915,0.00613942327050099,11,91,"scaled",0.0115838174915113
"RS","HALLMARK_GLYCOLYSIS",-0.00742700581005985,0.738048459684764,11,91,"scaled",0.804412490119634
"RS","HALLMARK_HEDGEHOG_SIGNALING",-0.868933505830794,0.00397058705257081,11,91,"scaled",0.0078625486189521
"RS","HALLMARK_HEME_METABOLISM",1.5471912104639,0.000419044463584761,11,91,"scaled",0.00108140506731551
"RS","HALLMARK_HYPOXIA",0.700371741730883,0.0354021822422226,11,91,"scaled",0.0564178203063308
"RS","HALLMARK_IL2_STAT5_SIGNALING",-0.913351184268861,0.00397058705257081,11,91,"scaled",0.0078625486189521
"RS","HALLMARK_IL6_JAK_STAT3_SIGNALING",0.0419121249630005,0.829169394135687,11,91,"scaled",0.874335115751765
"RS","HALLMARK_INFLAMMATORY_RESPONSE",0.885705635980858,0.0021072897339276,11,91,"scaled",0.00458106463897304
"RS","HALLMARK_INTERFERON_ALPHA_RESPONSE",-1.69958306564227,3.95041328734284e-05,11,91,"scaled",0.000124422465743082
"RS","HALLMARK_INTERFERON_GAMMA_RESPONSE",0.572751565660555,0.112764889309276,11,91,"scaled",0.160203823477765
"RS","HALLMARK_KRAS_SIGNALING_DN",0.465886683827857,0.120298429579756,11,91,"scaled",0.169434407858811
"RS","HALLMARK_KRAS_SIGNALING_UP",0.55668033948794,0.320939992138993,11,91,"scaled",0.398683220048439
"RS","HALLMARK_MITOTIC_SPINDLE",2.45091384320258,3.34507404220474e-07,11,91,"scaled",2.28847747738364e-06
"RS","HALLMARK_MTORC1_SIGNALING",0.601710646351182,0.305413621876563,11,91,"scaled",0.381767027345704
"RS","HALLMARK_MYC_TARGETS_V1",-2.33644929560828,5.25988033126247e-07,11,91,"scaled",3.39347118145966e-06
"RS","HALLMARK_MYC_TARGETS_V2",-1.08786539825679,0.000166460009206138,11,91,"scaled",0.000459200025396244
"RS","HALLMARK_MYOGENESIS",0.5321463192132,0.142317465652875,11,91,"scaled",0.194290055498805
"RS","HALLMARK_NOTCH_SIGNALING",0.227171537650248,0.524442391667546,11,91,"scaled",0.608049149759474
"RS","HALLMARK_OXIDATIVE_PHOSPHORYLATION",-0.600431719076856,0.0436515776172803,11,91,"scaled",0.0684730629290671
"RS","HALLMARK_P53_PATHWAY",0.167811407629834,0.888463627781252,11,91,"scaled",0.918308659205428
"RS","HALLMARK_PANCREAS_BETA_CELLS",1.37795190189493,0.00011235726043668,11,91,"scaled",0.000314286043179523
"RS","HALLMARK_PEROXISOME",0.449367136844357,0.0619876165546041,11,91,"scaled",0.0928653431529649
"RS","HALLMARK_PI3K_AKT_MTOR_SIGNALING",0.94624093072399,0.00290529813251128,11,91,"scaled",0.00605270444273183
"RS","HALLMARK_PROTEIN_SECRETION",1.94520688284084,5.56322985900692e-07,11,91,"scaled",3.53220943429011e-06
"RS","HALLMARK_REACTIVE_OXYGEN_SPECIES_PATHWAY",-1.44184050947517,2.34698278104088e-05,11,91,"scaled",7.69502551160946e-05
"RS","HALLMARK_SPERMATOGENESIS",-0.616481819192748,0.025536538526501,11,91,"scaled",0.041692307798369
"RS","HALLMARK_TGF_BETA_SIGNALING",0.32790922394108,0.388100141500992,11,91,"scaled",0.470424413940596
"RS","HALLMARK_TNFA_SIGNALING_VIA_NFKB",0.138128493081287,0.721828954083545,11,91,"scaled",0.791196608288231
"RS","HALLMARK_UNFOLDED_PROTEIN_RESPONSE",2.19901878771698,2.55463544096557e-06,11,91,"scaled",1.50272672997975e-05
"RS","HALLMARK_UV_RESPONSE_DN",0.0883975585013176,0.846026897260918,11,91,"scaled",0.88293820224333
"RS","HALLMARK_UV_RESPONSE_UP",-0.0340535298945446,0.846026897260918,11,91,"scaled",0.88293820224333
"RS","HALLMARK_WNT_BETA_CATENIN_SIGNALING",1.38210197311629,0.00011235726043668,11,91,"scaled",0.000314286043179523
"RS","HALLMARK_XENOBIOTIC_METABOLISM",-0.38986288688892,0.17064935992765,11,91,"scaled",0.229059543527047
"SIPS","HALLMARK_ADIPOGENESIS",0.705630127391528,0.000728830561107952,39,91,"scaled",0.00177763551489744
"SIPS","HALLMARK_ALLOGRAFT_REJECTION",0.871701516433335,3.31422795241121e-05,39,91,"scaled",0.000105213585790832
"SIPS","HALLMARK_ANDROGEN_RESPONSE",-2.15840218859706,5.57629806657619e-16,39,91,"scaled",2.23051922663048e-14
"SIPS","HALLMARK_ANGIOGENESIS",0.102094722032003,0.133943161507514,39,91,"scaled",0.18538845883393
"SIPS","HALLMARK_APICAL_JUNCTION",0.761829949624346,0.000455735372095756,39,91,"scaled",0.00114650408074404
"SIPS","HALLMARK_APICAL_SURFACE",-0.880718309186583,1.25502308622479e-06,39,91,"scaled",7.72321899215256e-06
"SIPS","HALLMARK_APOPTOSIS",1.22261230617913,4.57156534849901e-11,39,91,"scaled",5.71445668562376e-10
"SIPS","HALLMARK_BILE_ACID_METABOLISM",0.140812396512959,0.680694024730309,39,91,"scaled",0.752418199901236
"SIPS","HALLMARK_CHOLESTEROL_HOMEOSTASIS",-0.461092976222301,0.00218756969147816,39,91,"scaled",0.00470445094941541
"SIPS","HALLMARK_COAGULATION",1.20942504976647,9.8526897751583e-10,39,91,"scaled",9.61238026844712e-09
"SIPS","HALLMARK_COMPLEMENT",1.34268132888792,7.0318675993164e-08,39,91,"scaled",5.30706988627653e-07
"SIPS","HALLMARK_DNA_REPAIR",1.08015965262503,6.43897690122408e-06,39,91,"scaled",3.52820652121867e-05
"SIPS","HALLMARK_E2F_TARGETS",1.74217998366591,1.33226762955019e-15,39,91,"scaled",4.84460956200068e-14
"SIPS","HALLMARK_EPITHELIAL_MESENCHYMAL_TRANSITION",-0.359784375512326,0.0171847969597973,39,91,"scaled",0.0296289602755126
"SIPS","HALLMARK_ESTROGEN_RESPONSE_EARLY",0.190800726729483,0.967580040452924,39,91,"scaled",0.972442251711481
"SIPS","HALLMARK_ESTROGEN_RESPONSE_LATE",-0.658469629774543,1.66906236970289e-07,39,91,"scaled",1.19218740693063e-06
"SIPS","HALLMARK_FATTY_ACID_METABOLISM",-0.306189658466019,0.419210810979396,39,91,"scaled",0.502048875424426
"SIPS","HALLMARK_G2M_CHECKPOINT",1.05902709131614,4.6916306395417e-09,39,91,"scaled",4.17033834625929e-08
"SIPS","HALLMARK_GLYCOLYSIS",-0.172645477920882,0.0831965628145249,39,91,"scaled",0.122347886491948
"SIPS","HALLMARK_HEDGEHOG_SIGNALING",-0.941547991232382,0.000115229348135521,39,91,"scaled",0.000320081522598669
"SIPS","HALLMARK_HEME_METABOLISM",2.19827290857763,2.73114864057789e-14,39,91,"scaled",7.28306304154103e-13
"SIPS","HALLMARK_HYPOXIA",1.41876938839841,3.24360538428436e-11,39,91,"scaled",4.18529727004434e-10
"SIPS","HALLMARK_IL2_STAT5_SIGNALING",0.13332182523149,0.307173919386475,39,91,"scaled",0.382771239110873
"SIPS","HALLMARK_IL6_JAK_STAT3_SIGNALING",-0.552213070431178,0.00409884270669317,39,91,"scaled",0.00807653735308999
"SIPS","HALLMARK_INFLAMMATORY_RESPONSE",1.80492551376665,8.77076189453874e-14,39,91,"scaled",1.75415237890775e-12
"SIPS","HALLMARK_INTERFERON_ALPHA_RESPONSE",-0.407098339860033,0.0458669239662624,39,91,"scaled",0.0713882085078014
"SIPS","HALLMARK_INTERFERON_GAMMA_RESPONSE",1.45592743719707,1.06623376794346e-10,39,91,"scaled",1.25439266816877e-09
"SIPS","HALLMARK_KRAS_SIGNALING_DN",0.329753626790189,0.142036502668208,39,91,"scaled",0.194290055498805
"SIPS","HALLMARK_KRAS_SIGNALING_UP",0.681005805631743,7.4091629156392e-05,39,91,"scaled",0.000221169042257887
"SIPS","HALLMARK_MITOTIC_SPINDLE",2.15600610483491,2.22044604925031e-16,39,91,"scaled",1.11022302462516e-14
"SIPS","HALLMARK_MTORC1_SIGNALING",1.46657913898581,3.88578058618805e-14,39,91,"scaled",9.14301314397188e-13
"SIPS","HALLMARK_MYC_TARGETS_V1",-1.78326090499017,6.69789947404e-14,39,91,"scaled",1.41008409979789e-12
"SIPS","HALLMARK_MYC_TARGETS_V2",-0.976710891945055,2.03717654392462e-08,39,91,"scaled",1.66300126034663e-07
"SIPS","HALLMARK_MYOGENESIS",1.25993262186999,6.17190232254927e-09,39,91,"scaled",5.36687158482545e-08
"SIPS","HALLMARK_NOTCH_SIGNALING",-0.466398125293239,0.0119092644175495,39,91,"scaled",0.021266543602767
"SIPS","HALLMARK_OXIDATIVE_PHOSPHORYLATION",-1.36452361706302,3.08045442066306e-10,39,91,"scaled",3.24258360069795e-09
"SIPS","HALLMARK_P53_PATHWAY",1.46064507361764,6.78124223441046e-13,39,91,"scaled",1.17934647554964e-11
"SIPS","HALLMARK_PANCREAS_BETA_CELLS",1.289820804284,5.29349311051419e-08,39,91,"scaled",4.23479448841135e-07
"SIPS","HALLMARK_PEROXISOME",0.591696405686087,0.00112768350757397,39,91,"scaled",0.0026073607111537
"SIPS","HALLMARK_PI3K_AKT_MTOR_SIGNALING",2.00526457832949,0,39,91,"scaled",0
"SIPS","HALLMARK_PROTEIN_SECRETION",2.19044965570839,2.22044604925031e-16,39,91,"scaled",1.11022302462516e-14
"SIPS","HALLMARK_REACTIVE_OXYGEN_SPECIES_PATHWAY",-0.964216827181947,1.9815297881283e-06,39,91,"scaled",1.20092714432018e-05
"SIPS","HALLMARK_SPERMATOGENESIS",0.0123627087344849,0.768249068978136,39,91,"scaled",0.828237238512576
"SIPS","HALLMARK_TGF_BETA_SIGNALING",0.332974805351631,0.46752985296236,39,91,"scaled",0.553289766819361
"SIPS","HALLMARK_TNFA_SIGNALING_VIA_NFKB",0.904784896734847,2.72679969492984e-07,39,91,"scaled",1.9135436455648e-06
"SIPS","HALLMARK_UNFOLDED_PROTEIN_RESPONSE",2.06345182008025,0,39,91,"scaled",0
"SIPS","HALLMARK_UV_RESPONSE_DN",-0.295300995560676,0.112943695551824,39,91,"scaled",0.160203823477765
"SIPS","HALLMARK_UV_RESPONSE_UP",0.991945646082445,2.3615114472797e-06,39,91,"scaled",1.40985758046549e-05
"SIPS","HALLMARK_WNT_BETA_CATENIN_SIGNALING",1.44436803801044,2.88500112688439e-10,39,91,"scaled",3.11892013717231e-09
"SIPS","HALLMARK_XENOBIOTIC_METABOLISM",-0.465954727917514,0.00598645906480248,39,91,"scaled",0.0113487375636066
"OIS","HALLMARK_ADIPOGENESIS",0.522728174169349,0.0013507705340976,48,91,"scaled",0.00306993303204
"OIS","HALLMARK_ALLOGRAFT_REJECTION",1.65756219746208,5.61550805855404e-13,48,91,"scaled",1.02100146519164e-11
"OIS","HALLMARK_ANDROGEN_RESPONSE",-1.55691783225101,1.68386043863097e-11,48,91,"scaled",2.24514725150796e-10
"OIS","HALLMARK_ANGIOGENESIS",1.50449778244822,8.83737527601625e-13,48,91,"scaled",1.47289587933604e-11
"OIS","HALLMARK_APICAL_JUNCTION",2.11327028981301,3.5527136788005e-15,48,91,"scaled",1.09314267040015e-13
"OIS","HALLMARK_APICAL_SURFACE",0.232177390011756,0.0116431910415402,48,91,"scaled",0.0208846476081439
"OIS","HALLMARK_APOPTOSIS",0.643899247359981,4.46995131575534e-07,48,91,"scaled",2.97551090506303e-06
"OIS","HALLMARK_BILE_ACID_METABOLISM",0.0442256154721953,0.527878248846455,48,91,"scaled",0.60850518599015
"OIS","HALLMARK_CHOLESTEROL_HOMEOSTASIS",0.589347382533984,1.0774409977321e-05,48,91,"scaled",5.03704494706318e-05
"OIS","HALLMARK_COAGULATION",1.27911863343851,9.25775012206032e-11,48,91,"scaled",1.1221515299467e-09
"OIS","HALLMARK_COMPLEMENT",1.84243096241104,2.50910403565285e-14,48,91,"scaled",7.16886867329387e-13
"OIS","HALLMARK_DNA_REPAIR",0.147197474331289,0.284709528783863,48,91,"scaled",0.358125193438821
"OIS","HALLMARK_E2F_TARGETS",1.23208564209144,5.73252556534953e-12,48,91,"scaled",8.81927010053774e-11
"OIS","HALLMARK_EPITHELIAL_MESENCHYMAL_TRANSITION",1.82489332451614,3.5527136788005e-15,48,91,"scaled",1.09314267040015e-13
"OIS","HALLMARK_ESTROGEN_RESPONSE_EARLY",-0.382666754953535,0.00666248459806907,48,91,"scaled",0.0125117081653879
"OIS","HALLMARK_ESTROGEN_RESPONSE_LATE",-0.949316734791467,1.27397528175508e-07,48,91,"scaled",9.43685393892651e-07
"OIS","HALLMARK_FATTY_ACID_METABOLISM",0.242518033921966,0.0329284626698965,48,91,"scaled",0.0528039466254569
"OIS","HALLMARK_G2M_CHECKPOINT",1.12617130884753,3.12537906665966e-09,48,91,"scaled",2.90732936433457e-08
"OIS","HALLMARK_GLYCOLYSIS",-1.08357428529572,6.74908845804642e-08,48,91,"scaled",5.19160650618956e-07
"OIS","HALLMARK_HEDGEHOG_SIGNALING",0.188247171071681,0.836801647485563,48,91,"scaled",0.87853191337067
"OIS","HALLMARK_HEME_METABOLISM",1.71664895053181,4.32875957301349e-12,48,91,"scaled",6.92601531682158e-11
"OIS","HALLMARK_HYPOXIA",-0.189921602220534,0.379229056665818,48,91,"scaled",0.46106876190373
"OIS","HALLMARK_IL2_STAT5_SIGNALING",-0.684451660775833,0.00103705672095358,48,91,"scaled",0.00245457212060019
"OIS","HALLMARK_IL6_JAK_STAT3_SIGNALING",-1.89739940181776,4.9303584283118e-16,48,91,"scaled",2.19127041258302e-14
"OIS","HALLMARK_INFLAMMATORY_RESPONSE",1.33592399541058,3.50019568884363e-10,48,91,"scaled",3.50019601834156e-09
"OIS","HALLMARK_INTERFERON_ALPHA_RESPONSE",-1.33926675161966,3.50019601834157e-10,48,91,"scaled",3.50019601834156e-09
"OIS","HALLMARK_INTERFERON_GAMMA_RESPONSE",1.71954049530022,3.530509218308e-14,48,91,"scaled",8.82627304576999e-13
"OIS","HALLMARK_KRAS_SIGNALING_DN",0.22747374175634,0.174547036732265,48,91,"scaled",0.233507741447846
"OIS","HALLMARK_KRAS_SIGNALING_UP",1.55177842847102,1.45661260830821e-13,48,91,"scaled",2.77450020630134e-12
"OIS","HALLMARK_MITOTIC_SPINDLE",1.49842563836005,1.58431046060059e-11,48,91,"scaled",2.18525580772495e-10
"OIS","HALLMARK_MTORC1_SIGNALING",0.490970568875999,0.000308469203191386,48,91,"scaled",0.000817136962096387
"OIS","HALLMARK_MYC_TARGETS_V1",-2.9531829869261,2.09805135999922e-19,48,91,"scaled",2.09805135999922e-17
"OIS","HALLMARK_MYC_TARGETS_V2",-1.70803100024782,7.63768567356161e-18,48,91,"scaled",6.11014853884929e-16
"OIS","HALLMARK_MYOGENESIS",1.5496836411193,1.16684439888104e-11,48,91,"scaled",1.72865836871265e-10
"OIS","HALLMARK_NOTCH_SIGNALING",-2.41033681910372,5.33841255362339e-17,48,91,"scaled",3.5589417024156e-15
"OIS","HALLMARK_OXIDATIVE_PHOSPHORYLATION",-0.496293632771902,0.000830892682766724,48,91,"scaled",0.00200215104281138
"OIS","HALLMARK_P53_PATHWAY",0.212817399273212,0.0553786316091225,48,91,"scaled",0.0842260556792737
"OIS","HALLMARK_PANCREAS_BETA_CELLS",0.554868336216832,0.00162261151689935,48,91,"scaled",0.00362594752379744
"OIS","HALLMARK_PEROXISOME",-0.0825960071813618,0.474352875116201,48,91,"scaled",0.55806220601906
"OIS","HALLMARK_PI3K_AKT_MTOR_SIGNALING",1.19612177757159,4.9737991503207e-14,48,91,"scaled",1.10528870007127e-12
"OIS","HALLMARK_PROTEIN_SECRETION",0.408999622348818,0.0174733034180627,48,91,"scaled",0.0299970874129833
"OIS","HALLMARK_REACTIVE_OXYGEN_SPECIES_PATHWAY",-0.18158172605433,0.190531156090142,48,91,"scaled",0.253197549621451
"OIS","HALLMARK_SPERMATOGENESIS",0.13183307367296,0.59348521406198,48,91,"scaled",0.668715734154344
"OIS","HALLMARK_TGF_BETA_SIGNALING",0.347091279536946,0.0039567086127148,48,91,"scaled",0.0078625486189521
"OIS","HALLMARK_TNFA_SIGNALING_VIA_NFKB",1.4551243075382,1.49054102394075e-11,48,91,"scaled",2.12934431991536e-10
"OIS","HALLMARK_UNFOLDED_PROTEIN_RESPONSE",-0.419947965022059,0.0216269003670307,48,91,"scaled",0.0360448339450512
"OIS","HALLMARK_UV_RESPONSE_DN",0.090293304050056,0.675495895848094,48,91,"scaled",0.750550995386771
"OIS","HALLMARK_UV_RESPONSE_UP",1.292306793051,1.86233028998117e-10,48,91,"scaled",2.1283774742642e-09
"OIS","HALLMARK_WNT_BETA_CATENIN_SIGNALING",-0.400486909343449,0.0223969286940447,48,91,"scaled",0.0369341838957908
"OIS","HALLMARK_XENOBIOTIC_METABOLISM",2.20475627848625,0,48,91,"scaled",0
"CICQ","HALLMARK_ADIPOGENESIS",1.31530688973696,1.02514187183544e-06,19,91,"yugene",8.91427714639517e-06
"CICQ","HALLMARK_ALLOGRAFT_REJECTION",-0.812320878010013,0.00949728183503567,19,91,"yugene",0.0180043257536221
"CICQ","HALLMARK_ANDROGEN_RESPONSE",0.52604039638754,0.0273732133993576,19,91,"yugene",0.0461995162858358
"CICQ","HALLMARK_ANGIOGENESIS",0.22677713434881,0.350784472903256,19,91,"yugene",0.426485681341345
"CICQ","HALLMARK_APICAL_JUNCTION",0.510167907498104,0.275177851177986,19,91,"yugene",0.348326393896184
"CICQ","HALLMARK_APICAL_SURFACE",-0.0306896320172685,0.7880448703989,19,91,"yugene",0.832397393146539
"CICQ","HALLMARK_APOPTOSIS",-0.582665729760116,0.0631363400305225,19,91,"yugene",0.0960248517574486
"CICQ","HALLMARK_BILE_ACID_METABOLISM",0.99946577048958,0.000147326062954312,19,91,"yugene",0.00043977929240093
"CICQ","HALLMARK_CHOLESTEROL_HOMEOSTASIS",-0.88680634224484,0.00252264064040248,19,91,"yugene",0.00557489644287842
"CICQ","HALLMARK_COAGULATION",-0.298350639622886,0.208655664889059,19,91,"yugene",0.275453022955854
"CICQ","HALLMARK_COMPLEMENT",0.899744216228735,0.00136248944521578,19,91,"yugene",0.0031321596441742
"CICQ","HALLMARK_DNA_REPAIR",0.121388138603995,0.476673728949889,19,91,"yugene",0.551067894739756
"CICQ","HALLMARK_E2F_TARGETS",0.409118116138589,0.0101730006271266,19,91,"yugene",0.0191042265298151
"CICQ","HALLMARK_EPITHELIAL_MESENCHYMAL_TRANSITION",0.316367123610775,0.0739271651062019,19,91,"yugene",0.109117586872623
"CICQ","HALLMARK_ESTROGEN_RESPONSE_EARLY",-0.0153051496296583,0.987382201396969,19,91,"yugene",0.992343921001979
"CICQ","HALLMARK_ESTROGEN_RESPONSE_LATE",-0.861914529628995,0.000433542239652899,19,91,"yugene",0.0011561126390744
"CICQ","HALLMARK_FATTY_ACID_METABOLISM",1.14016844627019,3.53668692554265e-07,19,91,"yugene",3.62737120568477e-06
"CICQ","HALLMARK_G2M_CHECKPOINT",0.260226417929806,0.0327620052746982,19,91,"yugene",0.054603342124497
"CICQ","HALLMARK_GLYCOLYSIS",1.26611221116513,2.64045083686604e-06,19,91,"yugene",1.88603631204717e-05
"CICQ","HALLMARK_HEDGEHOG_SIGNALING",-0.292892779426572,0.251560401966079,19,91,"yugene",0.323550356226468
"CICQ","HALLMARK_HEME_METABOLISM",1.3233716414936,9.16329803812843e-06,19,91,"yugene",5.18161810172672e-05
"CICQ","HALLMARK_HYPOXIA",-0.218430419739454,0.139226729807175,19,91,"yugene",0.192036868699552
"CICQ","HALLMARK_IL2_STAT5_SIGNALING",0.800748573313602,0.00125443993481222,19,91,"yugene",0.00296908860310586
"CICQ","HALLMARK_IL6_JAK_STAT3_SIGNALING",0.877876707368552,0.00239399977013766,19,91,"yugene",0.00537977476435428
"CICQ","HALLMARK_INFLAMMATORY_RESPONSE",-0.728754459895457,0.0273732133993577,19,91,"yugene",0.0461995162858358
"CICQ","HALLMARK_INTERFERON_ALPHA_RESPONSE",-0.526045219661371,0.271714262932063,19,91,"yugene",0.345033984675636
"CICQ","HALLMARK_INTERFERON_GAMMA_RESPONSE",-0.589010738592786,0.0188498775033494,19,91,"yugene",0.0329255502241911
"CICQ","HALLMARK_KRAS_SIGNALING_DN",0.421347606113743,0.054670083371416,19,91,"yugene",0.0847598191804899
"CICQ","HALLMARK_KRAS_SIGNALING_UP",1.69291863884765,6.05214863114156e-07,19,91,"yugene",5.76395107727768e-06
"CICQ","HALLMARK_MITOTIC_SPINDLE",1.03314646303846,0.000420799330862476,19,91,"yugene",0.00112966263318785
"CICQ","HALLMARK_MTORC1_SIGNALING",1.10182506234311,0.000142699842295313,19,91,"yugene",0.000429172458031016
"CICQ","HALLMARK_MYC_TARGETS_V1",-0.830967002730696,0.00335021802660424,19,91,"yugene",0.00710117294484391
"CICQ","HALLMARK_MYC_TARGETS_V2",0.993262095134012,0.00140037202646615,19,91,"yugene",0.00320085034620833
"CICQ","HALLMARK_MYOGENESIS",1.04245284858237,0.000823376949786292,19,91,"yugene",0.00203302950564517
"CICQ","HALLMARK_NOTCH_SIGNALING",-1.01724931891907,0.000267086273475474,19,91,"yugene",0.000752355699930912
"CICQ","HALLMARK_OXIDATIVE_PHOSPHORYLATION",0.74322662289,0.00734912220024553,19,91,"yugene",0.0144100435298932
"CICQ","HALLMARK_P53_PATHWAY",0.244895688255113,0.739806791360687,19,91,"yugene",0.787028501447539
"CICQ","HALLMARK_PANCREAS_BETA_CELLS",0.213735476871814,0.90558399835036,19,91,"yugene",0.931191772082632
"CICQ","HALLMARK_PEROXISOME",-0.188229867018723,0.166423255986651,19,91,"yugene",0.224139065301886
"CICQ","HALLMARK_PI3K_AKT_MTOR_SIGNALING",0.35230690044357,0.139226729807175,19,91,"yugene",0.192036868699552
"CICQ","HALLMARK_PROTEIN_SECRETION",0.354570200360188,0.248305525832364,19,91,"yugene",0.323525115091028
"CICQ","HALLMARK_REACTIVE_OXYGEN_SPECIES_PATHWAY",-2.09617023791074,4.53765413007348e-07,19,91,"yugene",4.53765413007348e-06
"CICQ","HALLMARK_SPERMATOGENESIS",0.469171658372591,0.0921298545422256,19,91,"yugene",0.133521528322066
"CICQ","HALLMARK_TGF_BETA_SIGNALING",-0.0540635640572638,0.563779063742984,19,91,"yugene",0.635244015485052
"CICQ","HALLMARK_TNFA_SIGNALING_VIA_NFKB",-1.56050611142758,1.82090643720221e-05,19,91,"yugene",6.38914539369197e-05
"CICQ","HALLMARK_UNFOLDED_PROTEIN_RESPONSE",-1.00159585691182,5.6568302037477e-06,19,91,"yugene",3.59163822460171e-05
"CICQ","HALLMARK_UV_RESPONSE_DN",0.507396030588977,0.0489607614184036,19,91,"yugene",0.0768011943818095
"CICQ","HALLMARK_UV_RESPONSE_UP",0.22691674649319,0.547866939167421,19,91,"yugene",0.619058688324769
"CICQ","HALLMARK_WNT_BETA_CATENIN_SIGNALING",-0.157777376960998,0.69841513551438,19,91,"yugene",0.76329523007036
"CICQ","HALLMARK_XENOBIOTIC_METABOLISM",0.892765602937431,0.000502839153974977,19,91,"yugene",0.0012893311640384
"SSCQ","HALLMARK_ADIPOGENESIS",0.246153942662199,0.858995595119595,22,91,"yugene",0.89246295596841
"SSCQ","HALLMARK_ALLOGRAFT_REJECTION",-0.0727869976768268,0.479575215763769,22,91,"yugene",0.552824456211837
"SSCQ","HALLMARK_ANDROGEN_RESPONSE",0.252758889230246,0.315242422642529,22,91,"yugene",0.389188176101887
"SSCQ","HALLMARK_ANGIOGENESIS",-0.55349674025112,0.00463201911779952,22,91,"yugene",0.00935761437939298
"SSCQ","HALLMARK_APICAL_JUNCTION",1.01886686370536,6.55871143913078e-05,22,91,"yugene",0.000204959732472837
"SSCQ","HALLMARK_APICAL_SURFACE",-0.0492177097921961,0.687361598259803,22,91,"yugene",0.753272984394305
"SSCQ","HALLMARK_APOPTOSIS",0.0799199243157385,0.830618359964177,22,91,"yugene",0.869757444988667
"SSCQ","HALLMARK_BILE_ACID_METABOLISM",1.22128777778354,2.89465217129248e-07,22,91,"yugene",3.16409152913509e-06
"SSCQ","HALLMARK_CHOLESTEROL_HOMEOSTASIS",-0.470860889666081,0.0391175010165765,22,91,"yugene",0.0643909481754346
"SSCQ","HALLMARK_COAGULATION",0.294948637089373,0.265687102804784,22,91,"yugene",0.338454908031572
"SSCQ","HALLMARK_COMPLEMENT",0.42599891347331,0.121593906330036,22,91,"yugene",0.170061407454595
"SSCQ","HALLMARK_DNA_REPAIR",0.288177837901434,0.470609188973082,22,91,"yugene",0.545633842287631
"SSCQ","HALLMARK_E2F_TARGETS",0.318857752208751,0.362813123259282,22,91,"yugene",0.439773482738524
"SSCQ","HALLMARK_EPITHELIAL_MESENCHYMAL_TRANSITION",0.563180855816886,0.00913969811573501,22,91,"yugene",0.0175763425302596
"SSCQ","HALLMARK_ESTROGEN_RESPONSE_EARLY",0.100915413219133,0.655636992092466,22,91,"yugene",0.724460764743056
"SSCQ","HALLMARK_ESTROGEN_RESPONSE_LATE",-0.55692779027599,0.00518493863754381,22,91,"yugene",0.0104219872111433
"SSCQ","HALLMARK_FATTY_ACID_METABOLISM",0.567519815417524,0.000336191143206932,22,91,"yugene",0.000908624711370086
"SSCQ","HALLMARK_G2M_CHECKPOINT",0.510139823747958,0.013825664846091,22,91,"yugene",0.0250238277757304
"SSCQ","HALLMARK_GLYCOLYSIS",0.184564694534333,0.484092938443098,22,91,"yugene",0.556428664877124
"SSCQ","HALLMARK_HEDGEHOG_SIGNALING",-0.629697073427981,0.136195623956603,22,91,"yugene",0.189641834473277
"SSCQ","HALLMARK_HEME_METABOLISM",0.455129140931616,0.113108721956002,22,91,"yugene",0.160437903483691
"SSCQ","HALLMARK_HYPOXIA",0.342104164754006,0.0863646448098669,22,91,"yugene",0.126079773445061
"SSCQ","HALLMARK_IL2_STAT5_SIGNALING",0.385279083700315,0.301469542729891,22,91,"yugene",0.378018235397983
"SSCQ","HALLMARK_IL6_JAK_STAT3_SIGNALING",-0.0979036616072988,0.881831138212054,22,91,"yugene",0.909104266197994
"SSCQ","HALLMARK_INFLAMMATORY_RESPONSE",-0.225388707917874,0.390197178962537,22,91,"yugene",0.464520451145878
"SSCQ","HALLMARK_INTERFERON_ALPHA_RESPONSE",-1.13886797974809,6.36662653341697e-06,22,91,"yugene",3.85856153540422e-05
"SSCQ","HALLMARK_INTERFERON_GAMMA_RESPONSE",-0.342718967172079,0.235795697106651,22,91,"yugene",0.308229669420459
"SSCQ","HALLMARK_KRAS_SIGNALING_DN",1.32058132411925,1.61359120132154e-06,22,91,"yugene",1.2655617265267e-05
"SSCQ","HALLMARK_KRAS_SIGNALING_UP",0.729427664270565,0.000717885446281263,22,91,"yugene",0.00179471361570316
"SSCQ","HALLMARK_MITOTIC_SPINDLE",0.9475574745164,0.000612173729185983,22,91,"yugene",0.0015596782909197
"SSCQ","HALLMARK_MTORC1_SIGNALING",0.453988218853112,0.0434413115552066,22,91,"yugene",0.0703503021136949
"SSCQ","HALLMARK_MYC_TARGETS_V1",-1.48803304373669,7.89694357234844e-08,22,91,"yugene",9.29052184982169e-07
"SSCQ","HALLMARK_MYC_TARGETS_V2",0.602203590522498,0.00592674731927278,22,91,"yugene",0.0117361333054907
"SSCQ","HALLMARK_MYOGENESIS",1.31191175585264,5.55019421866199e-06,22,91,"yugene",3.58077046365289e-05
"SSCQ","HALLMARK_NOTCH_SIGNALING",-1.11243782636759,7.810028668252e-06,22,91,"yugene",4.59413451073647e-05
"SSCQ","HALLMARK_OXIDATIVE_PHOSPHORYLATION",0.491859961285913,0.140049545729216,22,91,"yugene",0.192507966638098
"SSCQ","HALLMARK_P53_PATHWAY",1.08641764408573,1.61359120132154e-06,22,91,"yugene",1.2655617265267e-05
"SSCQ","HALLMARK_PANCREAS_BETA_CELLS",-0.379890359874955,0.0639302866544753,22,91,"yugene",0.0968640706885989
"SSCQ","HALLMARK_PEROXISOME",-0.629220769544935,0.0309890325403065,22,91,"yugene",0.0518644896072075
"SSCQ","HALLMARK_PI3K_AKT_MTOR_SIGNALING",0.162300779397817,0.991321814715267,22,91,"yugene",0.993806330541621
"SSCQ","HALLMARK_PROTEIN_SECRETION",0.679962362844434,0.00086255914831801,22,91,"yugene",0.00211670956642456
"SSCQ","HALLMARK_REACTIVE_OXYGEN_SPECIES_PATHWAY",-1.48224711691182,5.19533842908955e-09,22,91,"yugene",7.69679767272526e-08
"SSCQ","HALLMARK_SPERMATOGENESIS",-0.223235073023623,0.0932225360946131,22,91,"yugene",0.134617380642041
"SSCQ","HALLMARK_TGF_BETA_SIGNALING",0.0296839241018238,0.719646466500986,22,91,"yugene",0.772009576559941
"SSCQ","HALLMARK_TNFA_SIGNALING_VIA_NFKB",-0.620081601830388,0.00184342104054871,22,91,"yugene",0.00418959327397434
"SSCQ","HALLMARK_UNFOLDED_PROTEIN_RESPONSE",-0.414902196176224,0.000756734443350384,22,91,"yugene",0.00188008557354133
"SSCQ","HALLMARK_UV_RESPONSE_DN",0.549240784687727,0.0762447481010344,22,91,"yugene",0.112124629560345
"SSCQ","HALLMARK_UV_RESPONSE_UP",0.694377817127773,0.00647307896555693,22,91,"yugene",0.0127548354001122
"SSCQ","HALLMARK_WNT_BETA_CATENIN_SIGNALING",-0.116706290991055,0.370511571523054,22,91,"yugene",0.44774812268647
"SSCQ","HALLMARK_XENOBIOTIC_METABOLISM",0.285053615753863,0.950853765456699,22,91,"yugene",0.965333772037258
"RS","HALLMARK_ADIPOGENESIS",0.226582054520667,0.854482664372314,11,91,"yugene",0.89008610872116
"RS","HALLMARK_ALLOGRAFT_REJECTION",0.693692700693074,0.0143271292322908,11,91,"yugene",0.0258146472653889
"RS","HALLMARK_ANDROGEN_RESPONSE",0.0975317176130193,0.871443484816178,11,91,"yugene",0.903050243332827
"RS","HALLMARK_ANGIOGENESIS",1.05177723571466,0.00121003282371879,11,91,"yugene",0.00288103053266378
"RS","HALLMARK_APICAL_JUNCTION",0.624165210175025,0.0373286535031983,11,91,"yugene",0.0617002537242946
"RS","HALLMARK_APICAL_SURFACE",2.11174290071672,4.31016561619479e-06,11,91,"yugene",2.82633810898019e-05
"RS","HALLMARK_APOPTOSIS",1.17597815429722,0.000181433441353906,11,91,"yugene",0.00052211062260117
"RS","HALLMARK_BILE_ACID_METABOLISM",1.82375875070086,5.86755698606112e-06,11,91,"yugene",3.6672231162882e-05
"RS","HALLMARK_CHOLESTEROL_HOMEOSTASIS",-0.941048563055164,0.00397058705257081,11,91,"yugene",0.00822919596387733
"RS","HALLMARK_COAGULATION",1.33823614497188,2.7087101580392e-05,11,91,"yugene",9.34037985530757e-05
"RS","HALLMARK_COMPLEMENT",1.30137392429532,0.000454530811378806,11,91,"yugene",0.00118831584674198
"RS","HALLMARK_DNA_REPAIR",-0.891608221013334,0.0147619611957876,11,91,"yugene",0.0261944167494885
"RS","HALLMARK_E2F_TARGETS",0.374326779448647,0.0354021822422226,11,91,"yugene",0.0587588087007844
"RS","HALLMARK_EPITHELIAL_MESENCHYMAL_TRANSITION",0.141850200928797,0.72992360494109,11,91,"yugene",0.778585178603829
"RS","HALLMARK_ESTROGEN_RESPONSE_EARLY",-0.0782396205779081,0.705733558754541,11,91,"yugene",0.765022827918202
"RS","HALLMARK_ESTROGEN_RESPONSE_LATE",-0.293470049551821,0.13654212082076,11,91,"yugene",0.189641834473277
"RS","HALLMARK_FATTY_ACID_METABOLISM",0.432588485779244,0.0301238513876236,11,91,"yugene",0.0506283216598717
"RS","HALLMARK_G2M_CHECKPOINT",0.591683231362887,0.00439777808796493,11,91,"yugene",0.00899099738672739
"RS","HALLMARK_GLYCOLYSIS",-0.376024563161223,0.261867433181698,11,91,"yugene",0.334654866685876
"RS","HALLMARK_HEDGEHOG_SIGNALING",-0.573776701562863,0.0176234137289391,11,91,"yugene",0.0310544735311702
"RS","HALLMARK_HEME_METABOLISM",1.18858808358684,0.000436451069694144,11,91,"yugene",0.00115616177402422
"RS","HALLMARK_HYPOXIA",0.804783567957777,0.0269935224388524,11,91,"yugene",0.0461995162858358
"RS","HALLMARK_IL2_STAT5_SIGNALING",-0.405857444476285,0.261867433181698,11,91,"yugene",0.334654866685876
"RS","HALLMARK_IL6_JAK_STAT3_SIGNALING",0.284307832182621,0.285499531000424,11,91,"yugene",0.359118906918772
"RS","HALLMARK_INFLAMMATORY_RESPONSE",0.646201040331859,0.0495904901939372,11,91,"yugene",0.0774851409280269
"RS","HALLMARK_INTERFERON_ALPHA_RESPONSE",-1.84924315768701,1.95848320671092e-06,11,91,"yugene",1.47810053336673e-05
"RS","HALLMARK_INTERFERON_GAMMA_RESPONSE",0.310808946089971,0.437299730862578,11,91,"yugene",0.511461673523483
"RS","HALLMARK_KRAS_SIGNALING_DN",-0.00955108146051509,0.627338954500994,11,91,"yugene",0.697043282778883
"RS","HALLMARK_KRAS_SIGNALING_UP",0.337747780388989,0.922650842281671,11,91,"yugene",0.941480451307828
"RS","HALLMARK_MITOTIC_SPINDLE",1.98110566942377,2.29779620575243e-06,11,91,"yugene",1.67508008546752e-05
"RS","HALLMARK_MTORC1_SIGNALING",-0.034071031064347,0.939802226172072,11,91,"yugene",0.956541706027554
"RS","HALLMARK_MYC_TARGETS_V1",-2.26424628412746,8.67713443175249e-07,11,91,"yugene",7.71300838377999e-06
"RS","HALLMARK_MYC_TARGETS_V2",-0.542016248241476,0.0619876165546041,11,91,"yugene",0.0946375825261132
"RS","HALLMARK_MYOGENESIS",0.233482703508224,0.9741809372438,11,91,"yugene",0.984021148731111
"RS","HALLMARK_NOTCH_SIGNALING",0.905079088631737,0.0123181429022698,11,91,"yugene",0.0223966234586724
"RS","HALLMARK_OXIDATIVE_PHOSPHORYLATION",1.8169962244836,1.44495718719106e-05,11,91,"yugene",5.25992304206597e-05
"RS","HALLMARK_P53_PATHWAY",0.776386681860446,0.00311649490990096,11,91,"yugene",0.00673836737275883
"RS","HALLMARK_PANCREAS_BETA_CELLS",0.0152378869627217,0.705733558754541,11,91,"yugene",0.765022827918202
"RS","HALLMARK_PEROXISOME",1.09401201396387,0.00300920674710836,11,91,"yugene",0.00654175379806166
"RS","HALLMARK_PI3K_AKT_MTOR_SIGNALING",-0.322490481579823,0.0403852951983987,11,91,"yugene",0.0656671466640629
"RS","HALLMARK_PROTEIN_SECRETION",2.33606291918616,6.57789696045796e-07,11,91,"yugene",6.11897391670508e-06
"RS","HALLMARK_REACTIVE_OXYGEN_SPECIES_PATHWAY",-1.56250161335886,4.09257359802197e-06,11,91,"yugene",2.72838239868131e-05
"RS","HALLMARK_SPERMATOGENESIS",-0.0562446483249678,0.982785622116031,11,91,"yugene",0.990212213718923
"RS","HALLMARK_TGF_BETA_SIGNALING",0.216204091855059,0.721828954083545,11,91,"yugene",0.772009576559941
"RS","HALLMARK_TNFA_SIGNALING_VIA_NFKB",0.142658844492615,0.879946623048343,11,91,"yugene",0.909104266197994
"RS","HALLMARK_UNFOLDED_PROTEIN_RESPONSE",0.803005079734151,0.00932259291720294,11,91,"yugene",0.0178422830951252
"RS","HALLMARK_UV_RESPONSE_DN",0.410415299428076,0.167307058252449,11,91,"yugene",0.224573232553623
"RS","HALLMARK_UV_RESPONSE_UP",-0.100730940590275,0.829169394135687,11,91,"yugene",0.869757444988667
"RS","HALLMARK_WNT_BETA_CATENIN_SIGNALING",1.16096516777046,0.000224593484949853,11,91,"yugene",0.000641695671285295
"RS","HALLMARK_XENOBIOTIC_METABOLISM",1.63790805789178,1.37569784997016e-05,11,91,"yugene",5.25992304206597e-05
"SIPS","HALLMARK_ADIPOGENESIS",1.88927422411233,2.8643754035329e-13,39,91,"yugene",9.72755875182652e-12
"SIPS","HALLMARK_ALLOGRAFT_REJECTION",0.87009847077969,3.77851762123349e-06,39,91,"yugene",2.60587422154034e-05
"SIPS","HALLMARK_ANDROGEN_RESPONSE",-0.0938883744670314,0.658489972745395,39,91,"yugene",0.725608785394375
"SIPS","HALLMARK_ANGIOGENESIS",0.200960367353239,0.0567582563966775,39,91,"yugene",0.0869858335581265
"SIPS","HALLMARK_APICAL_JUNCTION",1.26401746233393,2.89205859260733e-08,39,91,"yugene",3.61507324075916e-07
"SIPS","HALLMARK_APICAL_SURFACE",-0.564105259879712,0.00254628756040117,39,91,"yugene",0.00559623639648609
"SIPS","HALLMARK_APOPTOSIS",0.537788680195421,0.0100012255440438,39,91,"yugene",0.0188702368755544
"SIPS","HALLMARK_BILE_ACID_METABOLISM",1.58073153132107,9.12381281636954e-13,39,91,"yugene",2.60680366181987e-11
"SIPS","HALLMARK_CHOLESTEROL_HOMEOSTASIS",-0.107908789755325,0.572801988382269,39,91,"yugene",0.641794944966128
"SIPS","HALLMARK_COAGULATION",1.42164936637884,6.17190232254927e-09,39,91,"yugene",8.81700331792753e-08
"SIPS","HALLMARK_COMPLEMENT",1.26762841612203,6.74109922327304e-07,39,91,"yugene",6.12827202115731e-06
"SIPS","HALLMARK_DNA_REPAIR",0.923185820111312,3.59763834456572e-06,39,91,"yugene",2.52465848741454e-05
"SIPS","HALLMARK_E2F_TARGETS",0.821063161479575,2.30323511751784e-06,39,91,"yugene",1.67508008546752e-05
"SIPS","HALLMARK_EPITHELIAL_MESENCHYMAL_TRANSITION",0.346970926167142,0.00875409484245671,39,91,"yugene",0.0169161252994332
"SIPS","HALLMARK_ESTROGEN_RESPONSE_EARLY",0.388230554511565,0.120037321503252,39,91,"yugene",0.168473433688774
"SIPS","HALLMARK_ESTROGEN_RESPONSE_LATE",-0.235065351564844,0.304773564036196,39,91,"yugene",0.38022010452776
"SIPS","HALLMARK_FATTY_ACID_METABOLISM",0.488336733440846,9.19737213056493e-06,39,91,"yugene",5.18161810172672e-05
"SIPS","HALLMARK_G2M_CHECKPOINT",0.706991182146727,4.9139361024686e-07,39,91,"yugene",4.79408400240839e-06
"SIPS","HALLMARK_GLYCOLYSIS",-0.57795273393279,0.00545257140663976,39,91,"yugene",0.0109051428132795
"SIPS","HALLMARK_HEDGEHOG_SIGNALING",-0.903187079022021,0.00046451102227314,39,91,"yugene",0.00120652213577439
"SIPS","HALLMARK_HEME_METABOLISM",2.2436644918942,4.55191440096314e-14,39,91,"yugene",2.27595720048157e-12
"SIPS","HALLMARK_HYPOXIA",0.730949355096102,0.000628191127529432,39,91,"yugene",0.00159035728488464
"SIPS","HALLMARK_IL2_STAT5_SIGNALING",0.10577427506811,0.532039939010525,39,91,"yugene",0.604590839784688
"SIPS","HALLMARK_IL6_JAK_STAT3_SIGNALING",0.084251883609354,0.505706041394305,39,91,"yugene",0.576303181076131
"SIPS","HALLMARK_INFLAMMATORY_RESPONSE",0.91863919900304,1.50038907631433e-06,39,91,"yugene",1.22480740923619e-05
"SIPS","HALLMARK_INTERFERON_ALPHA_RESPONSE",-0.804450003389703,7.60992404397297e-06,39,91,"yugene",4.54323823520775e-05
"SIPS","HALLMARK_INTERFERON_GAMMA_RESPONSE",1.25749224501971,5.29349311051419e-08,39,91,"yugene",6.41635528547175e-07
"SIPS","HALLMARK_KRAS_SIGNALING_DN",0.420575757633971,0.0080018048680992,39,91,"yugene",0.0155374851807752
"SIPS","HALLMARK_KRAS_SIGNALING_UP",0.22403406340773,0.283731512085935,39,91,"yugene",0.358020835439666
"SIPS","HALLMARK_MITOTIC_SPINDLE",1.88039020794178,4.37427871702312e-14,39,91,"yugene",2.27595720048157e-12
"SIPS","HALLMARK_MTORC1_SIGNALING",0.0184741228599446,0.838964719749681,39,91,"yugene",0.876203362662853
"SIPS","HALLMARK_MYC_TARGETS_V1",-1.78259533740597,1.28903863335429e-13,39,91,"yugene",5.15615453341717e-12
"SIPS","HALLMARK_MYC_TARGETS_V2",-0.717812529891005,0.000115229348135521,39,91,"yugene",0.000351845337818385
"SIPS","HALLMARK_MYOGENESIS",0.875812842510131,7.89689535225513e-05,39,91,"yugene",0.00024486497216295
"SIPS","HALLMARK_NOTCH_SIGNALING",-0.24722314866684,0.0504684146735017,39,91,"yugene",0.0785500617486408
"SIPS","HALLMARK_OXIDATIVE_PHOSPHORYLATION",0.144778106471479,0.464422240403461,39,91,"yugene",0.540025860934258
"SIPS","HALLMARK_P53_PATHWAY",2.06355756948634,0,39,91,"yugene",0
"SIPS","HALLMARK_PANCREAS_BETA_CELLS",-0.0595612227368247,0.572801988382269,39,91,"yugene",0.641794944966128
"SIPS","HALLMARK_PEROXISOME",0.748615041548302,0.000259354011657331,39,91,"yugene",0.000735756061439237
"SIPS","HALLMARK_PI3K_AKT_MTOR_SIGNALING",0.301892539072144,0.0112401320119824,39,91,"yugene",0.0209118735106649
"SIPS","HALLMARK_PROTEIN_SECRETION",1.18060148304785,1.15494880326139e-09,39,91,"yugene",1.92491467210232e-08
"SIPS","HALLMARK_REACTIVE_OXYGEN_SPECIES_PATHWAY",-0.461511742809586,0.00366062705231279,39,91,"yugene",0.00762630635898498
"SIPS","HALLMARK_SPERMATOGENESIS",0.658343601891395,2.11553425091271e-05,39,91,"yugene",7.35838000317464e-05
"SIPS","HALLMARK_TGF_BETA_SIGNALING",0.0521742748731781,0.63658305375409,39,91,"yugene",0.705355184215059
"SIPS","HALLMARK_TNFA_SIGNALING_VIA_NFKB",0.544333374545533,0.00366062705231274,39,91,"yugene",0.00762630635898498
"SIPS","HALLMARK_UNFOLDED_PROTEIN_RESPONSE",-0.464114463418737,6.51787925335955e-05,39,91,"yugene",0.000204959732472837
"SIPS","HALLMARK_UV_RESPONSE_DN",0.483935791384531,0.00741969096847361,39,91,"yugene",0.0144774457921436
"SIPS","HALLMARK_UV_RESPONSE_UP",0.985956472546748,1.83732432468275e-06,39,91,"yugene",1.41332640360212e-05
"SIPS","HALLMARK_WNT_BETA_CATENIN_SIGNALING",0.319381788575939,0.21889626983024,39,91,"yugene",0.288021407671369
"SIPS","HALLMARK_XENOBIOTIC_METABOLISM",1.14743436669383,1.4259366567515e-06,39,91,"yugene",1.18828054729292e-05
"OIS","HALLMARK_ADIPOGENESIS",1.1063608959719,1.30305644052697e-08,48,91,"yugene",1.68136314906706e-07
"OIS","HALLMARK_ALLOGRAFT_REJECTION",1.54930382734723,5.38635802627141e-12,48,91,"yugene",1.26737835912268e-10
"OIS","HALLMARK_ANDROGEN_RESPONSE",-0.473766306515789,0.0102560123756684,48,91,"yugene",0.0191701165900344
"OIS","HALLMARK_ANGIOGENESIS",0.501655528642911,0.15697325234078,48,91,"yugene",0.21212601667673
"OIS","HALLMARK_APICAL_JUNCTION",2.4392610912502,0,48,91,"yugene",0
"OIS","HALLMARK_APICAL_SURFACE",0.35008614835927,0.00222236467847337,48,91,"yugene",0.00502229305869687
"OIS","HALLMARK_APOPTOSIS",1.12022812389903,8.81359918381008e-09,48,91,"yugene",1.17514656728543e-07
"OIS","HALLMARK_BILE_ACID_METABOLISM",0.919425730902773,8.24945036836944e-06,48,91,"yugene",4.78229006861996e-05
"OIS","HALLMARK_CHOLESTEROL_HOMEOSTASIS",-0.51407213094492,0.00424384856859331,48,91,"yugene",0.008750203234213
"OIS","HALLMARK_COAGULATION",1.06375561323059,3.00588695267834e-07,48,91,"yugene",3.16409152913509e-06
"OIS","HALLMARK_COMPLEMENT",1.62897218062583,4.41771064174645e-11,48,91,"yugene",8.83542128349291e-10
"OIS","HALLMARK_DNA_REPAIR",0.503088579682475,0.00108698935542884,48,91,"yugene",0.00260356731839242
"OIS","HALLMARK_E2F_TARGETS",0.70781060607584,3.95660108254425e-06,48,91,"yugene",2.68244141189441e-05
"OIS","HALLMARK_EPITHELIAL_MESENCHYMAL_TRANSITION",1.85614696573429,1.11022302462516e-15,48,91,"yugene",7.40148683083438e-14
"OIS","HALLMARK_ESTROGEN_RESPONSE_EARLY",-0.244642047785118,0.305126633883527,48,91,"yugene",0.38022010452776
"OIS","HALLMARK_ESTROGEN_RESPONSE_LATE",0.753861863474845,3.97977675496985e-05,48,91,"yugene",0.000128379895321608
"OIS","HALLMARK_FATTY_ACID_METABOLISM",0.598128390017164,1.32025953571979e-05,48,91,"yugene",5.25992304206597e-05
"OIS","HALLMARK_G2M_CHECKPOINT",0.829432205810131,1.13794070921713e-06,48,91,"yugene",9.68460178057135e-06
"OIS","HALLMARK_GLYCOLYSIS",-1.09385391750992,4.08842803235238e-09,48,91,"yugene",6.28988928054212e-08
"OIS","HALLMARK_HEDGEHOG_SIGNALING",1.08887656235665,1.86233028998117e-10,48,91,"yugene",3.54729579044033e-09
"OIS","HALLMARK_HEME_METABOLISM",1.56373726608221,2.34516184249856e-10,48,91,"yugene",4.26393062272465e-09
"OIS","HALLMARK_HYPOXIA",0.638973086212025,0.000288067044271978,48,91,"yugene",0.000783855902780892
"OIS","HALLMARK_IL2_STAT5_SIGNALING",-0.307893908927726,0.701587245004798,48,91,"yugene",0.764672746599235
"OIS","HALLMARK_IL6_JAK_STAT3_SIGNALING",-1.62217001153703,1.09736596808606e-11,48,91,"yugene",2.43859104019123e-10
"OIS","HALLMARK_INFLAMMATORY_RESPONSE",0.679298445234759,8.60018676756003e-05,48,91,"yugene",0.000264621131309539
"OIS","HALLMARK_INTERFERON_ALPHA_RESPONSE",-1.48418748830256,1.11441730377974e-13,48,91,"yugene",4.95296579457661e-12
"OIS","HALLMARK_INTERFERON_GAMMA_RESPONSE",2.70740439654435,0,48,91,"yugene",0
"OIS","HALLMARK_KRAS_SIGNALING_DN",0.00697317269099275,0.381634925166974,48,91,"yugene",0.455683492736685
"OIS","HALLMARK_KRAS_SIGNALING_UP",1.51437521792454,1.14330767075899e-12,48,91,"yugene",3.0488204553573e-11
"OIS","HALLMARK_MITOTIC_SPINDLE",1.32433364863998,3.50019568884363e-10,48,91,"yugene",6.08729685016284e-09
"OIS","HALLMARK_MTORC1_SIGNALING",0.0931077464387473,0.33530464009979,48,91,"yugene",0.412682633968973
"OIS","HALLMARK_MYC_TARGETS_V1",-2.6020292253076,6.71265251598289e-19,48,91,"yugene",5.37012201278631e-17
"OIS","HALLMARK_MYC_TARGETS_V2",-1.30332479466855,3.16245374079123e-12,48,91,"yugene",7.90613435197809e-11
"OIS","HALLMARK_MYOGENESIS",1.47841605085185,3.80460107862746e-11,48,91,"yugene",8.00968648132096e-10
"OIS","HALLMARK_NOTCH_SIGNALING",-1.74215449364656,2.91826762554796e-13,48,91,"yugene",9.72755875182652e-12
"OIS","HALLMARK_OXIDATIVE_PHOSPHORYLATION",0.768315330491782,3.54600149399253e-05,48,91,"yugene",0.000115317121755855
"OIS","HALLMARK_P53_PATHWAY",1.03854866670667,8.28448420975292e-13,48,91,"yugene",2.54907206453936e-11
"OIS","HALLMARK_PANCREAS_BETA_CELLS",0.514942156363457,0.000137928798150444,48,91,"yugene",0.000417966055001345
"OIS","HALLMARK_PEROXISOME",1.12007179381858,2.58672661068715e-09,48,91,"yugene",4.13876257709944e-08
"OIS","HALLMARK_PI3K_AKT_MTOR_SIGNALING",-0.0717307716472027,0.788696530006346,48,91,"yugene",0.832397393146539
"OIS","HALLMARK_PROTEIN_SECRETION",0.123873368816156,0.40620543246706,48,91,"yugene",0.482142946548439
"OIS","HALLMARK_REACTIVE_OXYGEN_SPECIES_PATHWAY",0.224056822151569,0.0445456483148223,48,91,"yugene",0.0718478198626167
"OIS","HALLMARK_SPERMATOGENESIS",0.957803207127671,8.21746732881934e-08,48,91,"yugene",9.39139123293639e-07
"OIS","HALLMARK_TGF_BETA_SIGNALING",-0.155312035368235,0.681983768212026,48,91,"yugene",0.749432712320908
"OIS","HALLMARK_TNFA_SIGNALING_VIA_NFKB",0.794032459219756,6.16578800527456e-06,48,91,"yugene",3.79433108016896e-05
"OIS","HALLMARK_UNFOLDED_PROTEIN_RESPONSE",-0.257646322906848,0.00268919998526708,48,91,"yugene",0.00587803275468213
"OIS","HALLMARK_UV_RESPONSE_DN",-0.702163687411659,0.000493892567571048,48,91,"yugene",0.00127456146469948
"OIS","HALLMARK_UV_RESPONSE_UP",0.994209281246932,3.00588695267834e-07,48,91,"yugene",3.16409152913509e-06
"OIS","HALLMARK_WNT_BETA_CATENIN_SIGNALING",-1.24450780794675,8.81359925464076e-09,48,91,"yugene",1.17514656728543e-07
"OIS","HALLMARK_XENOBIOTIC_METABOLISM",3.59273567032301,0,48,91,"yugene",0
"Fibroblast","HALLMARK_ADIPOGENESIS",1.53182480349794,0.014799845463461,18,6,"scaled",0.0256274380319671
"Fibroblast","HALLMARK_ALLOGRAFT_REJECTION",3.33824198438423,1.48592825938364e-05,18,6,"scaled",5.03704494706318e-05
"Fibroblast","HALLMARK_ANDROGEN_RESPONSE",-9.05788771676943,1.48592825938364e-05,18,6,"scaled",5.03704494706318e-05
"Fibroblast","HALLMARK_ANGIOGENESIS",0.925876025738979,0.136527088472169,18,6,"scaled",0.188313225478853
"Fibroblast","HALLMARK_APICAL_JUNCTION",4.31998712997692,1.48592825938364e-05,18,6,"scaled",5.03704494706318e-05
"Fibroblast","HALLMARK_APICAL_SURFACE",-1.63289436257903,0.00337305714880086,18,6,"scaled",0.00681425686626436
"Fibroblast","HALLMARK_APOPTOSIS",2.9036884228049,5.94371303753455e-05,18,6,"scaled",0.000178758286843144
"Fibroblast","HALLMARK_BILE_ACID_METABOLISM",1.23501464240385,0.00185741032422955,18,6,"scaled",0.00408222049281219
"Fibroblast","HALLMARK_CHOLESTEROL_HOMEOSTASIS",-1.03787909538416,0.0272965021248774,18,6,"scaled",0.0442048617406922
"Fibroblast","HALLMARK_COAGULATION",2.71861954290192,1.48592825938364e-05,18,6,"scaled",5.03704494706318e-05
"Fibroblast","HALLMARK_COMPLEMENT",2.02883131415853,0.000178311391126036,18,6,"scaled",0.000481922678719017
"Fibroblast","HALLMARK_DNA_REPAIR",2.41221521609949,0.000445778477815091,18,6,"scaled",0.00112855310839264
"Fibroblast","HALLMARK_E2F_TARGETS",5.27562170205878,1.48592825938364e-05,18,6,"scaled",5.03704494706318e-05
"Fibroblast","HALLMARK_EPITHELIAL_MESENCHYMAL_TRANSITION",-2.60622777321752,2.97185651876727e-05,18,6,"scaled",9.50994086005528e-05
"Fibroblast","HALLMARK_ESTROGEN_RESPONSE_EARLY",-1.74437480932468,0.014799845463461,18,6,"scaled",0.0256274380319671
"Fibroblast","HALLMARK_ESTROGEN_RESPONSE_LATE",-3.34354023712713,1.48592825938364e-05,18,6,"scaled",5.03704494706318e-05
"Fibroblast","HALLMARK_FATTY_ACID_METABOLISM",0.819112604051801,0.176513417932182,18,6,"scaled",0.235351223909576
"Fibroblast","HALLMARK_G2M_CHECKPOINT",5.67862477572814,1.48592825938364e-05,18,6,"scaled",5.03704494706318e-05
"Fibroblast","HALLMARK_GLYCOLYSIS",-0.130979923003026,0.820410710570894,18,6,"scaled",0.868159482085602
"Fibroblast","HALLMARK_HEDGEHOG_SIGNALING",-4.12428774189264,1.48592825938364e-05,18,6,"scaled",5.03704494706318e-05
"Fibroblast","HALLMARK_HEME_METABOLISM",6.19883458394859,1.48592825938364e-05,18,6,"scaled",5.03704494706318e-05
"Fibroblast","HALLMARK_HYPOXIA",2.08139397257763,0.00739992273173051,18,6,"scaled",0.0135778398747349
"Fibroblast","HALLMARK_IL2_STAT5_SIGNALING",-0.127734961944655,0.922538559838331,18,6,"scaled",0.934216263127424
"Fibroblast","HALLMARK_IL6_JAK_STAT3_SIGNALING",-2.44573702893232,1.48592825938364e-05,18,6,"scaled",5.03704494706318e-05
"Fibroblast","HALLMARK_INFLAMMATORY_RESPONSE",8.52879426708367,1.48592825938364e-05,18,6,"scaled",5.03704494706318e-05
"Fibroblast","HALLMARK_INTERFERON_ALPHA_RESPONSE",-1.0698853460072,0.103554340396446,18,6,"scaled",0.14846500415261
"Fibroblast","HALLMARK_INTERFERON_GAMMA_RESPONSE",5.3507035840866,1.48592825938364e-05,18,6,"scaled",5.03704494706318e-05
"Fibroblast","HALLMARK_KRAS_SIGNALING_DN",-0.19413297665712,0.820410710570894,18,6,"scaled",0.868159482085602
"Fibroblast","HALLMARK_KRAS_SIGNALING_UP",3.00901035273219,1.48592825938364e-05,18,6,"scaled",5.03704494706318e-05
"Fibroblast","HALLMARK_MITOTIC_SPINDLE",9.67437794469696,1.48592825938364e-05,18,6,"scaled",5.03704494706318e-05
"Fibroblast","HALLMARK_MTORC1_SIGNALING",2.47096483054836,0.000178311391126036,18,6,"scaled",0.000481922678719017
"Fibroblast","HALLMARK_MYC_TARGETS_V1",-3.01462321015535,1.48592825938364e-05,18,6,"scaled",5.03704494706318e-05
"Fibroblast","HALLMARK_MYC_TARGETS_V2",-1.76783061363644,2.97185651876727e-05,18,6,"scaled",9.50994086005528e-05
"Fibroblast","HALLMARK_MYOGENESIS",3.78043393690044,1.48592825938364e-05,18,6,"scaled",5.03704494706318e-05
"Fibroblast","HALLMARK_NOTCH_SIGNALING",-1.90195656608158,0.000104014978156855,18,6,"scaled",0.000295077952218027
"Fibroblast","HALLMARK_OXIDATIVE_PHOSPHORYLATION",-1.96342870276456,0.000282326369282891,18,6,"scaled",0.000752870318087709
"Fibroblast","HALLMARK_P53_PATHWAY",4.37831852817198,1.48592825938364e-05,18,6,"scaled",5.03704494706318e-05
"Fibroblast","HALLMARK_PANCREAS_BETA_CELLS",0.435094640224511,0.199352135278909,18,6,"scaled",0.262305441156459
"Fibroblast","HALLMARK_PEROXISOME",1.33087389593746,0.014799845463461,18,6,"scaled",0.0256274380319671
"Fibroblast","HALLMARK_PI3K_AKT_MTOR_SIGNALING",3.62179540177978,1.48592825938364e-05,18,6,"scaled",5.03704494706318e-05
"Fibroblast","HALLMARK_PROTEIN_SECRETION",4.82659810909758,1.48592825938364e-05,18,6,"scaled",5.03704494706318e-05
"Fibroblast","HALLMARK_REACTIVE_OXYGEN_SPECIES_PATHWAY",-1.71058923133157,0.00251121875835835,18,6,"scaled",0.00525909687614313
"Fibroblast","HALLMARK_SPERMATOGENESIS",1.04248707915717,0.0558560432702309,18,6,"scaled",0.0843110087097825
"Fibroblast","HALLMARK_TGF_BETA_SIGNALING",-1.40795214600943,0.00185741032422955,18,6,"scaled",0.00408222049281219
"Fibroblast","HALLMARK_TNFA_SIGNALING_VIA_NFKB",1.19034710211301,0.0224375167166929,18,6,"scaled",0.0369341838957908
"Fibroblast","HALLMARK_UNFOLDED_PROTEIN_RESPONSE",7.41404213639427,1.48592825938364e-05,18,6,"scaled",5.03704494706318e-05
"Fibroblast","HALLMARK_UV_RESPONSE_DN",-2.319639072449,0.000950994086005528,18,6,"scaled",0.00226427163334649
"Fibroblast","HALLMARK_UV_RESPONSE_UP",2.9493421890567,1.48592825938364e-05,18,6,"scaled",5.03704494706318e-05
"Fibroblast","HALLMARK_WNT_BETA_CATENIN_SIGNALING",2.96075443416172,5.94371303753455e-05,18,6,"scaled",0.000178758286843144
"Fibroblast","HALLMARK_XENOBIOTIC_METABOLISM",0.457933954271769,0.626081012808702,18,6,"scaled",0.703461812144609
"Fibroblast","HALLMARK_ADIPOGENESIS",3.86741904577322,1.48592825938364e-05,18,6,"yugene",5.25992304206597e-05
"Fibroblast","HALLMARK_ALLOGRAFT_REJECTION",3.07227597343438,1.48592825938364e-05,18,6,"yugene",5.25992304206597e-05
"Fibroblast","HALLMARK_ANDROGEN_RESPONSE",-3.29003201678549,1.48592825938364e-05,18,6,"yugene",5.25992304206597e-05
"Fibroblast","HALLMARK_ANGIOGENESIS",2.26359937319954,0.000282326369282891,18,6,"yugene",0.000773496902144907
"Fibroblast","HALLMARK_APICAL_JUNCTION",4.69159035976209,1.48592825938364e-05,18,6,"yugene",5.25992304206597e-05
"Fibroblast","HALLMARK_APICAL_SURFACE",2.47024561029282,1.48592825938364e-05,18,6,"yugene",5.25992304206597e-05
"Fibroblast","HALLMARK_APOPTOSIS",2.65100161054132,2.97185651876727e-05,18,6,"yugene",9.74379186481073e-05
"Fibroblast","HALLMARK_BILE_ACID_METABOLISM",4.05989029560565,1.48592825938364e-05,18,6,"yugene",5.25992304206597e-05
"Fibroblast","HALLMARK_CHOLESTEROL_HOMEOSTASIS",0.571725563948886,0.378124164165354,18,6,"yugene",0.45284331037767
"Fibroblast","HALLMARK_COAGULATION",1.98342352535408,0.0006538084341288,18,6,"yugene",0.00164480109214793
"Fibroblast","HALLMARK_COMPLEMENT",2.99949375374287,1.48592825938364e-05,18,6,"yugene",5.25992304206597e-05
"Fibroblast","HALLMARK_DNA_REPAIR",1.53816790822169,0.014799845463461,18,6,"yugene",0.0261944167494885
"Fibroblast","HALLMARK_E2F_TARGETS",4.96164562804434,1.48592825938364e-05,18,6,"yugene",5.25992304206597e-05
"Fibroblast","HALLMARK_EPITHELIAL_MESENCHYMAL_TRANSITION",5.09656320226537,1.48592825938364e-05,18,6,"yugene",5.25992304206597e-05
"Fibroblast","HALLMARK_ESTROGEN_RESPONSE_EARLY",1.19669453829979,0.014799845463461,18,6,"yugene",0.0261944167494885
"Fibroblast","HALLMARK_ESTROGEN_RESPONSE_LATE",0.168684305296344,0.721120984278879,18,6,"yugene",0.772009576559941
"Fibroblast","HALLMARK_FATTY_ACID_METABOLISM",4.79349159613049,1.48592825938364e-05,18,6,"yugene",5.25992304206597e-05
"Fibroblast","HALLMARK_G2M_CHECKPOINT",5.9241473667895,1.48592825938364e-05,18,6,"yugene",5.25992304206597e-05
"Fibroblast","HALLMARK_GLYCOLYSIS",1.0583266084333,0.0558560432702309,18,6,"yugene",0.0859323742618937
"Fibroblast","HALLMARK_HEDGEHOG_SIGNALING",-4.26173733984794,1.48592825938364e-05,18,6,"yugene",5.25992304206597e-05
"Fibroblast","HALLMARK_HEME_METABOLISM",6.62915495817613,1.48592825938364e-05,18,6,"yugene",5.25992304206597e-05
"Fibroblast","HALLMARK_HYPOXIA",0.585999565215854,0.224063122232459,18,6,"yugene",0.293853275058962
"Fibroblast","HALLMARK_IL2_STAT5_SIGNALING",1.8769938568627,0.000282326369282891,18,6,"yugene",0.000773496902144907
"Fibroblast","HALLMARK_IL6_JAK_STAT3_SIGNALING",-1.05229190914511,0.0471930815180243,18,6,"yugene",0.0743198134142115
"Fibroblast","HALLMARK_INFLAMMATORY_RESPONSE",1.85860718342904,0.00133733543344527,18,6,"yugene",0.00309210504842838
"Fibroblast","HALLMARK_INTERFERON_ALPHA_RESPONSE",-1.27421812081922,0.0769265059882909,18,6,"yugene",0.112712829286873
"Fibroblast","HALLMARK_INTERFERON_GAMMA_RESPONSE",3.31027873730047,1.48592825938364e-05,18,6,"yugene",5.25992304206597e-05
"Fibroblast","HALLMARK_KRAS_SIGNALING_DN",1.21616163864434,0.155636125887842,18,6,"yugene",0.211032035102159
"Fibroblast","HALLMARK_KRAS_SIGNALING_UP",0.707540659684865,0.626081012808702,18,6,"yugene",0.697043282778883
"Fibroblast","HALLMARK_MITOTIC_SPINDLE",5.39433577003881,1.48592825938364e-05,18,6,"yugene",5.25992304206597e-05
"Fibroblast","HALLMARK_MTORC1_SIGNALING",0.799392059544684,0.0395702695473863,18,6,"yugene",0.0646045217100184
"Fibroblast","HALLMARK_MYC_TARGETS_V1",-2.78587193560719,1.48592825938364e-05,18,6,"yugene",5.25992304206597e-05
"Fibroblast","HALLMARK_MYC_TARGETS_V2",3.40882922467334,1.48592825938364e-05,18,6,"yugene",5.25992304206597e-05
"Fibroblast","HALLMARK_MYOGENESIS",1.79180493881319,1.48592825938364e-05,18,6,"yugene",5.25992304206597e-05
"Fibroblast","HALLMARK_NOTCH_SIGNALING",-0.857899058891415,0.0657671847603198,18,6,"yugene",0.0974328663115848
"Fibroblast","HALLMARK_OXIDATIVE_PHOSPHORYLATION",0.611662339367567,0.155636125887842,18,6,"yugene",0.211032035102159
"Fibroblast","HALLMARK_P53_PATHWAY",5.27909389141399,1.48592825938364e-05,18,6,"yugene",5.25992304206597e-05
"Fibroblast","HALLMARK_PANCREAS_BETA_CELLS",1.48932164532559,0.00133733543344527,18,6,"yugene",0.00309210504842838
"Fibroblast","HALLMARK_PEROXISOME",1.56974349789784,0.00251121875835835,18,6,"yugene",0.00557489644287842
"Fibroblast","HALLMARK_PI3K_AKT_MTOR_SIGNALING",1.14265494351908,0.014799845463461,18,6,"yugene",0.0261944167494885
"Fibroblast","HALLMARK_PROTEIN_SECRETION",3.10769865195169,2.97185651876727e-05,18,6,"yugene",9.74379186481073e-05
"Fibroblast","HALLMARK_REACTIVE_OXYGEN_SPECIES_PATHWAY",0.873718839840129,0.0471930815180243,18,6,"yugene",0.0743198134142115
"Fibroblast","HALLMARK_SPERMATOGENESIS",1.98073936190843,0.000178311391126036,18,6,"yugene",0.000516844611959526
"Fibroblast","HALLMARK_TGF_BETA_SIGNALING",-2.78199962311825,1.48592825938364e-05,18,6,"yugene",5.25992304206597e-05
"Fibroblast","HALLMARK_TNFA_SIGNALING_VIA_NFKB",1.80429729102841,0.000445778477815091,18,6,"yugene",0.00117310125740813
"Fibroblast","HALLMARK_UNFOLDED_PROTEIN_RESPONSE",-3.25110912530227,1.48592825938364e-05,18,6,"yugene",5.25992304206597e-05
"Fibroblast","HALLMARK_UV_RESPONSE_DN",0.777470451419222,0.176513417932182,18,6,"yugene",0.235351223909576
"Fibroblast","HALLMARK_UV_RESPONSE_UP",2.37849772965899,1.48592825938364e-05,18,6,"yugene",5.25992304206597e-05
"Fibroblast","HALLMARK_WNT_BETA_CATENIN_SIGNALING",0.39168678550009,0.453683616155012,18,6,"yugene",0.529077103387769
"Fibroblast","HALLMARK_XENOBIOTIC_METABOLISM",2.42943351944519,1.48592825938364e-05,18,6,"yugene",5.25992304206597e-05
"Keratinocyte","HALLMARK_ADIPOGENESIS",3.45091895938096,1.48592825938364e-05,18,6,"scaled",5.03704494706318e-05
"Keratinocyte","HALLMARK_ALLOGRAFT_REJECTION",0.777728926534828,0.224063122232459,18,6,"scaled",0.289113706106398
"Keratinocyte","HALLMARK_ANDROGEN_RESPONSE",0.577905525252546,0.343234568635026,18,6,"scaled",0.425058289331302
"Keratinocyte","HALLMARK_ANGIOGENESIS",1.05358198878011,0.0330024666409106,18,6,"scaled",0.0528039466254569
"Keratinocyte","HALLMARK_APICAL_JUNCTION",1.92409526590207,0.00185741032422955,18,6,"scaled",0.00408222049281219
"Keratinocyte","HALLMARK_APICAL_SURFACE",-1.85082641741743,0.00251121875835835,18,6,"scaled",0.00525909687614313
"Keratinocyte","HALLMARK_APOPTOSIS",0.180038813221168,0.871170019911439,18,6,"scaled",0.902766860011853
"Keratinocyte","HALLMARK_BILE_ACID_METABOLISM",1.11515089760144,0.0395702695473863,18,6,"scaled",0.0625616909840099
"Keratinocyte","HALLMARK_CHOLESTEROL_HOMEOSTASIS",2.57655288151848,0.000104014978156855,18,6,"scaled",0.000295077952218027
"Keratinocyte","HALLMARK_COAGULATION",0.937360309504142,0.224063122232459,18,6,"scaled",0.289113706106398
"Keratinocyte","HALLMARK_COMPLEMENT",1.90765733170172,0.00739992273173051,18,6,"scaled",0.0135778398747349
"Keratinocyte","HALLMARK_DNA_REPAIR",-0.300875774885827,0.580522452375999,18,6,"scaled",0.65781581005779
"Keratinocyte","HALLMARK_E2F_TARGETS",4.18487811640971,1.48592825938364e-05,18,6,"scaled",5.03704494706318e-05
"Keratinocyte","HALLMARK_EPITHELIAL_MESENCHYMAL_TRANSITION",1.07890177562901,0.0471930815180243,18,6,"scaled",0.0728850679815047
"Keratinocyte","HALLMARK_ESTROGEN_RESPONSE_EARLY",-0.989179969055249,0.453683616155012,18,6,"scaled",0.538496873774495
"Keratinocyte","HALLMARK_ESTROGEN_RESPONSE_LATE",-1.24324448632291,0.00739992273173051,18,6,"scaled",0.0135778398747349
"Keratinocyte","HALLMARK_FATTY_ACID_METABOLISM",1.23173670562139,0.00739992273173051,18,6,"scaled",0.0135778398747349
"Keratinocyte","HALLMARK_G2M_CHECKPOINT",3.90577170943008,1.48592825938364e-05,18,6,"scaled",5.03704494706318e-05
"Keratinocyte","HALLMARK_GLYCOLYSIS",0.189353928042653,0.922538559838331,18,6,"scaled",0.934216263127424
"Keratinocyte","HALLMARK_HEDGEHOG_SIGNALING",-1.06372864496881,0.014799845463461,18,6,"scaled",0.0256274380319671
"Keratinocyte","HALLMARK_HEME_METABOLISM",2.56777964690321,2.97185651876727e-05,18,6,"scaled",9.50994086005528e-05
"Keratinocyte","HALLMARK_HYPOXIA",0.396024730261482,0.494204879788404,18,6,"scaled",0.578017403261291
"Keratinocyte","HALLMARK_IL2_STAT5_SIGNALING",0.369759920503979,0.536583553746025,18,6,"scaled",0.613238347138314
"Keratinocyte","HALLMARK_IL6_JAK_STAT3_SIGNALING",-1.23368319619124,0.0895271776278641,18,6,"scaled",0.131175351835698
"Keratinocyte","HALLMARK_INFLAMMATORY_RESPONSE",1.71410574304305,0.00251121875835835,18,6,"scaled",0.00525909687614313
"Keratinocyte","HALLMARK_INTERFERON_ALPHA_RESPONSE",0.179626316814568,0.922538559838331,18,6,"scaled",0.934216263127424
"Keratinocyte","HALLMARK_INTERFERON_GAMMA_RESPONSE",0.903614743676294,0.103554340396446,18,6,"scaled",0.14846500415261
"Keratinocyte","HALLMARK_KRAS_SIGNALING_DN",-0.0865155590439803,0.580522452375999,18,6,"scaled",0.65781581005779
"Keratinocyte","HALLMARK_KRAS_SIGNALING_UP",1.15999188562535,0.250869268031739,18,6,"scaled",0.320599703554939
"Keratinocyte","HALLMARK_MITOTIC_SPINDLE",2.77347474076282,0.000104014978156855,18,6,"scaled",0.000295077952218027
"Keratinocyte","HALLMARK_MTORC1_SIGNALING",2.44971255626124,1.48592825938364e-05,18,6,"scaled",5.03704494706318e-05
"Keratinocyte","HALLMARK_MYC_TARGETS_V1",-1.99492471033753,0.000950994086005528,18,6,"scaled",0.00226427163334649
"Keratinocyte","HALLMARK_MYC_TARGETS_V2",-0.356623950527738,0.536583553746025,18,6,"scaled",0.613238347138314
"Keratinocyte","HALLMARK_MYOGENESIS",2.30206449586686,0.0006538084341288,18,6,"scaled",0.0016044378751627
"Keratinocyte","HALLMARK_NOTCH_SIGNALING",-0.0117408275436611,0.820410710570894,18,6,"scaled",0.868159482085602
"Keratinocyte","HALLMARK_OXIDATIVE_PHOSPHORYLATION",-2.11613079310934,0.000178311391126036,18,6,"scaled",0.000481922678719017
"Keratinocyte","HALLMARK_P53_PATHWAY",4.02739117711281,1.48592825938364e-05,18,6,"scaled",5.03704494706318e-05
"Keratinocyte","HALLMARK_PANCREAS_BETA_CELLS",-0.0701387019882965,0.820410710570894,18,6,"scaled",0.868159482085602
"Keratinocyte","HALLMARK_PEROXISOME",1.41980781804224,0.00337305714880086,18,6,"scaled",0.00681425686626436
"Keratinocyte","HALLMARK_PI3K_AKT_MTOR_SIGNALING",2.33622656493328,1.48592825938364e-05,18,6,"scaled",5.03704494706318e-05
"Keratinocyte","HALLMARK_PROTEIN_SECRETION",1.05289755396948,0.0471930815180243,18,6,"scaled",0.0728850679815047
"Keratinocyte","HALLMARK_REACTIVE_OXYGEN_SPECIES_PATHWAY",-0.436253270105569,0.279592261285625,18,6,"scaled",0.353914254791931
"Keratinocyte","HALLMARK_SPERMATOGENESIS",1.68359474222518,0.00251121875835835,18,6,"scaled",0.00525909687614313
"Keratinocyte","HALLMARK_TGF_BETA_SIGNALING",-0.499068275789069,0.224063122232459,18,6,"scaled",0.289113706106398
"Keratinocyte","HALLMARK_TNFA_SIGNALING_VIA_NFKB",0.587879458664331,0.414886029302505,18,6,"scaled",0.498361596759766
"Keratinocyte","HALLMARK_UNFOLDED_PROTEIN_RESPONSE",0.185660412326469,0.871170019911439,18,6,"scaled",0.902766860011853
"Keratinocyte","HALLMARK_UV_RESPONSE_DN",-0.0306973379337835,0.974100270438943,18,6,"scaled",0.976541624500194
"Keratinocyte","HALLMARK_UV_RESPONSE_UP",1.21554808198717,0.0272965021248774,18,6,"scaled",0.0442048617406922
"Keratinocyte","HALLMARK_WNT_BETA_CATENIN_SIGNALING",-0.68648821098321,0.199352135278909,18,6,"scaled",0.262305441156459
"Keratinocyte","HALLMARK_XENOBIOTIC_METABOLISM",0.0459851450502659,0.770260631816696,18,6,"scaled",0.828237238512576
"Keratinocyte","HALLMARK_ADIPOGENESIS",3.48308843990618,1.48592825938364e-05,18,6,"yugene",5.25992304206597e-05
"Keratinocyte","HALLMARK_ALLOGRAFT_REJECTION",0.559873504474449,0.250869268031739,18,6,"yugene",0.323550356226468
"Keratinocyte","HALLMARK_ANDROGEN_RESPONSE",0.728667539843884,0.176513417932182,18,6,"yugene",0.235351223909576
"Keratinocyte","HALLMARK_ANGIOGENESIS",0.803480501514699,0.378124164165354,18,6,"yugene",0.45284331037767
"Keratinocyte","HALLMARK_APICAL_JUNCTION",1.48786468242351,0.00576540164640851,18,6,"yugene",0.0114734361122557
"Keratinocyte","HALLMARK_APICAL_SURFACE",-2.1358670076808,5.94371303753455e-05,18,6,"yugene",0.000188689302778875
"Keratinocyte","HALLMARK_APOPTOSIS",-0.550544302258407,0.310440131950429,18,6,"yugene",0.384445983839541
"Keratinocyte","HALLMARK_BILE_ACID_METABOLISM",0.87534951787051,0.103554340396446,18,6,"yugene",0.147408313731595
"Keratinocyte","HALLMARK_CHOLESTEROL_HOMEOSTASIS",2.46416915746318,2.97185651876727e-05,18,6,"yugene",9.74379186481073e-05
"Keratinocyte","HALLMARK_COAGULATION",1.4247001491317,0.0471930815180243,18,6,"yugene",0.0743198134142115
"Keratinocyte","HALLMARK_COMPLEMENT",2.38885599094602,0.000950994086005528,18,6,"yugene",0.00229155201447115
"Keratinocyte","HALLMARK_DNA_REPAIR",0.302578128369303,0.536583553746025,18,6,"yugene",0.608026689797196
"Keratinocyte","HALLMARK_E2F_TARGETS",4.07562492173023,1.48592825938364e-05,18,6,"yugene",5.25992304206597e-05
"Keratinocyte","HALLMARK_EPITHELIAL_MESENCHYMAL_TRANSITION",0.9984183218904,0.0657671847603198,18,6,"yugene",0.0974328663115848
"Keratinocyte","HALLMARK_ESTROGEN_RESPONSE_EARLY",0.559374735724798,0.414886029302505,18,6,"yugene",0.486669829093848
"Keratinocyte","HALLMARK_ESTROGEN_RESPONSE_LATE",0.0137969874960649,1,18,6,"yugene",1
"Keratinocyte","HALLMARK_FATTY_ACID_METABOLISM",1.65531469667852,0.00251121875835835,18,6,"yugene",0.00557489644287842
"Keratinocyte","HALLMARK_G2M_CHECKPOINT",3.32525541195848,5.94371303753455e-05,18,6,"yugene",0.000188689302778875
"Keratinocyte","HALLMARK_GLYCOLYSIS",0.164241612766346,0.310440131950429,18,6,"yugene",0.384445983839541
"Keratinocyte","HALLMARK_HEDGEHOG_SIGNALING",-1.46427311833847,0.0118428482272876,18,6,"yugene",0.0216307730178769
"Keratinocyte","HALLMARK_HEME_METABOLISM",2.06585924721158,0.00133733543344527,18,6,"yugene",0.00309210504842838
"Keratinocyte","HALLMARK_HYPOXIA",0.354685743649562,0.119245742815537,18,6,"yugene",0.167951750444418
"Keratinocyte","HALLMARK_IL2_STAT5_SIGNALING",0.0743578937552223,0.343234568635026,18,6,"yugene",0.418578742237837
"Keratinocyte","HALLMARK_IL6_JAK_STAT3_SIGNALING",-0.684176127738239,0.155636125887842,18,6,"yugene",0.211032035102159
"Keratinocyte","HALLMARK_INFLAMMATORY_RESPONSE",0.631731486268326,0.250869268031739,18,6,"yugene",0.323550356226468
"Keratinocyte","HALLMARK_INTERFERON_ALPHA_RESPONSE",0.743188327926174,0.119245742815537,18,6,"yugene",0.167951750444418
"Keratinocyte","HALLMARK_INTERFERON_GAMMA_RESPONSE",1.10255239783304,0.0395702695473863,18,6,"yugene",0.0646045217100184
"Keratinocyte","HALLMARK_KRAS_SIGNALING_DN",-0.0969352637105993,0.770260631816696,18,6,"yugene",0.817252659752463
"Keratinocyte","HALLMARK_KRAS_SIGNALING_UP",1.14780770558997,0.0657671847603198,18,6,"yugene",0.0974328663115848
"Keratinocyte","HALLMARK_MITOTIC_SPINDLE",2.10000694023447,0.00337305714880086,18,6,"yugene",0.00710117294484391
"Keratinocyte","HALLMARK_MTORC1_SIGNALING",2.11150000607183,0.00337305714880086,18,6,"yugene",0.00710117294484391
"Keratinocyte","HALLMARK_MYC_TARGETS_V1",-3.03810565343223,1.48592825938364e-05,18,6,"yugene",5.25992304206597e-05
"Keratinocyte","HALLMARK_MYC_TARGETS_V2",-0.145675082014141,0.721120984278879,18,6,"yugene",0.772009576559941
"Keratinocyte","HALLMARK_MYOGENESIS",2.05838664736494,0.00133733543344527,18,6,"yugene",0.00309210504842838
"Keratinocyte","HALLMARK_NOTCH_SIGNALING",-0.755991893293731,0.103554340396446,18,6,"yugene",0.147408313731595
"Keratinocyte","HALLMARK_OXIDATIVE_PHOSPHORYLATION",-1.09356933088062,0.0182769175904187,18,6,"yugene",0.032064767702489
"Keratinocyte","HALLMARK_P53_PATHWAY",0.781827824965869,0.103554340396446,18,6,"yugene",0.147408313731595
"Keratinocyte","HALLMARK_PANCREAS_BETA_CELLS",-0.516737142007121,0.378124164165354,18,6,"yugene",0.45284331037767
"Keratinocyte","HALLMARK_PEROXISOME",1.57045362861337,0.000950994086005528,18,6,"yugene",0.00229155201447115
"Keratinocyte","HALLMARK_PI3K_AKT_MTOR_SIGNALING",1.75383950639563,0.0272965021248774,18,6,"yugene",0.0461995162858358
"Keratinocyte","HALLMARK_PROTEIN_SECRETION",0.705660136395443,0.0657671847603198,18,6,"yugene",0.0974328663115848
"Keratinocyte","HALLMARK_REACTIVE_OXYGEN_SPECIES_PATHWAY",-0.467369024032034,0.626081012808702,18,6,"yugene",0.697043282778883
"Keratinocyte","HALLMARK_SPERMATOGENESIS",1.13048802842465,0.0272965021248774,18,6,"yugene",0.0461995162858358
"Keratinocyte","HALLMARK_TGF_BETA_SIGNALING",-1.77997328975085,0.00942078516449226,18,6,"yugene",0.017944352694271
"Keratinocyte","HALLMARK_TNFA_SIGNALING_VIA_NFKB",0.224254513399121,0.974100270438943,18,6,"yugene",0.984021148731111
"Keratinocyte","HALLMARK_UNFOLDED_PROTEIN_RESPONSE",-0.490518123487593,0.250869268031739,18,6,"yugene",0.323550356226468
"Keratinocyte","HALLMARK_UV_RESPONSE_DN",-0.475872525003545,0.721120984278879,18,6,"yugene",0.772009576559941
"Keratinocyte","HALLMARK_UV_RESPONSE_UP",1.64504087590003,0.00442806621296324,18,6,"yugene",0.00899099738672739
"Keratinocyte","HALLMARK_WNT_BETA_CATENIN_SIGNALING",-1.06876625804051,0.0471930815180243,18,6,"yugene",0.0743198134142115
"Keratinocyte","HALLMARK_XENOBIOTIC_METABOLISM",0.491225019931999,0.922538559838331,18,6,"yugene",0.941480451307828
"Melanocyte","HALLMARK_ADIPOGENESIS",-4.19925085872371,1.48592825938364e-05,18,6,"scaled",5.03704494706318e-05
"Melanocyte","HALLMARK_ALLOGRAFT_REJECTION",0.169018155420308,0.770260631816696,18,6,"scaled",0.828237238512576
"Melanocyte","HALLMARK_ANDROGEN_RESPONSE",-0.516330307641997,0.770260631816696,18,6,"scaled",0.828237238512576
"Melanocyte","HALLMARK_ANGIOGENESIS",-1.30466929553589,0.00942078516449226,18,6,"scaled",0.0171287002990768
"Melanocyte","HALLMARK_APICAL_JUNCTION",-1.49171411443097,0.0182769175904187,18,6,"scaled",0.0308471182960654
"Melanocyte","HALLMARK_APICAL_SURFACE",-2.58958703254875,5.94371303753455e-05,18,6,"scaled",0.000178758286843144
"Melanocyte","HALLMARK_APOPTOSIS",4.25030574205396,1.48592825938364e-05,18,6,"scaled",5.03704494706318e-05
"Melanocyte","HALLMARK_BILE_ACID_METABOLISM",-1.64743076228904,0.00337305714880086,18,6,"scaled",0.00681425686626436
"Melanocyte","HALLMARK_CHOLESTEROL_HOMEOSTASIS",-0.717799127023717,0.155636125887842,18,6,"scaled",0.20961094395669
"Melanocyte","HALLMARK_COAGULATION",0.61835868406771,0.199352135278909,18,6,"scaled",0.262305441156459
"Melanocyte","HALLMARK_COMPLEMENT",2.64340052726618,5.94371303753455e-05,18,6,"scaled",0.000178758286843144
"Melanocyte","HALLMARK_DNA_REPAIR",1.10540234774229,0.0657671847603198,18,6,"scaled",0.0981599772542086
"Melanocyte","HALLMARK_E2F_TARGETS",4.7328736818138,1.48592825938364e-05,18,6,"scaled",5.03704494706318e-05
"Melanocyte","HALLMARK_EPITHELIAL_MESENCHYMAL_TRANSITION",-1.22308721641578,0.00576540164640851,18,6,"scaled",0.0109817174217305
"Melanocyte","HALLMARK_ESTROGEN_RESPONSE_EARLY",3.42576880637869,1.48592825938364e-05,18,6,"scaled",5.03704494706318e-05
"Melanocyte","HALLMARK_ESTROGEN_RESPONSE_LATE",2.21984968591353,0.000445778477815091,18,6,"scaled",0.00112855310839264
"Melanocyte","HALLMARK_FATTY_ACID_METABOLISM",-1.0276940284399,0.0558560432702309,18,6,"scaled",0.0843110087097825
"Melanocyte","HALLMARK_G2M_CHECKPOINT",-0.659220547099896,0.155636125887842,18,6,"scaled",0.20961094395669
"Melanocyte","HALLMARK_GLYCOLYSIS",-1.55443584088044,0.00576540164640851,18,6,"scaled",0.0109817174217305
"Melanocyte","HALLMARK_HEDGEHOG_SIGNALING",-1.46540996444382,0.00739992273173051,18,6,"scaled",0.0135778398747349
"Melanocyte","HALLMARK_HEME_METABOLISM",-0.654221324594056,0.536583553746025,18,6,"scaled",0.613238347138314
"Melanocyte","HALLMARK_HYPOXIA",5.07610293956516,1.48592825938364e-05,18,6,"scaled",5.03704494706318e-05
"Melanocyte","HALLMARK_IL2_STAT5_SIGNALING",1.19121921843845,0.0182769175904187,18,6,"scaled",0.0308471182960654
"Melanocyte","HALLMARK_IL6_JAK_STAT3_SIGNALING",-0.648137037957568,0.155636125887842,18,6,"scaled",0.20961094395669
"Melanocyte","HALLMARK_INFLAMMATORY_RESPONSE",5.94646394574109,1.48592825938364e-05,18,6,"scaled",5.03704494706318e-05
"Melanocyte","HALLMARK_INTERFERON_ALPHA_RESPONSE",-10.3598465351532,1.48592825938364e-05,18,6,"scaled",5.03704494706318e-05
"Melanocyte","HALLMARK_INTERFERON_GAMMA_RESPONSE",-1.9546907296061,0.000445778477815091,18,6,"scaled",0.00112855310839264
"Melanocyte","HALLMARK_KRAS_SIGNALING_DN",3.81827711551703,1.48592825938364e-05,18,6,"scaled",5.03704494706318e-05
"Melanocyte","HALLMARK_KRAS_SIGNALING_UP",0.637307632167657,0.672917471544474,18,6,"scaled",0.750550995386771
"Melanocyte","HALLMARK_MITOTIC_SPINDLE",-0.374739539965929,0.922538559838331,18,6,"scaled",0.934216263127424
"Melanocyte","HALLMARK_MTORC1_SIGNALING",9.02138833820513,1.48592825938364e-05,18,6,"scaled",5.03704494706318e-05
"Melanocyte","HALLMARK_MYC_TARGETS_V1",0.228257779249879,0.922538559838331,18,6,"scaled",0.934216263127424
"Melanocyte","HALLMARK_MYC_TARGETS_V2",4.18912385547908,1.48592825938364e-05,18,6,"scaled",5.03704494706318e-05
"Melanocyte","HALLMARK_MYOGENESIS",-0.800397397646828,0.103554340396446,18,6,"scaled",0.14846500415261
"Melanocyte","HALLMARK_NOTCH_SIGNALING",-0.394844198235147,0.378124164165354,18,6,"scaled",0.46106876190373
"Melanocyte","HALLMARK_OXIDATIVE_PHOSPHORYLATION",-1.5579749559149,0.00576540164640851,18,6,"scaled",0.0109817174217305
"Melanocyte","HALLMARK_P53_PATHWAY",7.07736150175769,1.48592825938364e-05,18,6,"scaled",5.03704494706318e-05
"Melanocyte","HALLMARK_PANCREAS_BETA_CELLS",-1.71875446561346,0.00337305714880086,18,6,"scaled",0.00681425686626436
"Melanocyte","HALLMARK_PEROXISOME",-1.24238733235539,0.0224375167166929,18,6,"scaled",0.0369341838957908
"Melanocyte","HALLMARK_PI3K_AKT_MTOR_SIGNALING",8.1314379018889,1.48592825938364e-05,18,6,"scaled",5.03704494706318e-05
"Melanocyte","HALLMARK_PROTEIN_SECRETION",-0.245186065483915,0.494204879788404,18,6,"scaled",0.578017403261291
"Melanocyte","HALLMARK_REACTIVE_OXYGEN_SPECIES_PATHWAY",0.543223766328416,0.250869268031739,18,6,"scaled",0.320599703554939
"Melanocyte","HALLMARK_SPERMATOGENESIS",-0.854690836597437,0.279592261285625,18,6,"scaled",0.353914254791931
"Melanocyte","HALLMARK_TGF_BETA_SIGNALING",2.04073526670851,5.94371303753455e-05,18,6,"scaled",0.000178758286843144
"Melanocyte","HALLMARK_TNFA_SIGNALING_VIA_NFKB",3.37290380710792,1.48592825938364e-05,18,6,"scaled",5.03704494706318e-05
"Melanocyte","HALLMARK_UNFOLDED_PROTEIN_RESPONSE",3.54026841535357,1.48592825938364e-05,18,6,"scaled",5.03704494706318e-05
"Melanocyte","HALLMARK_UV_RESPONSE_DN",-0.414975159579478,0.922538559838331,18,6,"scaled",0.934216263127424
"Melanocyte","HALLMARK_UV_RESPONSE_UP",4.91758585800655,1.48592825938364e-05,18,6,"scaled",5.03704494706318e-05
"Melanocyte","HALLMARK_WNT_BETA_CATENIN_SIGNALING",0.135029872451615,0.820410710570894,18,6,"scaled",0.868159482085602
"Melanocyte","HALLMARK_XENOBIOTIC_METABOLISM",3.17407072365991,1.48592825938364e-05,18,6,"scaled",5.03704494706318e-05
"Melanocyte","HALLMARK_ADIPOGENESIS",-2.52326050555672,0.000950994086005528,18,6,"yugene",0.00229155201447115
"Melanocyte","HALLMARK_ALLOGRAFT_REJECTION",1.35393900162285,0.00442806621296324,18,6,"yugene",0.00899099738672739
"Melanocyte","HALLMARK_ANDROGEN_RESPONSE",-1.4343861202038,0.0118428482272876,18,6,"yugene",0.0216307730178769
"Melanocyte","HALLMARK_ANGIOGENESIS",-1.69311564277347,0.000282326369282891,18,6,"yugene",0.000773496902144907
"Melanocyte","HALLMARK_APICAL_JUNCTION",-2.41055951014264,0.000178311391126036,18,6,"yugene",0.000516844611959526
"Melanocyte","HALLMARK_APICAL_SURFACE",-1.12639384247536,0.0118428482272876,18,6,"yugene",0.0216307730178769
"Melanocyte","HALLMARK_APOPTOSIS",1.22134057015712,0.0558560432702309,18,6,"yugene",0.0859323742618937
"Melanocyte","HALLMARK_BILE_ACID_METABOLISM",-0.589237399503405,0.494204879788404,18,6,"yugene",0.564805576901033
"Melanocyte","HALLMARK_CHOLESTEROL_HOMEOSTASIS",-1.42666519799792,0.0224375167166929,18,6,"yugene",0.0388528427994683
"Melanocyte","HALLMARK_COAGULATION",2.94756668567862,1.48592825938364e-05,18,6,"yugene",5.25992304206597e-05
"Melanocyte","HALLMARK_COMPLEMENT",2.20584207750998,2.97185651876727e-05,18,6,"yugene",9.74379186481073e-05
"Melanocyte","HALLMARK_DNA_REPAIR",3.41320199100112,1.48592825938364e-05,18,6,"yugene",5.25992304206597e-05
"Melanocyte","HALLMARK_E2F_TARGETS",1.17954097469145,0.0224375167166929,18,6,"yugene",0.0388528427994683
"Melanocyte","HALLMARK_EPITHELIAL_MESENCHYMAL_TRANSITION",-0.663317485540167,0.343234568635026,18,6,"yugene",0.418578742237837
"Melanocyte","HALLMARK_ESTROGEN_RESPONSE_EARLY",1.75701182111423,0.00337305714880086,18,6,"yugene",0.00710117294484391
"Melanocyte","HALLMARK_ESTROGEN_RESPONSE_LATE",0.422937191209875,0.199352135278909,18,6,"yugene",0.264042563283323
"Melanocyte","HALLMARK_FATTY_ACID_METABOLISM",-1.24444294048756,0.0657671847603198,18,6,"yugene",0.0974328663115848
"Melanocyte","HALLMARK_G2M_CHECKPOINT",-0.521108887480846,0.343234568635026,18,6,"yugene",0.418578742237837
"Melanocyte","HALLMARK_GLYCOLYSIS",-3.01190472856823,1.48592825938364e-05,18,6,"yugene",5.25992304206597e-05
"Melanocyte","HALLMARK_HEDGEHOG_SIGNALING",-2.45124014771812,0.000178311391126036,18,6,"yugene",0.000516844611959526
"Melanocyte","HALLMARK_HEME_METABOLISM",1.64121935973784,0.0118428482272876,18,6,"yugene",0.0216307730178769
"Melanocyte","HALLMARK_HYPOXIA",1.0603011928309,0.0471930815180243,18,6,"yugene",0.0743198134142115
"Melanocyte","HALLMARK_IL2_STAT5_SIGNALING",-0.835826735907838,0.103554340396446,18,6,"yugene",0.147408313731595
"Melanocyte","HALLMARK_IL6_JAK_STAT3_SIGNALING",4.80651537935986,1.48592825938364e-05,18,6,"yugene",5.25992304206597e-05
"Melanocyte","HALLMARK_INFLAMMATORY_RESPONSE",4.84461721386585,1.48592825938364e-05,18,6,"yugene",5.25992304206597e-05
"Melanocyte","HALLMARK_INTERFERON_ALPHA_RESPONSE",-10.5041940012671,1.48592825938364e-05,18,6,"yugene",5.25992304206597e-05
"Melanocyte","HALLMARK_INTERFERON_GAMMA_RESPONSE",-0.460069553898286,0.414886029302505,18,6,"yugene",0.486669829093848
"Melanocyte","HALLMARK_KRAS_SIGNALING_DN",6.40575250325263,1.48592825938364e-05,18,6,"yugene",5.25992304206597e-05
"Melanocyte","HALLMARK_KRAS_SIGNALING_UP",0.152061247595018,0.820410710570894,18,6,"yugene",0.863590221653572
"Melanocyte","HALLMARK_MITOTIC_SPINDLE",0.0572981888701133,0.922538559838331,18,6,"yugene",0.941480451307828
"Melanocyte","HALLMARK_MTORC1_SIGNALING",-1.32851776151988,0.0272965021248774,18,6,"yugene",0.0461995162858358
"Melanocyte","HALLMARK_MYC_TARGETS_V1",0.932503277440052,0.0895271776278641,18,6,"yugene",0.130221349276893
"Melanocyte","HALLMARK_MYC_TARGETS_V2",3.67835800218671,1.48592825938364e-05,18,6,"yugene",5.25992304206597e-05
"Melanocyte","HALLMARK_MYOGENESIS",-1.42417226294567,0.00337305714880086,18,6,"yugene",0.00710117294484391
"Melanocyte","HALLMARK_NOTCH_SIGNALING",-0.791808380960148,0.155636125887842,18,6,"yugene",0.211032035102159
"Melanocyte","HALLMARK_OXIDATIVE_PHOSPHORYLATION",-0.965653214712447,0.0471930815180243,18,6,"yugene",0.0743198134142115
"Melanocyte","HALLMARK_P53_PATHWAY",5.79144193095389,1.48592825938364e-05,18,6,"yugene",5.25992304206597e-05
"Melanocyte","HALLMARK_PANCREAS_BETA_CELLS",-0.346726438084489,0.414886029302505,18,6,"yugene",0.486669829093848
"Melanocyte","HALLMARK_PEROXISOME",0.874376335434929,0.0657671847603198,18,6,"yugene",0.0974328663115848
"Melanocyte","HALLMARK_PI3K_AKT_MTOR_SIGNALING",2.21994709927084,1.48592825938364e-05,18,6,"yugene",5.25992304206597e-05
"Melanocyte","HALLMARK_PROTEIN_SECRETION",-2.53540900829967,2.97185651876727e-05,18,6,"yugene",9.74379186481073e-05
"Melanocyte","HALLMARK_REACTIVE_OXYGEN_SPECIES_PATHWAY",2.75569811489149,1.48592825938364e-05,18,6,"yugene",5.25992304206597e-05
"Melanocyte","HALLMARK_SPERMATOGENESIS",2.37416063577719,0.000282326369282891,18,6,"yugene",0.000773496902144907
"Melanocyte","HALLMARK_TGF_BETA_SIGNALING",0.655002888735254,0.414886029302505,18,6,"yugene",0.486669829093848
"Melanocyte","HALLMARK_TNFA_SIGNALING_VIA_NFKB",2.64522932660436,2.97185651876727e-05,18,6,"yugene",9.74379186481073e-05
"Melanocyte","HALLMARK_UNFOLDED_PROTEIN_RESPONSE",-2.1034758398831,0.000178311391126036,18,6,"yugene",0.000516844611959526
"Melanocyte","HALLMARK_UV_RESPONSE_DN",-0.847412877358247,0.494204879788404,18,6,"yugene",0.564805576901033
"Melanocyte","HALLMARK_UV_RESPONSE_UP",3.91515490149881,1.48592825938364e-05,18,6,"yugene",5.25992304206597e-05
"Melanocyte","HALLMARK_WNT_BETA_CATENIN_SIGNALING",0.849659944506167,0.199352135278909,18,6,"yugene",0.264042563283323
"Melanocyte","HALLMARK_XENOBIOTIC_METABOLISM",5.0736313286092,1.48592825938364e-05,18,6,"yugene",5.25992304206597e-05
