"pathway","n_pathway_genes","n_in_expression_data","n_overlap_EN_model_features","pct_of_model_populated","status","n_sips","n_prolif","median_scaled_diff_SIPS","median_scaled_diff_Prolif","wilcox_p_scaled","median_yugene_diff_SIPS","median_yugene_diff_Prolif","wilcox_p_yugene","p_adj_scaled","p_adj_yugene"
"HALLMARK_ADIPOGENESIS",200,190,136,1.3,"OK",39,91,5.23567618748305,2.55161527097349,1.68395044979341e-05,5.01272797048394,1.79382012682216,4.49862369578113e-13,3.66076184737699e-05,5.62327961972642e-12
"HALLMARK_ALLOGRAFT_REJECTION",200,117,81,0.77,"OK",39,91,4.02952221125367,1.93682026217036,8.2387469071632e-05,3.42763889948261,0.868817470793686,6.24405275455597e-05,0.0001716405605659,0.000135740277272956
"HALLMARK_ANDROGEN_RESPONSE",101,94,72,0.69,"OK",39,91,1.00863027168622,2.021084229811,4.72195810683295e-14,1.98643328070597,1.54389609864114,0.706951747143045,4.72195810683295e-13,0.75207632674792
"HALLMARK_ANGIOGENESIS",36,30,27,0.26,"OK",39,91,2.42174571626035,1.86900983710263,0.189940388663703,1.36326647986076,1.1763570470857,0.0222424780065291,0.220860917050818,0.0370707966775485
"HALLMARK_APICAL_JUNCTION",200,164,130,1.24,"OK",39,91,3.01955662974241,1.96475546283982,0.0022250046363903,3.96810924051519,1.05074143128792,3.18297166401749e-10,0.00347656974435985,1.76831759112083e-09
"HALLMARK_APICAL_SURFACE",44,32,24,0.23,"OK",39,91,2.21377151642896,2.21152894113159,0.274702916086776,1.25319569666886,1.2666414249754,0.680694024730309,0.298590126181278,0.75207632674792
"HALLMARK_APOPTOSIS",161,145,112,1.07,"OK",39,91,3.97285206868932,2.52273811711948,2.16699502786355e-09,0.696022579319686,0.949766898038573,0.56590650909724,7.73926795665554e-09,0.658030824531675
"HALLMARK_BILE_ACID_METABOLISM",112,79,63,0.6,"OK",39,91,1.63578567426713,2.01127305457567,0.213238493993577,2.49033007474946,1.58540335663277,2.44783748826194e-10,0.242316470447247,1.52989843016371e-09
"HALLMARK_CHOLESTEROL_HOMEOSTASIS",74,69,56,0.53,"OK",39,91,1.87800909562897,2.32580823587011,0.0416240457341962,1.46599941580355,1.62862632361475,0.216998487427167,0.0562487104516165,0.301386788093287
"HALLMARK_COAGULATION",138,98,66,0.63,"OK",39,91,2.6302727305439,2.09780673520422,0.00155019616773799,2.64127051215284,1.66403073189465,0.00157748346234121,0.00250031639957741,0.00281693475418073
"HALLMARK_COMPLEMENT",200,154,104,0.99,"OK",39,91,5.62454272494414,2.21251398393891,1.6690623705351e-07,5.228450299023,1.79568686271461,1.81237123308975e-07,4.17265592633775e-07,5.66366010340547e-07
"HALLMARK_DNA_REPAIR",150,147,93,0.89,"OK",39,91,3.62698895512619,2.10009467356904,0.000138778221670188,2.85855878163784,1.38930688324892,6.28648032496848e-06,0.000266881195519593,1.74624453471347e-05
"HALLMARK_E2F_TARGETS",200,200,136,1.3,"OK",39,91,6.04421573478302,2.488380333835,3.88578058618805e-14,4.66625983258576,1.98612021645514,1.81818338162998e-10,4.72195810683295e-13,1.29870241544998e-09
"HALLMARK_EPITHELIAL_MESENCHYMAL_TRANSITION",200,199,153,1.46,"OK",39,91,1.41453579052077,1.65435461728177,0.326826352122993,0.490401157733959,0.78582025445925,0.46752985296236,0.340444116794784,0.556583158288524
"HALLMARK_ESTROGEN_RESPONSE_EARLY",200,172,137,1.31,"OK",39,91,3.34904232666576,2.82359703606296,0.24056193614937,0.586890099560861,1.00051070710139,0.449057836071183,0.267291040165967,0.547631507403882
"HALLMARK_ESTROGEN_RESPONSE_LATE",200,155,131,1.25,"OK",39,91,1.57541898803906,2.55588641033847,0.0349976360551232,0.717596539006489,1.08808311276759,0.0658972397938633,0.0486078278543378,0.0998443027179747
"HALLMARK_FATTY_ACID_METABOLISM",158,133,94,0.9,"OK",39,91,1.91493354886074,2.14383704294415,0.188229118308787,2.70747351166001,1.30373695415809,0.000138778221670188,0.220860917050818,0.000289121295146226
"HALLMARK_G2M_CHECKPOINT",200,198,142,1.35,"OK",39,91,3.39098223369348,1.8992738911668,1.19036103667369e-05,2.53844056515782,1.53200535231628,1.60835634295253e-05,2.70536599244021e-05,3.8294198641727e-05
"HALLMARK_GLYCOLYSIS",200,177,127,1.21,"OK",39,91,1.79676982858888,2.77863581082381,0.30238569109052,0.225834661563562,1.92875225412835,0.00044711462849748,0.321686905415446,0.000859835824033615
"HALLMARK_HEDGEHOG_SIGNALING",36,29,27,0.26,"OK",39,91,0.469221935375363,2.38673460329554,0.000225664295964486,0.637645404874021,1.46535561818906,0.000170232036642921,0.000402971957079439,0.000340464073285842
"HALLMARK_HEME_METABOLISM",200,168,130,1.24,"OK",39,91,5.25818679915892,1.93905187961597,1.27142740780073e-12,4.89469921201446,1.42680038872578,7.54951656745106e-15,7.06348559889294e-12,1.88737914186277e-13
"HALLMARK_HYPOXIA",200,181,131,1.25,"OK",39,91,3.61647139949487,2.07903280170757,2.08364182729959e-06,3.0273393578297,1.38930367955919,3.75241302474905e-08,4.96105196976092e-06,1.56350542697877e-07
"HALLMARK_IL2_STAT5_SIGNALING",199,165,127,1.21,"OK",39,91,3.05164887477665,2.54993387985024,0.00901855254299067,1.72486476868377,1.23326514535885,0.0469828239271579,0.0130763398459807,0.0734106623861842
"HALLMARK_IL6_JAK_STAT3_SIGNALING",87,65,46,0.44,"OK",39,91,2.34945879746629,2.37594380808778,0.183163587691619,1.46106846749939,1.4514211498444,0.906978687406006,0.220860917050818,0.906978687406006
"HALLMARK_INFLAMMATORY_RESPONSE",200,148,115,1.1,"OK",39,91,5.46582193345759,1.99408187867319,5.42454969831851e-13,3.05606673733061,1.07984512511903,1.81237123308975e-07,3.39034356144907e-12,5.66366010340547e-07
"HALLMARK_INTERFERON_ALPHA_RESPONSE",97,94,65,0.62,"OK",39,91,1.7348999206144,2.1853077664079,0.0897213364126398,0.223809295317172,1.06228147143208,1.13608069165312e-05,0.118054390016631,2.98968603066611e-05
"HALLMARK_INTERFERON_GAMMA_RESPONSE",200,170,116,1.11,"OK",39,91,7.51553553418616,2.14874104230571,7.62845897561704e-09,5.13971882083238,0.787956869885954,1.9782275373359e-08,2.24366440459325e-08,8.99194335152681e-08
"HALLMARK_KRAS_SIGNALING_DN",200,97,69,0.66,"OK",39,91,1.72446336176378,1.77053696007055,0.799478268711735,2.34335743239838,1.71233174749531,0.0770616122783443,0.799478268711735,0.11332590040933
"HALLMARK_KRAS_SIGNALING_UP",200,157,124,1.18,"OK",39,91,3.87612031902831,1.45015874587138,0.00915343789218648,1.49229508502429,1.37599836854027,0.283731512085935,0.0130763398459807,0.38342096227829
"HALLMARK_MITOTIC_SPINDLE",199,198,159,1.52,"OK",39,91,5.01060142265261,2.25132831233673,4.44089209850063e-16,5.24234428697003,1.53306812744507,2.22044604925031e-16,7.40148683083438e-15,1.11022302462516e-14
"HALLMARK_MTORC1_SIGNALING",200,196,129,1.23,"OK",39,91,4.77161606099131,1.98807648647409,4.49862369578113e-13,1.36869460102128,1.65040937603429,0.669555893783712,3.21330263984367e-12,0.75207632674792
"HALLMARK_MYC_TARGETS_V1",200,199,104,0.99,"OK",39,91,1.82811468085604,2.21771585786828,1.44116589165679e-09,0.625385753966052,1.42779839625269,8.0148255148048e-12,5.5429457371415e-09,8.01482551480479e-11
"HALLMARK_MYC_TARGETS_V2",58,57,39,0.37,"OK",39,91,0.489879848673974,2.24246259914294,2.28149860194959e-12,-0.0778305725675696,1.43363778105341,5.98728520316888e-09,1.14074930097479e-11,2.99364260158444e-08
"HALLMARK_MYOGENESIS",200,156,128,1.22,"OK",39,91,5.60072706039134,1.98863437400776,4.6916306395417e-09,3.03471158417281,1.7098428444934,1.53673910485708e-07,1.46613457485678e-08,5.48835394591813e-07
"HALLMARK_NOTCH_SIGNALING",32,30,24,0.23,"OK",39,91,2.06878287263769,2.26620713959276,0.00837039282788108,1.2136114144629,1.28983678598753,0.295296927570669,0.0126824133755774,0.388548588908775
"HALLMARK_OXIDATIVE_PHOSPHORYLATION",200,199,103,0.98,"OK",39,91,-1.71429770701446,2.92972879302617,7.11493161277959e-11,1.40655603501176,1.39460434597848,0.819164168446306,2.96455483865816e-10,0.853296008798236
"HALLMARK_P53_PATHWAY",200,185,134,1.28,"OK",39,91,9.66153264724802,2.48687191950225,2.3765878154336e-11,5.45956079632658,0.647674099727087,1.68531855138099e-13,1.08026718883345e-10,2.80886425230165e-12
"HALLMARK_PANCREAS_BETA_CELLS",40,18,12,0.11,"OK",39,91,2.26476540870699,2.14092492445247,0.000208304079804655,1.3151662993703,1.33714551990784,0.699410667420604,0.000385748295934547,0.75207632674792
"HALLMARK_PEROXISOME",104,85,65,0.62,"OK",39,91,2.16837486840667,1.923242990368,0.105089979876823,2.11665568514534,1.30906836848816,5.31178655971409e-06,0.134730743431825,1.56229016462179e-05
"HALLMARK_PI3K_AKT_MTOR_SIGNALING",105,93,71,0.68,"OK",39,91,3.84000144787517,2.19934140761844,0,1.95991226728595,1.32110120646514,1.36028965869173e-11,0,1.13357471557644e-10
"HALLMARK_PROTEIN_SECRETION",96,92,73,0.7,"OK",39,91,2.64237020105029,2.17957778728906,7.52731210695856e-14,1.51728976197288,1.37011113182093,4.33275872957495e-08,6.27276008913213e-13,1.66644566522113e-07
"HALLMARK_REACTIVE_OXYGEN_SPECIES_PATHWAY",49,46,25,0.24,"OK",39,91,1.86600352023453,2.2186079600001,7.8722190773407e-08,1.30795350104704,1.32512101055898,0.850895025382025,2.07163659930018e-07,0.868260229981658
"HALLMARK_SPERMATOGENESIS",135,81,59,0.56,"OK",39,91,1.64481775312363,2.35378701405659,0.00132346276497926,1.50972649295132,1.39976716352521,0.384980309935768,0.00220577127496544,0.493564499917652
"HALLMARK_TGF_BETA_SIGNALING",54,52,39,0.37,"OK",39,91,2.04444853478747,2.30888653561265,0.173336800552382,1.527411820422,1.29545902421183,0.167008014125903,0.216671000690477,0.238582877322718
"HALLMARK_TNFA_SIGNALING_VIA_NFKB",200,188,158,1.51,"OK",39,91,4.02369593202433,1.81455778007249,1.16109279968413e-08,1.82950435772861,0.68039271592882,0.000742413713244794,3.22525777690035e-08,0.00137484020971258
"HALLMARK_UNFOLDED_PROTEIN_RESPONSE",113,112,79,0.75,"OK",39,91,3.2821749572319,2.10366713569513,0,1.13496383131656,1.22254845754971,0.401876917670143,0,0.502346147087679
"HALLMARK_UV_RESPONSE_DN",144,142,127,1.21,"OK",39,91,2.49253043191973,2.62890784711979,0.357802207729622,2.0478969338674,1.06057011932573,0.00337418150015889,0.365104293601655,0.00581755431061878
"HALLMARK_UV_RESPONSE_UP",158,144,99,0.94,"OK",39,91,4.69065991263034,2.13582087381021,8.77785252781926e-05,4.54636003134732,2.08585685922065,2.3160918057874e-05,0.000175557050556385,5.26384501315319e-05
"HALLMARK_WNT_BETA_CATENIN_SIGNALING",42,37,27,0.26,"OK",39,91,4.13055674078666,2.24861684010197,3.55912566085692e-09,1.4629594085869,1.34560473428899,0.024088251813901,1.18637522028564e-08,0.038852019054679
"HALLMARK_XENOBIOTIC_METABOLISM",200,156,115,1.1,"OK",39,91,0.207973323329126,1.82647042570429,0.00118975223347814,2.75403721695519,1.67908389897714,1.5010015628425e-05,0.00205129695427266,3.75250390710624e-05
