analysis,label,cell_type,timepoint,pathway,observed,expected_from_weight,total_shift,z,p_emp,interpretable,p_emp_adj
temporal_bytimepoint,Fibroblast_4_days,Fibroblast,4_days,HALLMARK ADIPOGENESIS,0.04251493148889629,0.007061982246313936,0.4810936170357605,1.0097230170119784,0.2952852357382131,True,0.6984484109127878
temporal_bytimepoint,Fibroblast_4_days,Fibroblast,4_days,HALLMARK ALLOGRAFT REJECTION,-0.008381432783350021,0.007424478700508293,0.4810936170357605,-0.3500344113974675,0.7169141542922853,True,0.914937632619754
temporal_bytimepoint,Fibroblast_4_days,Fibroblast,4_days,HALLMARK ANDROGEN RESPONSE,-0.06526611775979722,0.004013425018401607,0.4810936170357605,-2.3087446371407103,0.026848657567121643,True,0.19733763311834407
temporal_bytimepoint,Fibroblast_4_days,Fibroblast,4_days,HALLMARK ANGIOGENESIS,0.004921338104511678,0.0019301684731827756,0.4810936170357605,0.1576183528878025,0.8505074746262686,True,0.9455478107706706
temporal_bytimepoint,Fibroblast_4_days,Fibroblast,4_days,HALLMARK APICAL JUNCTION,0.017340722178398126,0.007351929608282751,0.4810936170357605,0.28186585541665427,0.7689115544222789,True,0.9187835202834453
temporal_bytimepoint,Fibroblast_4_days,Fibroblast,4_days,HALLMARK APICAL SURFACE,-0.005621248193734466,0.0013480251946644346,0.4810936170357605,-0.3906203420269072,0.6422178891055447,True,0.9053347332633368
temporal_bytimepoint,Fibroblast_4_days,Fibroblast,4_days,HALLMARK APOPTOSIS,0.0032746363939266557,0.00711610064056042,0.4810936170357605,-0.054091632674307485,0.9540522973851308,True,0.9875124234442484
temporal_bytimepoint,Fibroblast_4_days,Fibroblast,4_days,HALLMARK BILE ACID METABOLISM,0.02148264885567913,0.00350509030135914,0.4810936170357605,0.7006555641211082,0.4568771561421929,True,0.8091679753361729
temporal_bytimepoint,Fibroblast_4_days,Fibroblast,4_days,HALLMARK CHOLESTEROL HOMEOSTASIS,-0.021630798313792148,0.0037448677527471327,0.4810936170357605,-0.8367951344033548,0.3790310484475776,True,0.7774543830947988
temporal_bytimepoint,Fibroblast_4_days,Fibroblast,4_days,HALLMARK COAGULATION,0.025484806396895737,0.004437332086746251,0.4810936170357605,0.6833583328065064,0.4694265286735663,True,0.8129479022232095
temporal_bytimepoint,Fibroblast_4_days,Fibroblast,4_days,HALLMARK COMPLEMENT,-0.0024448452199298523,0.007828396122209473,0.4810936170357605,-0.22401421598619423,0.8187590620468976,True,0.9387502347247676
temporal_bytimepoint,Fibroblast_4_days,Fibroblast,4_days,HALLMARK DNA REPAIR,-0.01757811134535683,0.003607587442987297,0.4810936170357605,-0.9005585671036771,0.33668316584170793,True,0.746060469253765
temporal_bytimepoint,Fibroblast_4_days,Fibroblast,4_days,HALLMARK E2F TARGETS,0.12116962965912606,0.005240374630208202,0.4810936170357605,4.1038011454031,0.00044997750112494374,True,0.030317234138293087
temporal_bytimepoint,Fibroblast_4_days,Fibroblast,4_days,HALLMARK EPITHELIAL MESENCHYMAL TRANSITION,-0.06681627598816092,0.00981415127303187,0.4810936170357605,-1.5775901009089366,0.11094445277736113,True,0.41114708970433833
temporal_bytimepoint,Fibroblast_4_days,Fibroblast,4_days,HALLMARK ESTROGEN RESPONSE EARLY,-0.005119047068519619,0.008058618977368006,0.4810936170357605,-0.2937932309172425,0.7632118394080296,True,0.9187835202834453
temporal_bytimepoint,Fibroblast_4_days,Fibroblast,4_days,HALLMARK ESTROGEN RESPONSE LATE,-0.047785941342873464,0.007398742927212808,0.4810936170357605,-1.3578453064296372,0.16914154292285385,True,0.532301044522242
temporal_bytimepoint,Fibroblast_4_days,Fibroblast,4_days,HALLMARK FATTY ACID METABOLISM,-0.0062551814822413565,0.005694829211878847,0.4810936170357605,-0.2822942422710312,0.7665116744162792,True,0.9187835202834453
temporal_bytimepoint,Fibroblast_4_days,Fibroblast,4_days,HALLMARK G2M CHECKPOINT,-0.054338258214864585,0.005689847606862945,0.4810936170357605,-1.9098219289264198,0.0607969601519924,True,0.3191840407979601
temporal_bytimepoint,Fibroblast_4_days,Fibroblast,4_days,HALLMARK GLYCOLYSIS,0.013394775446089012,0.00727013516017143,0.4810936170357605,0.17948584843928495,0.8512074396280186,True,0.9455478107706706
temporal_bytimepoint,Fibroblast_4_days,Fibroblast,4_days,HALLMARK HEDGEHOG SIGNALING,-0.030853180387076982,0.0014644067141080192,0.4810936170357605,-1.7584976362041034,0.08039598020098995,True,0.34270286485675716
temporal_bytimepoint,Fibroblast_4_days,Fibroblast,4_days,HALLMARK HEME METABOLISM,-0.004565799738029515,0.006247654368352274,0.4810936170357605,-0.346649601908881,0.7106644667766612,True,0.914937632619754
temporal_bytimepoint,Fibroblast_4_days,Fibroblast,4_days,HALLMARK HYPOXIA,0.09885897416001561,0.009470904343340511,0.4810936170357605,1.984656868666596,0.04924753762311884,True,0.295919414555588
temporal_bytimepoint,Fibroblast_4_days,Fibroblast,4_days,HALLMARK IL2 STAT5 SIGNALING,0.05413985738260735,0.007663324317113542,0.4810936170357605,1.1828023515682908,0.2303384830758462,True,0.6388633398518754
temporal_bytimepoint,Fibroblast_4_days,Fibroblast,4_days,HALLMARK IL6 JAK STAT3 SIGNALING,-0.011410480738490422,0.0029695066384976525,0.4810936170357605,-0.5781480228781966,0.5378231088445578,True,0.8459400873372701
temporal_bytimepoint,Fibroblast_4_days,Fibroblast,4_days,HALLMARK INFLAMMATORY RESPONSE,0.010928598774001867,0.008094217483562975,0.4810936170357605,0.09612022765508309,0.9190040497975102,True,0.9741603828899463
temporal_bytimepoint,Fibroblast_4_days,Fibroblast,4_days,HALLMARK INTERFERON ALPHA RESPONSE,-0.017112018808223817,0.003635918597766277,0.4810936170357605,-0.7107674053273554,0.44917754112294384,True,0.80425131969208
temporal_bytimepoint,Fibroblast_4_days,Fibroblast,4_days,HALLMARK INTERFERON GAMMA RESPONSE,0.07310958668069917,0.007510856582409665,0.4810936170357605,1.619672937485001,0.10499475026248688,True,0.3937036199037506
temporal_bytimepoint,Fibroblast_4_days,Fibroblast,4_days,HALLMARK KRAS SIGNALING DN,-0.006098057890107329,0.005411202321989826,0.4810936170357605,-0.31254868640286354,0.7489625518724063,True,0.914937632619754
temporal_bytimepoint,Fibroblast_4_days,Fibroblast,4_days,HALLMARK KRAS SIGNALING UP,0.06830689313591318,0.009080383884624113,0.4810936170357605,1.3403942557239885,0.1751912404379781,True,0.544079838261608
temporal_bytimepoint,Fibroblast_4_days,Fibroblast,4_days,HALLMARK MITOTIC SPINDLE,-0.042662810417832805,0.005808538273435481,0.4810936170357605,-1.5619659134362114,0.11534423278836058,True,0.4173024955309612
temporal_bytimepoint,Fibroblast_4_days,Fibroblast,4_days,HALLMARK MTORC1 SIGNALING,-0.01741811975681353,0.00717887213788673,0.4810936170357605,-0.5984630261373388,0.5328733563321834,True,0.8453134897211974
temporal_bytimepoint,Fibroblast_4_days,Fibroblast,4_days,HALLMARK MYC TARGETS,-0.10353006133591641,0.0047667583852791535,0.4810936170357605,-3.743024162928658,0.0008999550022498875,True,0.03968801559922004
temporal_bytimepoint,Fibroblast_4_days,Fibroblast,4_days,HALLMARK MYOGENESIS,0.08600896832387486,0.010149782797073138,0.4810936170357605,1.5492787674539918,0.1175941202939853,True,0.42161794349306925
temporal_bytimepoint,Fibroblast_4_days,Fibroblast,4_days,HALLMARK NOTCH SIGNALING,-0.02512069999127303,0.0016520304101833561,0.4810936170357605,-1.347027181606201,0.16034198290085497,True,0.514314501666221
temporal_bytimepoint,Fibroblast_4_days,Fibroblast,4_days,HALLMARK OXIDATIVE PHOSPHORYLATION,-0.0027229460430611627,0.003776094415853494,0.4810936170357605,-0.24381037275791856,0.7924603769811509,True,0.9269894595455903
temporal_bytimepoint,Fibroblast_4_days,Fibroblast,4_days,HALLMARK P53 PATHWAY,0.16710891542616038,0.007777942426575439,0.4810936170357605,4.0317067803595705,0.00024998750062496874,True,0.027561121943902804
temporal_bytimepoint,Fibroblast_4_days,Fibroblast,4_days,HALLMARK PANCREAS BETA CELLS,-0.004883657687395146,0.0010310449451105535,0.4810936170357605,-0.38835083424659833,0.6284185790710465,False,
temporal_bytimepoint,Fibroblast_4_days,Fibroblast,4_days,HALLMARK PEROXISOME,0.03271998255622258,0.003595542735984523,0.4810936170357605,1.0891800990495648,0.2565871706414679,True,0.6667227685127372
temporal_bytimepoint,Fibroblast_4_days,Fibroblast,4_days,HALLMARK PI3K AKT MTOR SIGNALING,0.06640293281978477,0.0036253881675852658,0.4810936170357605,2.5447636496691306,0.016349182540872958,True,0.16837339951184258
temporal_bytimepoint,Fibroblast_4_days,Fibroblast,4_days,HALLMARK PROTEIN SECRETION,0.011081477312324846,0.0029280869818624294,0.4810936170357605,0.3343279405977436,0.7141142942852857,True,0.914937632619754
temporal_bytimepoint,Fibroblast_4_days,Fibroblast,4_days,HALLMARK REACTIVE OXYGEN SPECIES PATHWAY,-0.015445136784761403,0.0009675695466309018,0.4810936170357605,-1.4608893416970814,0.12409379531023448,True,0.4413335784823662
temporal_bytimepoint,Fibroblast_4_days,Fibroblast,4_days,HALLMARK SPERMATOGENESIS,-0.01089707029643805,0.0033407924865968028,0.4810936170357605,-0.609981584422861,0.5129243537823109,True,0.8346850185166019
temporal_bytimepoint,Fibroblast_4_days,Fibroblast,4_days,HALLMARK TGF BETA SIGNALING,-0.0175558747884095,0.0018296235815150746,0.4810936170357605,-1.0332576304717696,0.2590870456477176,True,0.6667227685127372
temporal_bytimepoint,Fibroblast_4_days,Fibroblast,4_days,HALLMARK TNFA SIGNALING VIA NFKB,-0.011341930239088228,0.009869918849015084,0.4810936170357605,-0.4172121252593377,0.6747162641867906,True,0.9124902845766804
temporal_bytimepoint,Fibroblast_4_days,Fibroblast,4_days,HALLMARK UNFOLDED PROTEIN RESPONSE,0.014621810635232718,0.0027314105432512457,0.4810936170357605,0.5825342050308459,0.5286235688215589,True,0.8446485284431431
temporal_bytimepoint,Fibroblast_4_days,Fibroblast,4_days,HALLMARK UV RESPONSE DN,-0.01999410995143735,0.007649305571686086,0.4810936170357605,-0.6467135874096954,0.5005749712514375,True,0.8287598631220856
temporal_bytimepoint,Fibroblast_4_days,Fibroblast,4_days,HALLMARK UV RESPONSE UP,0.005077637991040678,0.005090395137624514,0.4810936170357605,0.03841008615757979,0.967501624918754,True,0.9899494584435511
temporal_bytimepoint,Fibroblast_4_days,Fibroblast,4_days,HALLMARK WNT BETA CATENIN SIGNALING,-0.009252831632564788,0.0015094943433292954,0.4810936170357605,-0.6129081083005634,0.4741262936853157,True,0.8129479022232095
temporal_bytimepoint,Fibroblast_4_days,Fibroblast,4_days,HALLMARK XENOBIOTIC METABOLISM,-0.01765930973424678,0.007403835411645894,0.4810936170357605,-0.6033803516655372,0.5267736613169341,True,0.8446485284431431
temporal_bytimepoint,Fibroblast_4_days,Fibroblast,4_days,Lysosomal Genes,0.024582139484646832,0.006149751927030382,0.4810936170357605,0.5426586807890874,0.5698215089245537,True,0.8695200188087482
temporal_bytimepoint,Fibroblast_10_days,Fibroblast,10_days,HALLMARK ADIPOGENESIS,0.04351600286184995,0.009067108434365626,0.6176917245892627,1.0239925975102746,0.2982350882455877,True,0.6984484109127878
temporal_bytimepoint,Fibroblast_10_days,Fibroblast,10_days,HALLMARK ALLOGRAFT REJECTION,0.009925395216624564,0.009532529408620958,0.6176917245892627,0.014896104551783853,0.9873506324683766,True,0.9940043906895564
temporal_bytimepoint,Fibroblast_10_days,Fibroblast,10_days,HALLMARK ANDROGEN RESPONSE,-0.07057420701361543,0.0051529667685071565,0.6176917245892627,-2.6428796091138897,0.010599470026498675,True,0.14164746308139137
temporal_bytimepoint,Fibroblast_10_days,Fibroblast,10_days,HALLMARK ANGIOGENESIS,0.03343146428473727,0.002478206009662088,0.6176917245892627,1.4635889870862213,0.14044297785110743,True,0.4764257940949106
temporal_bytimepoint,Fibroblast_10_days,Fibroblast,10_days,HALLMARK APICAL JUNCTION,0.006984623213315431,0.009439381272151607,0.6176917245892627,-0.04303433701169644,0.9669016549172541,True,0.9899494584435511
temporal_bytimepoint,Fibroblast_10_days,Fibroblast,10_days,HALLMARK APICAL SURFACE,-0.0018672017178837244,0.0017307733418133416,0.6176917245892627,-0.22333125364604003,0.8067596620168992,True,0.936265818288033
temporal_bytimepoint,Fibroblast_10_days,Fibroblast,10_days,HALLMARK APOPTOSIS,0.0038212527978075555,0.009136592798926688,0.6176917245892627,-0.10972121347795893,0.912454377281136,True,0.9741603828899463
temporal_bytimepoint,Fibroblast_10_days,Fibroblast,10_days,HALLMARK BILE ACID METABOLISM,0.026708668816261587,0.004500299310615657,0.6176917245892627,0.9348821441880749,0.3400829958502075,True,0.746060469253765
temporal_bytimepoint,Fibroblast_10_days,Fibroblast,10_days,HALLMARK CHOLESTEROL HOMEOSTASIS,-0.006548999501440479,0.004808157370296499,0.6176917245892627,-0.40260778454477536,0.6738663066846657,True,0.9124902845766804
temporal_bytimepoint,Fibroblast_10_days,Fibroblast,10_days,HALLMARK COAGULATION,0.07519870137641708,0.005697234825366282,0.6176917245892627,2.380923747156181,0.020448977551122443,True,0.17324133793310334
temporal_bytimepoint,Fibroblast_10_days,Fibroblast,10_days,HALLMARK COMPLEMENT,0.04793417972586163,0.010051132108734739,0.6176917245892627,0.9799331567639475,0.3246337683115844,True,0.7341717529508139
temporal_bytimepoint,Fibroblast_10_days,Fibroblast,10_days,HALLMARK DNA REPAIR,-0.004092428165958732,0.004631898720659503,0.6176917245892627,-0.3775636284654548,0.6989150542472876,True,0.914937632619754
temporal_bytimepoint,Fibroblast_10_days,Fibroblast,10_days,HALLMARK E2F TARGETS,0.05406765901958643,0.006728287236009031,0.6176917245892627,1.821805888653958,0.06894655267236638,True,0.3350473780658793
temporal_bytimepoint,Fibroblast_10_days,Fibroblast,10_days,HALLMARK EPITHELIAL MESENCHYMAL TRANSITION,-0.056266649257818546,0.012600707659707645,0.6176917245892627,-1.4801608805042539,0.13819309034548272,True,0.4764257940949106
temporal_bytimepoint,Fibroblast_10_days,Fibroblast,10_days,HALLMARK ESTROGEN RESPONSE EARLY,-0.03716000067578829,0.010346722711908691,0.6176917245892627,-1.1716995578701068,0.24183790810459477,True,0.6531313678218529
temporal_bytimepoint,Fibroblast_10_days,Fibroblast,10_days,HALLMARK ESTROGEN RESPONSE LATE,-0.07758945190157729,0.009499486413188023,0.6176917245892627,-2.289797386384063,0.021698915054247286,True,0.17324133793310334
temporal_bytimepoint,Fibroblast_10_days,Fibroblast,10_days,HALLMARK FATTY ACID METABOLISM,0.03586480912990441,0.007311776237649155,0.6176917245892627,0.7770885902697117,0.42282885855707214,True,0.793478836696463
temporal_bytimepoint,Fibroblast_10_days,Fibroblast,10_days,HALLMARK G2M CHECKPOINT,-0.06251225150526739,0.007305380193127812,0.6176917245892627,-2.326118989188284,0.021898905054747262,True,0.17324133793310334
temporal_bytimepoint,Fibroblast_10_days,Fibroblast,10_days,HALLMARK GLYCOLYSIS,0.03407043915415252,0.00933436272289916,0.6176917245892627,0.7137881035557335,0.46757662116894155,True,0.8129479022232095
temporal_bytimepoint,Fibroblast_10_days,Fibroblast,10_days,HALLMARK HEDGEHOG SIGNALING,-0.04583618268323709,0.0018801993556074158,0.6176917245892627,-2.6876260666567653,0.012749362531873407,True,0.15617969101544923
temporal_bytimepoint,Fibroblast_10_days,Fibroblast,10_days,HALLMARK HEME METABOLISM,0.010949367450708476,0.008021566416122918,0.6176917245892627,0.08455910514747973,0.9300034998250087,True,0.978834232512718
temporal_bytimepoint,Fibroblast_10_days,Fibroblast,10_days,HALLMARK HYPOXIA,0.09256239687216986,0.01216000177533657,0.6176917245892627,1.8244029451694996,0.06989650517474126,True,0.3350473780658793
temporal_bytimepoint,Fibroblast_10_days,Fibroblast,10_days,HALLMARK IL2 STAT5 SIGNALING,0.03881056162991048,0.009839191055350966,0.6176917245892627,0.7635633180454523,0.44037798110094495,True,0.80425131969208
temporal_bytimepoint,Fibroblast_10_days,Fibroblast,10_days,HALLMARK IL6 JAK STAT3 SIGNALING,-0.04686485030334019,0.0038126460459285976,0.6176917245892627,-2.040990542817622,0.045097745112744364,True,0.28823341441623573
temporal_bytimepoint,Fibroblast_10_days,Fibroblast,10_days,HALLMARK INFLAMMATORY RESPONSE,0.015284033786490667,0.010392428790529843,0.6176917245892627,0.11917569979976786,0.9016049197540122,True,0.9741603828899463
temporal_bytimepoint,Fibroblast_10_days,Fibroblast,10_days,HALLMARK INTERFERON ALPHA RESPONSE,-0.016576758443120242,0.004668274010697352,0.6176917245892627,-0.7643898371398272,0.431878406079696,True,0.7968969752349203
temporal_bytimepoint,Fibroblast_10_days,Fibroblast,10_days,HALLMARK INTERFERON GAMMA RESPONSE,0.06170196811453364,0.00964343277742217,0.6176917245892627,1.2903031684000164,0.19234038298085096,True,0.5770211489425529
temporal_bytimepoint,Fibroblast_10_days,Fibroblast,10_days,HALLMARK KRAS SIGNALING DN,-0.026915121780750062,0.006947618459304705,0.6176917245892627,-1.0252036767013621,0.29773511324433777,True,0.6984484109127878
temporal_bytimepoint,Fibroblast_10_days,Fibroblast,10_days,HALLMARK KRAS SIGNALING UP,0.14236047391666398,0.011658599871236911,0.6176917245892627,3.0258985337353783,0.0034498275086245686,True,0.08949258419431969
temporal_bytimepoint,Fibroblast_10_days,Fibroblast,10_days,HALLMARK MITOTIC SPINDLE,-0.004338686573773272,0.0074577709959398756,0.6176917245892627,-0.3488247391345157,0.7227638618069097,True,0.914937632619754
temporal_bytimepoint,Fibroblast_10_days,Fibroblast,10_days,HALLMARK MTORC1 SIGNALING,0.01714548807821869,0.00921718716365229,0.6176917245892627,0.23166385582124105,0.8125093745312735,True,0.9387502347247676
temporal_bytimepoint,Fibroblast_10_days,Fibroblast,10_days,HALLMARK MYC TARGETS,-0.06498594946703272,0.006120195952391005,0.6176917245892627,-2.61167898598854,0.0111994400279986,True,0.14526332506904066
temporal_bytimepoint,Fibroblast_10_days,Fibroblast,10_days,HALLMARK MYOGENESIS,0.09146076839858414,0.013031635877356734,0.6176917245892627,1.620881282186506,0.10334483275836208,True,0.39288854522791106
temporal_bytimepoint,Fibroblast_10_days,Fibroblast,10_days,HALLMARK NOTCH SIGNALING,-0.024689842033512724,0.002121095514481151,0.6176917245892627,-1.3919137013562628,0.15814209289535522,True,0.5127989924033209
temporal_bytimepoint,Fibroblast_10_days,Fibroblast,10_days,HALLMARK OXIDATIVE PHOSPHORYLATION,0.006082705316058653,0.004848250297544591,0.6176917245892627,0.051487741219493954,0.9584020798960052,True,0.9875124234442484
temporal_bytimepoint,Fibroblast_10_days,Fibroblast,10_days,HALLMARK P53 PATHWAY,0.12918816941238961,0.009986352969780227,0.6176917245892627,3.1217676257861537,0.0019499025048747563,True,0.06142192890355482
temporal_bytimepoint,Fibroblast_10_days,Fibroblast,10_days,HALLMARK PANCREAS BETA CELLS,-0.03403360633072542,0.0013237921014176333,0.6176917245892627,-2.4264843696671257,0.0223988800559972,False,
temporal_bytimepoint,Fibroblast_10_days,Fibroblast,10_days,HALLMARK PEROXISOME,0.03292569263951656,0.004616434130032513,0.6176917245892627,1.1149156245609366,0.25653717314134294,True,0.6667227685127372
temporal_bytimepoint,Fibroblast_10_days,Fibroblast,10_days,HALLMARK PI3K AKT MTOR SIGNALING,0.04824194671766117,0.004654753649277358,0.6176917245892627,1.8907716358796414,0.05949702514874256,True,0.31612274807946344
temporal_bytimepoint,Fibroblast_10_days,Fibroblast,10_days,HALLMARK PROTEIN SECRETION,0.019904590557763332,0.0037594660031407836,0.6176917245892627,0.693760876191451,0.4735263236838158,True,0.8129479022232095
temporal_bytimepoint,Fibroblast_10_days,Fibroblast,10_days,HALLMARK REACTIVE OXYGEN SPECIES PATHWAY,-0.027352014204963263,0.0012422939751330513,0.6176917245892627,-2.7681709975169353,0.00974951252437378,True,0.13869467816931733
temporal_bytimepoint,Fibroblast_10_days,Fibroblast,10_days,HALLMARK SPERMATOGENESIS,0.007800612129721522,0.004289352008566435,0.6176917245892627,0.14411141727925014,0.8862056897155143,True,0.9691739550953486
temporal_bytimepoint,Fibroblast_10_days,Fibroblast,10_days,HALLMARK TGF BETA SIGNALING,-0.019792013248244866,0.002349113156766793,0.6176917245892627,-1.2366248423565693,0.20508974551272435,True,0.5989707137159698
temporal_bytimepoint,Fibroblast_10_days,Fibroblast,10_days,HALLMARK TNFA SIGNALING VIA NFKB,-0.09538368925648755,0.012672309462278793,0.6176917245892627,-2.257448137513139,0.02439878006099695,True,0.1846128032581422
temporal_bytimepoint,Fibroblast_10_days,Fibroblast,10_days,HALLMARK UNFOLDED PROTEIN RESPONSE,0.019185730086579842,0.003506946734021513,0.6176917245892627,0.7964659224420794,0.41162941852907353,True,0.793478836696463
temporal_bytimepoint,Fibroblast_10_days,Fibroblast,10_days,HALLMARK UV RESPONSE DN,-0.02838965718486519,0.009821191932658346,0.6176917245892627,-0.9331330577987846,0.34173291335433226,True,0.746060469253765
temporal_bytimepoint,Fibroblast_10_days,Fibroblast,10_days,HALLMARK UV RESPONSE UP,-0.01244812922934668,0.006535723692975878,0.6176917245892627,-0.5982600119874479,0.5390230488475576,True,0.8459400873372701
temporal_bytimepoint,Fibroblast_10_days,Fibroblast,10_days,HALLMARK WNT BETA CATENIN SIGNALING,-0.005053629579144307,0.0019380888275628526,0.6176917245892627,-0.42562292916034344,0.6431178441077946,True,0.9053347332633368
temporal_bytimepoint,Fibroblast_10_days,Fibroblast,10_days,HALLMARK XENOBIOTIC METABOLISM,-0.036806625788451494,0.009506024819395319,0.6176917245892627,-1.2028220080250374,0.22818859057047147,True,0.6369061293770754
temporal_bytimepoint,Fibroblast_10_days,Fibroblast,10_days,Lysosomal Genes,0.042473872668625075,0.007895866291074027,0.6176917245892627,1.0958297867898168,0.26863656817159143,True,0.6758358711277919
temporal_bytimepoint,Fibroblast_20_days,Fibroblast,20_days,HALLMARK ADIPOGENESIS,0.02679606783462789,0.01042040046176878,0.7098839920944475,0.48024795056855185,0.6286685665716714,True,0.9053347332633368
temporal_bytimepoint,Fibroblast_20_days,Fibroblast,20_days,HALLMARK ALLOGRAFT REJECTION,0.0010364818586708112,0.010955286855833003,0.7098839920944475,-0.21360156354926865,0.8280585970701465,True,0.9387502347247676
temporal_bytimepoint,Fibroblast_20_days,Fibroblast,20_days,HALLMARK ANDROGEN RESPONSE,-0.08276486306509313,0.005922061888056371,0.7098839920944475,-2.8253730427227333,0.006599670016499175,True,0.11194055681831293
temporal_bytimepoint,Fibroblast_20_days,Fibroblast,20_days,HALLMARK ANGIOGENESIS,0.04163181236904934,0.0028480853884535833,0.7098839920944475,1.6850796677566693,0.0935453227338633,True,0.37309055599851587
temporal_bytimepoint,Fibroblast_20_days,Fibroblast,20_days,HALLMARK APICAL JUNCTION,0.013304500936955403,0.010848236091931331,0.7098839920944475,0.07495082520969372,0.9397030148492576,True,0.9796903771832686
temporal_bytimepoint,Fibroblast_20_days,Fibroblast,20_days,HALLMARK APICAL SURFACE,-0.0032515578146593708,0.0019890962439461186,0.7098839920944475,-0.3023119821861509,0.7348632568371581,True,0.914937632619754
temporal_bytimepoint,Fibroblast_20_days,Fibroblast,20_days,HALLMARK APOPTOSIS,-0.021976453665336786,0.010500255567704595,0.7098839920944475,-0.7557411130049756,0.44907754612269385,True,0.80425131969208
temporal_bytimepoint,Fibroblast_20_days,Fibroblast,20_days,HALLMARK BILE ACID METABOLISM,0.01299992700200724,0.0051719819338102,0.7098839920944475,0.32524002272939523,0.7365131743412829,True,0.914937632619754
temporal_bytimepoint,Fibroblast_20_days,Fibroblast,20_days,HALLMARK CHOLESTEROL HOMEOSTASIS,-0.0251478109394892,0.005525788694860801,0.7098839920944475,-0.9554418073879265,0.3288335583220839,True,0.7361197929951219
temporal_bytimepoint,Fibroblast_20_days,Fibroblast,20_days,HALLMARK COAGULATION,0.10903710699785532,0.006547563518711308,0.7098839920944475,3.1975227587332937,0.0026498675066246686,True,0.07790610469476526
temporal_bytimepoint,Fibroblast_20_days,Fibroblast,20_days,HALLMARK COMPLEMENT,0.11538957330012048,0.011551292501387882,0.7098839920944475,2.422329489022072,0.016199190040497975,True,0.16837339951184258
temporal_bytimepoint,Fibroblast_20_days,Fibroblast,20_days,HALLMARK DNA REPAIR,0.012868249129258413,0.005323222934523493,0.7098839920944475,0.35545438135449603,0.7134643267836608,True,0.914937632619754
temporal_bytimepoint,Fibroblast_20_days,Fibroblast,20_days,HALLMARK E2F TARGETS,0.04694691623029247,0.007732503468833478,0.7098839920944475,1.4154895894388861,0.15239238038098096,True,0.5025174114428607
temporal_bytimepoint,Fibroblast_20_days,Fibroblast,20_days,HALLMARK EPITHELIAL MESENCHYMAL TRANSITION,-0.02641546883605503,0.014481399540582153,0.7098839920944475,-0.7850817662961866,0.4246787660616969,True,0.7934812120153486
temporal_bytimepoint,Fibroblast_20_days,Fibroblast,20_days,HALLMARK ESTROGEN RESPONSE EARLY,-0.03225035442234862,0.011891000852744315,0.7098839920944475,-1.0052187448691552,0.3055347232638368,True,0.7091621734702738
temporal_bytimepoint,Fibroblast_20_days,Fibroblast,20_days,HALLMARK ESTROGEN RESPONSE LATE,-0.08911234508976709,0.010917312098239661,0.7098839920944475,-2.430438098367514,0.015949202539873007,True,0.16837339951184258
temporal_bytimepoint,Fibroblast_20_days,Fibroblast,20_days,HALLMARK FATTY ACID METABOLISM,0.045781811884802515,0.008403079883149091,0.7098839920944475,0.9438485716434637,0.33803309834508277,True,0.746060469253765
temporal_bytimepoint,Fibroblast_20_days,Fibroblast,20_days,HALLMARK G2M CHECKPOINT,-0.05050292672782122,0.008395729210576224,0.7098839920944475,-1.8022133279036923,0.07234638268086596,True,0.335839523813283
temporal_bytimepoint,Fibroblast_20_days,Fibroblast,20_days,HALLMARK GLYCOLYSIS,0.04230463981721115,0.010727543221977685,0.7098839920944475,0.8167742057917188,0.4125793710314484,True,0.793478836696463
temporal_bytimepoint,Fibroblast_20_days,Fibroblast,20_days,HALLMARK HEDGEHOG SIGNALING,-0.0453832348850223,0.0021608245203212514,0.7098839920944475,-2.4547594080753394,0.02069896505174741,True,0.17324133793310334
temporal_bytimepoint,Fibroblast_20_days,Fibroblast,20_days,HALLMARK HEME METABOLISM,0.02022940054303715,0.009218808288413765,0.7098839920944475,0.3103274309665641,0.7513624318784061,True,0.9153337913214837
temporal_bytimepoint,Fibroblast_20_days,Fibroblast,20_days,HALLMARK HYPOXIA,0.10948570183741176,0.013974917034693175,0.7098839920944475,2.001104104484457,0.0447977601119944,True,0.28823341441623573
temporal_bytimepoint,Fibroblast_20_days,Fibroblast,20_days,HALLMARK IL2 STAT5 SIGNALING,-0.022912127506683956,0.011307718635856787,0.7098839920944475,-0.802006086908586,0.4106794660266987,True,0.793478836696463
temporal_bytimepoint,Fibroblast_20_days,Fibroblast,20_days,HALLMARK IL6 JAK STAT3 SIGNALING,-0.10410138465922951,0.004381694440421116,0.7098839920944475,-3.93419587110031,0.00039998000099995,True,0.030317234138293087
temporal_bytimepoint,Fibroblast_20_days,Fibroblast,20_days,HALLMARK INFLAMMATORY RESPONSE,-0.02488552919581019,0.011943528695133886,0.7098839920944475,-0.7848925774290547,0.4264286785660717,True,0.7934812120153486
temporal_bytimepoint,Fibroblast_20_days,Fibroblast,20_days,HALLMARK INTERFERON ALPHA RESPONSE,-0.08219734937437707,0.005365027341281301,0.7098839920944475,-2.9210712048039515,0.00519974001299935,True,0.11194055681831293
temporal_bytimepoint,Fibroblast_20_days,Fibroblast,20_days,HALLMARK INTERFERON GAMMA RESPONSE,0.011041333266456909,0.011082742871588561,0.7098839920944475,-0.03988829035017875,0.9674516274186291,True,0.9899494584435511
temporal_bytimepoint,Fibroblast_20_days,Fibroblast,20_days,HALLMARK KRAS SIGNALING DN,-0.044425368605743365,0.00798457050840346,0.7098839920944475,-1.480412234611958,0.13629318534073295,True,0.4764257940949106
temporal_bytimepoint,Fibroblast_20_days,Fibroblast,20_days,HALLMARK KRAS SIGNALING UP,0.14347082345762202,0.013398679453458451,0.7098839920944475,2.752955990663461,0.006599670016499175,True,0.11194055681831293
temporal_bytimepoint,Fibroblast_20_days,Fibroblast,20_days,HALLMARK MITOTIC SPINDLE,-0.0015788049859688667,0.008570864779262433,0.7098839920944475,-0.26657399370602114,0.7875606219689015,True,0.9261712914354281
temporal_bytimepoint,Fibroblast_20_days,Fibroblast,20_days,HALLMARK MTORC1 SIGNALING,0.044229190195700305,0.010592878873302172,0.7098839920944475,0.8447099590727228,0.38693065346732664,True,0.7845815854003679
temporal_bytimepoint,Fibroblast_20_days,Fibroblast,20_days,HALLMARK MYC TARGETS,-0.0472618714426046,0.007033652811153637,0.7098839920944475,-1.8449383357176514,0.063996800159992,True,0.324397573224787
temporal_bytimepoint,Fibroblast_20_days,Fibroblast,20_days,HALLMARK MYOGENESIS,0.08287154570472248,0.014976645034852446,0.7098839920944475,1.2901358119984538,0.19749012549372533,True,0.5806209689515525
temporal_bytimepoint,Fibroblast_20_days,Fibroblast,20_days,HALLMARK NOTCH SIGNALING,-0.039246041917041084,0.0024376751241644845,0.7098839920944475,-1.965520540824137,0.05379731013449328,True,0.30811186713391603
temporal_bytimepoint,Fibroblast_20_days,Fibroblast,20_days,HALLMARK OXIDATIVE PHOSPHORYLATION,0.0051271149817837345,0.0055718656068811994,0.7098839920944475,-0.015238215170518665,0.9878006099695015,True,0.9940043906895564
temporal_bytimepoint,Fibroblast_20_days,Fibroblast,20_days,HALLMARK P53 PATHWAY,0.0936331762626161,0.01147684488952122,0.7098839920944475,1.967149485078933,0.050997450127493626,True,0.295919414555588
temporal_bytimepoint,Fibroblast_20_days,Fibroblast,20_days,HALLMARK PANCREAS BETA CELLS,-0.021679171609265763,0.0015213718821995412,0.7098839920944475,-1.4640720493453672,0.1303934803259837,False,
temporal_bytimepoint,Fibroblast_20_days,Fibroblast,20_days,HALLMARK PEROXISOME,0.029943334849855598,0.005305450209241001,0.7098839920944475,0.8829491452168382,0.36373181340932953,True,0.766765867314111
temporal_bytimepoint,Fibroblast_20_days,Fibroblast,20_days,HALLMARK PI3K AKT MTOR SIGNALING,0.05251732672830083,0.005349489027010105,0.7098839920944475,1.8747946571351177,0.06344682765861707,True,0.324397573224787
temporal_bytimepoint,Fibroblast_20_days,Fibroblast,20_days,HALLMARK PROTEIN SECRETION,0.03215969107412804,0.004320577123204231,0.7098839920944475,1.0772028878573763,0.26903654817259137,True,0.6758358711277919
temporal_bytimepoint,Fibroblast_20_days,Fibroblast,20_days,HALLMARK REACTIVE OXYGEN SPECIES PATHWAY,-0.03168780568685335,0.0014277099260294357,0.7098839920944475,-2.960936107440915,0.008499575021248937,True,0.13305369214297905
temporal_bytimepoint,Fibroblast_20_days,Fibroblast,20_days,HALLMARK SPERMATOGENESIS,0.021424312168110162,0.004929550139860183,0.7098839920944475,0.6453699808406024,0.5055247237638119,True,0.8287598631220856
temporal_bytimepoint,Fibroblast_20_days,Fibroblast,20_days,HALLMARK TGF BETA SIGNALING,-0.01213341278425182,0.0026997250557567022,0.7098839920944475,-0.7605079540968605,0.4146792660366982,True,0.793478836696463
temporal_bytimepoint,Fibroblast_20_days,Fibroblast,20_days,HALLMARK TNFA SIGNALING VIA NFKB,-0.15695036591384137,0.014563688118244683,0.7098839920944475,-3.3061244868126414,0.0011499425028748563,True,0.04409779511024448
temporal_bytimepoint,Fibroblast_20_days,Fibroblast,20_days,HALLMARK UNFOLDED PROTEIN RESPONSE,0.01755992060298537,0.004030368626462009,0.7098839920944475,0.6213251543923964,0.52042397880106,True,0.8406848888324814
temporal_bytimepoint,Fibroblast_20_days,Fibroblast,20_days,HALLMARK UV RESPONSE DN,-0.047278660824161364,0.011287033092303923,0.7098839920944475,-1.3036249934334718,0.18624068796560173,True,0.5625489273481531
temporal_bytimepoint,Fibroblast_20_days,Fibroblast,20_days,HALLMARK UV RESPONSE UP,-0.033196391080226775,0.007511199262837966,0.7098839920944475,-1.2009642468547956,0.2256387180640968,True,0.6369061293770754
temporal_bytimepoint,Fibroblast_20_days,Fibroblast,20_days,HALLMARK WNT BETA CATENIN SIGNALING,-0.013769232266738023,0.002227354162561952,0.7098839920944475,-0.8621633151643361,0.35473226338683067,True,0.7560535016727424
temporal_bytimepoint,Fibroblast_20_days,Fibroblast,20_days,HALLMARK XENOBIOTIC METABOLISM,-0.01775161979092709,0.0109248263803898,0.7098839920944475,-0.6888895781467248,0.4811759412029398,True,0.8129479022232095
temporal_bytimepoint,Fibroblast_20_days,Fibroblast,20_days,Lysosomal Genes,0.0674072651289692,0.009074347057958048,0.7098839920944475,1.6678006926504407,0.09644517774111294,True,0.37309055599851587
temporal_bytimepoint,Keratinocyte_4_days,Keratinocyte,4_days,HALLMARK ADIPOGENESIS,0.06663567556735858,0.007129075655309746,0.4856643182478602,2.492191237453496,0.0167991600419979,True,0.16837339951184258
temporal_bytimepoint,Keratinocyte_4_days,Keratinocyte,4_days,HALLMARK ALLOGRAFT REJECTION,0.029401764204036354,0.007495016060793203,0.4856643182478602,0.7389909223906919,0.44517774111294434,True,0.80425131969208
temporal_bytimepoint,Keratinocyte_4_days,Keratinocyte,4_days,HALLMARK ANDROGEN RESPONSE,-0.007551151036225061,0.00405155515762338,0.4856643182478602,-0.6479089090078983,0.4921253937303135,True,0.8234093977119326
temporal_bytimepoint,Keratinocyte_4_days,Keratinocyte,4_days,HALLMARK ANGIOGENESIS,0.05204637150591218,0.0019485063248347908,0.4856643182478602,3.3861203051625943,0.004699765011749413,True,0.10908401948323637
temporal_bytimepoint,Keratinocyte_4_days,Keratinocyte,4_days,HALLMARK APICAL JUNCTION,0.025825622054858808,0.007421777705164385,0.4856643182478602,0.6851662452079502,0.47617619119044047,True,0.8129479022232095
temporal_bytimepoint,Keratinocyte_4_days,Keratinocyte,4_days,HALLMARK APICAL SURFACE,-0.0026056863262637247,0.0013608323078187455,0.4856643182478602,-0.36187671866448845,0.6600169991500425,True,0.9095859269536524
temporal_bytimepoint,Keratinocyte_4_days,Keratinocyte,4_days,HALLMARK APOPTOSIS,0.028054020536025983,0.00718370820938172,0.4856643182478602,0.7361191052030335,0.44967751612419377,True,0.80425131969208
temporal_bytimepoint,Keratinocyte_4_days,Keratinocyte,4_days,HALLMARK BILE ACID METABOLISM,0.009840282807913433,0.0035383909312607636,0.4856643182478602,0.36544118741188125,0.6922153892305385,True,0.914937632619754
temporal_bytimepoint,Keratinocyte_4_days,Keratinocyte,4_days,HALLMARK CHOLESTEROL HOMEOSTASIS,0.0403006316707062,0.003780446423863366,0.4856643182478602,1.677911321587688,0.0928453577321134,True,0.37309055599851587
temporal_bytimepoint,Keratinocyte_4_days,Keratinocyte,4_days,HALLMARK COAGULATION,0.030673065494557752,0.004479489617898598,0.4856643182478602,1.2605386401088983,0.19484025798710064,True,0.5772667742451802
temporal_bytimepoint,Keratinocyte_4_days,Keratinocyte,4_days,HALLMARK COMPLEMENT,0.09064837824666569,0.007902770959824333,0.4856643182478602,2.9066633457365487,0.006149692515374231,True,0.11194055681831293
temporal_bytimepoint,Keratinocyte_4_days,Keratinocyte,4_days,HALLMARK DNA REPAIR,-0.011746942048093628,0.0036418618621741807,0.4856643182478602,-0.9337571227830668,0.31798410079496026,True,0.7228401466524612
temporal_bytimepoint,Keratinocyte_4_days,Keratinocyte,4_days,HALLMARK E2F TARGETS,0.0801068349186854,0.00529016158606459,0.4856643182478602,4.155052223436286,0.0005499725013749313,True,0.030317234138293087
temporal_bytimepoint,Keratinocyte_4_days,Keratinocyte,4_days,HALLMARK EPITHELIAL MESENCHYMAL TRANSITION,0.05209853524562909,0.009907392071768226,0.4856643182478602,1.2104571805763897,0.21793910304484776,True,0.6240983405375186
temporal_bytimepoint,Keratinocyte_4_days,Keratinocyte,4_days,HALLMARK ESTROGEN RESPONSE EARLY,-0.04083817859122502,0.0081351810813399,0.4856643182478602,-1.7902218297456485,0.07354632268386581,True,0.33785341982900857
temporal_bytimepoint,Keratinocyte_4_days,Keratinocyte,4_days,HALLMARK ESTROGEN RESPONSE LATE,0.005130729688354143,0.007469035780969195,0.4856643182478602,-0.10523445449309705,0.9100544972751362,True,0.9741603828899463
temporal_bytimepoint,Keratinocyte_4_days,Keratinocyte,4_days,HALLMARK FATTY ACID METABOLISM,-0.021880041929257937,0.005748933780843645,0.4856643182478602,-1.2013041504746542,0.22043897805109744,True,0.6271844472292514
temporal_bytimepoint,Keratinocyte_4_days,Keratinocyte,4_days,HALLMARK G2M CHECKPOINT,-0.005649921079903208,0.0057439048473509596,0.4856643182478602,-0.510777770727548,0.5864706764661767,True,0.8731957341526863
temporal_bytimepoint,Keratinocyte_4_days,Keratinocyte,4_days,HALLMARK GLYCOLYSIS,0.04790650744256655,0.007339206156775932,0.4856643182478602,1.6060704436455286,0.10534473276336183,True,0.3937036199037506
temporal_bytimepoint,Keratinocyte_4_days,Keratinocyte,4_days,HALLMARK HEDGEHOG SIGNALING,-0.012010065899254622,0.001478319527136846,0.4856643182478602,-1.1331835054797628,0.2152392380380981,True,0.6203954508156946
temporal_bytimepoint,Keratinocyte_4_days,Keratinocyte,4_days,HALLMARK HEME METABOLISM,0.044734956929369504,0.0063070111346510156,0.4856643182478602,1.7678436681984822,0.07654617269136543,True,0.3379375585676162
temporal_bytimepoint,Keratinocyte_4_days,Keratinocyte,4_days,HALLMARK HYPOXIA,0.09229017128193416,0.009560884073748303,0.4856643182478602,2.5756353762505704,0.01224938753062347,True,0.1543422828858557
temporal_bytimepoint,Keratinocyte_4_days,Keratinocyte,4_days,HALLMARK IL2 STAT5 SIGNALING,0.002876579701814864,0.007736130865578601,0.4856643182478602,-0.22191555199440088,0.815209239538023,True,0.9387502347247676
temporal_bytimepoint,Keratinocyte_4_days,Keratinocyte,4_days,HALLMARK IL6 JAK STAT3 SIGNALING,-0.026019494641731717,0.002997718876430775,0.4856643182478602,-1.682695581018948,0.09164541772911354,True,0.37309055599851587
temporal_bytimepoint,Keratinocyte_4_days,Keratinocyte,4_days,HALLMARK INFLAMMATORY RESPONSE,0.05412051942384988,0.00817111779641907,0.4856643182478602,1.4677873892425375,0.1367931603419829,True,0.4764257940949106
temporal_bytimepoint,Keratinocyte_4_days,Keratinocyte,4_days,HALLMARK INTERFERON ALPHA RESPONSE,-0.029071338736956467,0.0036704621812881323,0.4856643182478602,-1.7399697569423405,0.0815959202039898,True,0.34270286485675716
temporal_bytimepoint,Keratinocyte_4_days,Keratinocyte,4_days,HALLMARK INTERFERON GAMMA RESPONSE,0.0010010673907336481,0.007582214588563747,0.4856643182478602,-0.2918980261453648,0.7557122143892805,True,0.917028187052186
temporal_bytimepoint,Keratinocyte_4_days,Keratinocyte,4_days,HALLMARK KRAS SIGNALING DN,0.009531332652692239,0.005462612251650558,0.4856643182478602,0.1791451533575197,0.8504574771261437,True,0.9455478107706706
temporal_bytimepoint,Keratinocyte_4_days,Keratinocyte,4_days,HALLMARK KRAS SIGNALING UP,0.03650765643555271,0.009166653417534372,0.4856643182478602,0.7913725290643198,0.41697915104244787,True,0.793478836696463
temporal_bytimepoint,Keratinocyte_4_days,Keratinocyte,4_days,HALLMARK MITOTIC SPINDLE,-0.03267085272734014,0.005863723152192552,0.4856643182478602,-1.8798888076083666,0.06369681515924204,True,0.324397573224787
temporal_bytimepoint,Keratinocyte_4_days,Keratinocyte,4_days,HALLMARK MTORC1 SIGNALING,0.08063429926191869,0.007247076076621816,0.4856643182478602,2.785225861885806,0.007999600019999,True,0.13066013365998366
temporal_bytimepoint,Keratinocyte_4_days,Keratinocyte,4_days,HALLMARK MYC TARGETS,-0.05813573474375635,0.004812045679805372,0.4856643182478602,-3.322198790334767,0.003249837508124594,True,0.08949258419431969
temporal_bytimepoint,Keratinocyte_4_days,Keratinocyte,4_days,HALLMARK MYOGENESIS,0.10478567926281704,0.010246212312847992,0.4856643182478602,2.763827676113105,0.006599670016499175,True,0.11194055681831293
temporal_bytimepoint,Keratinocyte_4_days,Keratinocyte,4_days,HALLMARK NOTCH SIGNALING,-0.022117529753669048,0.0016677257699446756,0.4856643182478602,-1.8453143106215952,0.07144642767861607,True,0.33519015538584773
temporal_bytimepoint,Keratinocyte_4_days,Keratinocyte,4_days,HALLMARK OXIDATIVE PHOSPHORYLATION,0.010798443049293135,0.0038119697605107097,0.4856643182478602,0.44291678063358403,0.6302184890755462,True,0.9053347332633368
temporal_bytimepoint,Keratinocyte_4_days,Keratinocyte,4_days,HALLMARK P53 PATHWAY,0.09759239897497785,0.007851837921377126,0.4856643182478602,3.4054089415992173,0.0018499075046247689,True,0.06142192890355482
temporal_bytimepoint,Keratinocyte_4_days,Keratinocyte,4_days,HALLMARK PANCREAS BETA CELLS,-0.005467302885899151,0.0010408405404239616,0.4856643182478602,-0.6742423962552195,0.40997950102494873,False,
temporal_bytimepoint,Keratinocyte_4_days,Keratinocyte,4_days,HALLMARK PEROXISOME,0.0036445547930643958,0.0036297027226473667,0.4856643182478602,-0.014611222923793306,0.9878006099695015,True,0.9940043906895564
temporal_bytimepoint,Keratinocyte_4_days,Keratinocyte,4_days,HALLMARK PI3K AKT MTOR SIGNALING,0.03549915855888015,0.003659831705194459,0.4856643182478602,1.9257894736352497,0.058647067646617666,True,0.31612274807946344
temporal_bytimepoint,Keratinocyte_4_days,Keratinocyte,4_days,HALLMARK PROTEIN SECRETION,0.003694988212479458,0.002955905706208833,0.4856643182478602,0.002344575379064314,0.9978001099945003,True,0.9978001099945003
temporal_bytimepoint,Keratinocyte_4_days,Keratinocyte,4_days,HALLMARK REACTIVE OXYGEN SPECIES PATHWAY,-0.00456715620321336,0.0009767620845132906,0.4856643182478602,-0.6681196812523192,0.41482925853707314,True,0.793478836696463
temporal_bytimepoint,Keratinocyte_4_days,Keratinocyte,4_days,HALLMARK SPERMATOGENESIS,-0.019872297333918643,0.0033725321807585042,0.4856643182478602,-1.4403751481507043,0.1399430028498575,True,0.4764257940949106
temporal_bytimepoint,Keratinocyte_4_days,Keratinocyte,4_days,HALLMARK TGF BETA SIGNALING,-0.009797399929870505,0.0018470061915219242,0.4856643182478602,-0.9175285323572763,0.3077846107694615,True,0.710644048949385
temporal_bytimepoint,Keratinocyte_4_days,Keratinocyte,4_days,HALLMARK TNFA SIGNALING VIA NFKB,0.020924035181430545,0.009963689475872447,0.4856643182478602,0.19425590005437698,0.84010799460027,True,0.9455478107706706
temporal_bytimepoint,Keratinocyte_4_days,Keratinocyte,4_days,HALLMARK UNFOLDED PROTEIN RESPONSE,0.026424446066534702,0.002757360713942977,0.4856643182478602,1.825777338229802,0.07139643017849108,True,0.33519015538584773
temporal_bytimepoint,Keratinocyte_4_days,Keratinocyte,4_days,HALLMARK UV RESPONSE DN,-0.004011850009287223,0.007721978932982476,0.4856643182478602,-0.5197455385000934,0.5880705964701765,True,0.8731957341526863
temporal_bytimepoint,Keratinocyte_4_days,Keratinocyte,4_days,HALLMARK UV RESPONSE UP,0.012727115439894805,0.005138757191082974,0.4856643182478602,0.36172059433136095,0.6983150842457877,True,0.914937632619754
temporal_bytimepoint,Keratinocyte_4_days,Keratinocyte,4_days,HALLMARK WNT BETA CATENIN SIGNALING,0.00158048427406256,0.0015238355180620295,0.4856643182478602,-0.010407896333150162,0.9895505224738763,True,0.9940043906895564
temporal_bytimepoint,Keratinocyte_4_days,Keratinocyte,4_days,HALLMARK XENOBIOTIC METABOLISM,-0.04450136406720113,0.0074741766473054,0.4856643182478602,-1.9768993077299803,0.05064746762661867,True,0.295919414555588
temporal_bytimepoint,Keratinocyte_4_days,Keratinocyte,4_days,Lysosomal Genes,0.009810436844047067,0.006208178556675109,0.4856643182478602,0.1850732800568642,0.8419079046047697,True,0.9455478107706706
temporal_bytimepoint,Keratinocyte_10_days,Keratinocyte,10_days,HALLMARK ADIPOGENESIS,0.1401402686517335,0.004786205606017553,0.3260575977910009,3.4534121361744115,0.00119994000299985,True,0.04409779511024448
temporal_bytimepoint,Keratinocyte_10_days,Keratinocyte,10_days,HALLMARK ALLOGRAFT REJECTION,0.02919117338692559,0.005031884864434282,0.3260575977910009,0.5272583957004691,0.5871206439678016,True,0.8731957341526863
temporal_bytimepoint,Keratinocyte_10_days,Keratinocyte,10_days,HALLMARK ANDROGEN RESPONSE,-0.00031352596296751713,0.002720068764323391,0.3260575977910009,-0.1303577067238049,0.8888055597220139,True,0.9691739550953486
temporal_bytimepoint,Keratinocyte_10_days,Keratinocyte,10_days,HALLMARK ANGIOGENESIS,0.10319401691892939,0.001308157234709517,0.3260575977910009,4.112832539113546,0.0008999550022498875,True,0.03968801559922004
temporal_bytimepoint,Keratinocyte_10_days,Keratinocyte,10_days,HALLMARK APICAL JUNCTION,0.051976793922630854,0.004982715260233901,0.3260575977910009,1.085360094282645,0.27068646567671617,True,0.6758358711277919
temporal_bytimepoint,Keratinocyte_10_days,Keratinocyte,10_days,HALLMARK APICAL SURFACE,-0.006759845448440447,0.0009136139852409654,0.3260575977910009,-0.4047710528978599,0.6408179591020449,True,0.9053347332633368
temporal_bytimepoint,Keratinocyte_10_days,Keratinocyte,10_days,HALLMARK APOPTOSIS,0.022253485264317696,0.004822883942622886,0.3260575977910009,0.3803008467641265,0.6928653567321634,True,0.914937632619754
temporal_bytimepoint,Keratinocyte_10_days,Keratinocyte,10_days,HALLMARK BILE ACID METABOLISM,0.027339627035237075,0.002375548714912062,0.3260575977910009,0.8780018639777618,0.35293235338233087,True,0.7560535016727424
temporal_bytimepoint,Keratinocyte_10_days,Keratinocyte,10_days,HALLMARK CHOLESTEROL HOMEOSTASIS,0.06282856729457742,0.0025380560877716904,0.3260575977910009,1.71758286701828,0.08664566771661417,True,0.35710971460772756
temporal_bytimepoint,Keratinocyte_10_days,Keratinocyte,10_days,HALLMARK COAGULATION,0.031102988130346895,0.0030073686068004244,0.3260575977910009,0.8254577325314155,0.3924303784810759,True,0.7845815854003679
temporal_bytimepoint,Keratinocyte_10_days,Keratinocyte,10_days,HALLMARK COMPLEMENT,0.09489568888054895,0.005305636873528246,0.3260575977910009,1.9209590758821498,0.056297185140742965,True,0.3156620649980159
temporal_bytimepoint,Keratinocyte_10_days,Keratinocyte,10_days,HALLMARK DNA REPAIR,-0.01224394295876586,0.002445015385423379,0.3260575977910009,-0.5722008460773096,0.5480225988700564,True,0.8547648589301984
temporal_bytimepoint,Keratinocyte_10_days,Keratinocyte,10_days,HALLMARK E2F TARGETS,0.06853254222520538,0.0035516246795757912,0.3260575977910009,2.2201002552005775,0.030198490075496225,True,0.21173941302934854
temporal_bytimepoint,Keratinocyte_10_days,Keratinocyte,10_days,HALLMARK EPITHELIAL MESENCHYMAL TRANSITION,0.06596584427030569,0.006651467562922177,0.3260575977910009,1.053995953161554,0.2853357332133393,True,0.6952102671109538
temporal_bytimepoint,Keratinocyte_10_days,Keratinocyte,10_days,HALLMARK ESTROGEN RESPONSE EARLY,-0.07158435127288856,0.005461668690312872,0.3260575977910009,-1.6748595492246463,0.09484525773711315,True,0.37309055599851587
temporal_bytimepoint,Keratinocyte_10_days,Keratinocyte,10_days,HALLMARK ESTROGEN RESPONSE LATE,-0.017933972211290793,0.0050144426367245845,0.3260575977910009,-0.523575445501476,0.5938203089845507,True,0.8787743498731102
temporal_bytimepoint,Keratinocyte_10_days,Keratinocyte,10_days,HALLMARK FATTY ACID METABOLISM,-0.031236503617161907,0.003859627870550637,0.3260575977910009,-0.8875839613185521,0.36608169591520423,True,0.766765867314111
temporal_bytimepoint,Keratinocyte_10_days,Keratinocyte,10_days,HALLMARK G2M CHECKPOINT,-0.018831970649134534,0.003856251625040175,0.3260575977910009,-0.6610561101128669,0.4929253537323134,True,0.8234093977119326
temporal_bytimepoint,Keratinocyte_10_days,Keratinocyte,10_days,HALLMARK GLYCOLYSIS,0.10207000108053926,0.004927279685286675,0.3260575977910009,2.367577541007142,0.020848957552122394,True,0.17324133793310334
temporal_bytimepoint,Keratinocyte_10_days,Keratinocyte,10_days,HALLMARK HEDGEHOG SIGNALING,-0.020004478626015232,0.0009924906888872356,0.3260575977910009,-1.0358487091968833,0.2597870106494675,True,0.6667227685127372
temporal_bytimepoint,Keratinocyte_10_days,Keratinocyte,10_days,HALLMARK HEME METABOLISM,0.04090219008003053,0.004234300982259707,0.3260575977910009,1.0185537312805137,0.2993350332483376,True,0.6984484109127878
temporal_bytimepoint,Keratinocyte_10_days,Keratinocyte,10_days,HALLMARK HYPOXIA,0.11793097679521894,0.0064188345256478915,0.3260575977910009,2.138438731336196,0.033798310084495777,True,0.2258341628373127
temporal_bytimepoint,Keratinocyte_10_days,Keratinocyte,10_days,HALLMARK IL2 STAT5 SIGNALING,-0.0171693605269167,0.005193760693245017,0.3260575977910009,-0.5323118276423175,0.5872706364681766,True,0.8731957341526863
temporal_bytimepoint,Keratinocyte_10_days,Keratinocyte,10_days,HALLMARK IL6 JAK STAT3 SIGNALING,-0.07181422659664013,0.002012560896439839,0.3260575977910009,-2.5436977019645455,0.015499225038748062,True,0.16837339951184258
temporal_bytimepoint,Keratinocyte_10_days,Keratinocyte,10_days,HALLMARK INFLAMMATORY RESPONSE,0.05397674671749363,0.005485795311419169,0.3260575977910009,0.9473485378916715,0.33903304834758263,True,0.746060469253765
temporal_bytimepoint,Keratinocyte_10_days,Keratinocyte,10_days,HALLMARK INTERFERON ALPHA RESPONSE,-0.03820746903281475,0.0024642166135061716,0.3260575977910009,-1.312155363619372,0.1823408829558522,True,0.5556322183890806
temporal_bytimepoint,Keratinocyte_10_days,Keratinocyte,10_days,HALLMARK INTERFERON GAMMA RESPONSE,-0.01208004902629932,0.005090426827324101,0.3260575977910009,-0.4342555066869614,0.6553172341382931,True,0.9095859269536524
temporal_bytimepoint,Keratinocyte_10_days,Keratinocyte,10_days,HALLMARK KRAS SIGNALING DN,0.01198661673553318,0.0036674018689754114,0.3260575977910009,0.21220419456131978,0.8262586870656468,True,0.9387502347247676
temporal_bytimepoint,Keratinocyte_10_days,Keratinocyte,10_days,HALLMARK KRAS SIGNALING UP,0.09227581375592306,0.006154162207935882,0.3260575977910009,1.6625197703501482,0.09624518774061297,True,0.37309055599851587
temporal_bytimepoint,Keratinocyte_10_days,Keratinocyte,10_days,HALLMARK MITOTIC SPINDLE,-0.050607564122901974,0.003936693335868314,0.3260575977910009,-1.6424638015938857,0.09894505274736264,True,0.3794327674920602
temporal_bytimepoint,Keratinocyte_10_days,Keratinocyte,10_days,HALLMARK MTORC1 SIGNALING,0.11558114359874458,0.00486542685506905,0.3260575977910009,2.549523731154934,0.01344932753362332,True,0.1603014443872401
temporal_bytimepoint,Keratinocyte_10_days,Keratinocyte,10_days,HALLMARK MYC TARGETS,-0.07198935104142484,0.003230634814759353,0.3260575977910009,-2.4206287798612305,0.020348982550872457,True,0.17324133793310334
temporal_bytimepoint,Keratinocyte_10_days,Keratinocyte,10_days,HALLMARK MYOGENESIS,0.154620876098867,0.006878939316021104,0.3260575977910009,2.6705671056307256,0.008749562521873906,True,0.13305369214297905
temporal_bytimepoint,Keratinocyte_10_days,Keratinocyte,10_days,HALLMARK NOTCH SIGNALING,0.0012138255617186824,0.0011196512444729186,0.3260575977910009,-0.02013666590018137,0.9815509224538773,True,0.9940043906895564
temporal_bytimepoint,Keratinocyte_10_days,Keratinocyte,10_days,HALLMARK OXIDATIVE PHOSPHORYLATION,0.011574502915886275,0.0025592197249494665,0.3260575977910009,0.33382853991219263,0.7239138043097845,True,0.914937632619754
temporal_bytimepoint,Keratinocyte_10_days,Keratinocyte,10_days,HALLMARK P53 PATHWAY,0.06322737248455954,0.005271442258975943,0.3260575977910009,1.3337789288928081,0.17779111044447776,True,0.5482928650770258
temporal_bytimepoint,Keratinocyte_10_days,Keratinocyte,10_days,HALLMARK PANCREAS BETA CELLS,-0.008428314613222401,0.0006987829938145129,0.3260575977910009,-0.5561019177431384,0.5085245737713114,False,
temporal_bytimepoint,Keratinocyte_10_days,Keratinocyte,10_days,HALLMARK PEROXISOME,-0.0101206040847574,0.0024368521754111186,0.3260575977910009,-0.4196036626585391,0.6592670366481675,True,0.9095859269536524
temporal_bytimepoint,Keratinocyte_10_days,Keratinocyte,10_days,HALLMARK PI3K AKT MTOR SIGNALING,0.012916116155523506,0.002457079693274966,0.3260575977910009,0.39195983165837256,0.6774661266936653,True,0.9124902845766804
temporal_bytimepoint,Keratinocyte_10_days,Keratinocyte,10_days,HALLMARK PROTEIN SECRETION,0.009673585148466156,0.001984489034196019,0.3260575977910009,0.23486200230770216,0.7991100444977751,True,0.9298351705106037
temporal_bytimepoint,Keratinocyte_10_days,Keratinocyte,10_days,HALLMARK REACTIVE OXYGEN SPECIES PATHWAY,-0.003366345190390797,0.000655763017630619,0.3260575977910009,-0.3017516855122088,0.7232638368081596,True,0.914937632619754
temporal_bytimepoint,Keratinocyte_10_days,Keratinocyte,10_days,HALLMARK SPERMATOGENESIS,-0.026164578572692637,0.0022641971007838365,0.3260575977910009,-1.105168025826412,0.25498725063746813,True,0.6667227685127372
temporal_bytimepoint,Keratinocyte_10_days,Keratinocyte,10_days,HALLMARK TGF BETA SIGNALING,-0.028411089670232478,0.0012400136869956213,0.3260575977910009,-1.4463839989116773,0.1391430428478576,True,0.4764257940949106
temporal_bytimepoint,Keratinocyte_10_days,Keratinocyte,10_days,HALLMARK TNFA SIGNALING VIA NFKB,-0.04921053028375058,0.006689263620104874,0.3260575977910009,-1.0778865958076465,0.27233638318084097,True,0.6758358711277919
temporal_bytimepoint,Keratinocyte_10_days,Keratinocyte,10_days,HALLMARK UNFOLDED PROTEIN RESPONSE,0.0229866034514309,0.0018511930501196286,0.3260575977910009,0.9984724610920879,0.29163541822908856,True,0.6954341472115584
temporal_bytimepoint,Keratinocyte_10_days,Keratinocyte,10_days,HALLMARK UV RESPONSE DN,-0.03193184908791981,0.0051842595934668,0.3260575977910009,-0.8405497359781031,0.3925303734813259,True,0.7845815854003679
temporal_bytimepoint,Keratinocyte_10_days,Keratinocyte,10_days,HALLMARK UV RESPONSE UP,-0.00860327405908639,0.0034499772011264656,0.3260575977910009,-0.311757451598785,0.7435628218589071,True,0.914937632619754
temporal_bytimepoint,Keratinocyte_10_days,Keratinocyte,10_days,HALLMARK WNT BETA CATENIN SIGNALING,-0.003628798589418297,0.0010230484920951877,0.3260575977910009,-0.24235454902142142,0.7779111044447777,True,0.9198634988036695
temporal_bytimepoint,Keratinocyte_10_days,Keratinocyte,10_days,HALLMARK XENOBIOTIC METABOLISM,-0.054227342304719005,0.005017894029930071,0.3260575977910009,-1.3619463982121862,0.17019149042547874,True,0.532301044522242
temporal_bytimepoint,Keratinocyte_10_days,Keratinocyte,10_days,Lysosomal Genes,0.02226826692565243,0.004167948335488012,0.3260575977910009,0.49825595160335084,0.6052697365131744,True,0.8897465126743662
temporal_bytimepoint,Keratinocyte_20_days,Keratinocyte,20_days,HALLMARK ADIPOGENESIS,0.12168989389521678,0.0028136661451467564,0.19167944292217115,2.4047902228207247,0.02039898005099745,True,0.17324133793310334
temporal_bytimepoint,Keratinocyte_20_days,Keratinocyte,20_days,HALLMARK ALLOGRAFT REJECTION,-0.02188460251695925,0.0029580935828445462,0.19167944292217115,-0.4250447069141926,0.6587670616469177,True,0.9095859269536524
temporal_bytimepoint,Keratinocyte_20_days,Keratinocyte,20_days,HALLMARK ANDROGEN RESPONSE,0.011798824611400069,0.0015990465150568438,0.19167944292217115,0.216772441632976,0.8205089745512725,True,0.9387502347247676
temporal_bytimepoint,Keratinocyte_20_days,Keratinocyte,20_days,HALLMARK ANGIOGENESIS,0.14583318624746572,0.0007690262447570808,0.19167944292217115,4.604428362736572,0.000199990000499975,True,0.027561121943902804
temporal_bytimepoint,Keratinocyte_20_days,Keratinocyte,20_days,HALLMARK APICAL JUNCTION,0.045963174161091754,0.0029291882532166383,0.19167944292217115,0.7882120543913599,0.4204289785510724,True,0.793478836696463
temporal_bytimepoint,Keratinocyte_20_days,Keratinocyte,20_days,HALLMARK APICAL SURFACE,-0.04530178201652965,0.0005370861495739273,0.19167944292217115,-1.89028517957492,0.06534673266336684,True,0.32747623982437246
temporal_bytimepoint,Keratinocyte_20_days,Keratinocyte,20_days,HALLMARK APOPTOSIS,-0.019844251254065984,0.0028352282347145286,0.19167944292217115,-0.40296561930637537,0.6828158592070397,True,0.9124902845766804
temporal_bytimepoint,Keratinocyte_20_days,Keratinocyte,20_days,HALLMARK BILE ACID METABOLISM,0.015583340106049722,0.0013965135528008574,0.19167944292217115,0.3931041365341009,0.6775161241937903,True,0.9124902845766804
temporal_bytimepoint,Keratinocyte_20_days,Keratinocyte,20_days,HALLMARK CHOLESTEROL HOMEOSTASIS,0.04982571039135042,0.0014920467435975502,0.19167944292217115,1.0817368852337508,0.2600369981500925,True,0.6667227685127372
temporal_bytimepoint,Keratinocyte_20_days,Keratinocyte,20_days,HALLMARK COAGULATION,0.024054510828661616,0.0017679414407715459,0.19167944292217115,0.5290998808897983,0.5785210739463027,True,0.8731957341526863
temporal_bytimepoint,Keratinocyte_20_days,Keratinocyte,20_days,HALLMARK COMPLEMENT,0.05001890355432953,0.0031190241452895,0.19167944292217115,0.8159607543319718,0.39798010099495024,True,0.7905820925169957
temporal_bytimepoint,Keratinocyte_20_days,Keratinocyte,20_days,HALLMARK DNA REPAIR,-0.019151141952101148,0.0014373509164920485,0.19167944292217115,-0.6926717415443595,0.46792660366981653,True,0.8129479022232095
temporal_bytimepoint,Keratinocyte_20_days,Keratinocyte,20_days,HALLMARK E2F TARGETS,0.0680332294336548,0.0020878931963612454,0.19167944292217115,1.783378456092199,0.07549622518874056,True,0.3379375585676162
temporal_bytimepoint,Keratinocyte_20_days,Keratinocyte,20_days,HALLMARK EPITHELIAL MESENCHYMAL TRANSITION,0.09714229861816973,0.0039101974795663005,0.19167944292217115,1.324575845692405,0.18269086545672716,True,0.5556322183890806
temporal_bytimepoint,Keratinocyte_20_days,Keratinocyte,20_days,HALLMARK ESTROGEN RESPONSE EARLY,-0.1262001379269165,0.003210750551673019,0.19167944292217115,-2.2012215065734844,0.03079846007699615,True,0.2122206389680516
temporal_bytimepoint,Keratinocyte_20_days,Keratinocyte,20_days,HALLMARK ESTROGEN RESPONSE LATE,-0.031961379704268954,0.0029478398224250164,0.19167944292217115,-0.6384958196699727,0.5160741962901855,True,0.8367232373675434
temporal_bytimepoint,Keratinocyte_20_days,Keratinocyte,20_days,HALLMARK FATTY ACID METABOLISM,0.023976820176635407,0.0022689589972022125,0.19167944292217115,0.3618773613906212,0.7092145392730363,True,0.914937632619754
temporal_bytimepoint,Keratinocyte_20_days,Keratinocyte,20_days,HALLMARK G2M CHECKPOINT,-0.014019444637830432,0.0022669742041380478,0.19167944292217115,-0.3774793453655826,0.6924653767311635,True,0.914937632619754
temporal_bytimepoint,Keratinocyte_20_days,Keratinocyte,20_days,HALLMARK GLYCOLYSIS,0.12421286497592947,0.0028965993480785787,0.19167944292217115,2.3341741350684897,0.023248837558122095,True,0.17987258531810255
temporal_bytimepoint,Keratinocyte_20_days,Keratinocyte,20_days,HALLMARK HEDGEHOG SIGNALING,0.029770936868564725,0.0005834553883737095,0.19167944292217115,1.1186153926263935,0.2273386330683466,True,0.6369061293770754
temporal_bytimepoint,Keratinocyte_20_days,Keratinocyte,20_days,HALLMARK HEME METABOLISM,0.015092161641232433,0.00248921803676106,0.19167944292217115,0.2700486846921135,0.776561171941403,True,0.9198634988036695
temporal_bytimepoint,Keratinocyte_20_days,Keratinocyte,20_days,HALLMARK HYPOXIA,0.11852259315807606,0.003773439522407424,0.19167944292217115,1.7541125879949997,0.08034598270086496,True,0.34270286485675716
temporal_bytimepoint,Keratinocyte_20_days,Keratinocyte,20_days,HALLMARK IL2 STAT5 SIGNALING,-0.02767887329614246,0.0030532555079130588,0.19167944292217115,-0.5495519811428491,0.5631218439078046,True,0.8622803234838259
temporal_bytimepoint,Keratinocyte_20_days,Keratinocyte,20_days,HALLMARK IL6 JAK STAT3 SIGNALING,-0.0379328983496201,0.0011831239452478747,0.19167944292217115,-1.0448077556279871,0.2776861156942153,True,0.6841317152019494
temporal_bytimepoint,Keratinocyte_20_days,Keratinocyte,20_days,HALLMARK INFLAMMATORY RESPONSE,0.03399094769178366,0.0032249338656782133,0.19167944292217115,0.47823233709286617,0.6326683665816709,True,0.9053347332633368
temporal_bytimepoint,Keratinocyte_20_days,Keratinocyte,20_days,HALLMARK INTERFERON ALPHA RESPONSE,0.014062991023042822,0.0014486387402608122,0.19167944292217115,0.30014232721045475,0.7483125843707814,True,0.914937632619754
temporal_bytimepoint,Keratinocyte_20_days,Keratinocyte,20_days,HALLMARK INTERFERON GAMMA RESPONSE,0.021987156026103932,0.0029925086399090455,0.19167944292217115,0.331188740073371,0.7345132743362832,True,0.914937632619754
temporal_bytimepoint,Keratinocyte_20_days,Keratinocyte,20_days,HALLMARK KRAS SIGNALING DN,0.014730552648208389,0.0021559551195231737,0.19167944292217115,0.26416795200918103,0.7801109944502775,True,0.9198634988036695
temporal_bytimepoint,Keratinocyte_20_days,Keratinocyte,20_days,HALLMARK KRAS SIGNALING UP,0.05314261445087189,0.0036178466371023055,0.19167944292217115,0.7359142577646569,0.45227738613069346,True,0.80425131969208
temporal_bytimepoint,Keratinocyte_20_days,Keratinocyte,20_days,HALLMARK MITOTIC SPINDLE,-0.044040278025168314,0.002314263463531805,0.19167944292217115,-1.1471708120245963,0.24198790060496975,True,0.6531313678218529
temporal_bytimepoint,Keratinocyte_20_days,Keratinocyte,20_days,HALLMARK MTORC1 SIGNALING,0.11014241405068805,0.0028602379318147155,0.19167944292217115,1.9692026200681485,0.05084745762711865,True,0.295919414555588
temporal_bytimepoint,Keratinocyte_20_days,Keratinocyte,20_days,HALLMARK MYC TARGETS,-0.09019101448630507,0.0018991929210463421,0.19167944292217115,-2.396862668370374,0.021648917554122293,True,0.17324133793310334
temporal_bytimepoint,Keratinocyte_20_days,Keratinocyte,20_days,HALLMARK MYOGENESIS,0.12868394225860935,0.004043921273184139,0.19167944292217115,1.7840430158265983,0.07549622518874056,True,0.3379375585676162
temporal_bytimepoint,Keratinocyte_20_days,Keratinocyte,20_days,HALLMARK NOTCH SIGNALING,0.008455860832088475,0.0006582092497205045,0.19167944292217115,0.24825066298995851,0.7694115294235289,True,0.9187835202834453
temporal_bytimepoint,Keratinocyte_20_days,Keratinocyte,20_days,HALLMARK OXIDATIVE PHOSPHORYLATION,0.01663219812230916,0.001504488208577745,0.19167944292217115,0.4423190395504031,0.6370681465926704,True,0.9053347332633368
temporal_bytimepoint,Keratinocyte_20_days,Keratinocyte,20_days,HALLMARK P53 PATHWAY,0.06006953713381166,0.003098922161122502,0.19167944292217115,1.036698060141827,0.29173541322933855,True,0.6954341472115584
temporal_bytimepoint,Keratinocyte_20_days,Keratinocyte,20_days,HALLMARK PANCREAS BETA CELLS,-0.0175683326888669,0.00041079347908251553,0.19167944292217115,-0.8311238142743996,0.3384830758462077,False,
temporal_bytimepoint,Keratinocyte_20_days,Keratinocyte,20_days,HALLMARK PEROXISOME,0.007360875319631,0.0014325520111507606,0.19167944292217115,0.1810109649090812,0.8458577071146443,True,0.9455478107706706
temporal_bytimepoint,Keratinocyte_20_days,Keratinocyte,20_days,HALLMARK PI3K AKT MTOR SIGNALING,0.008143882571263977,0.0014444431597763656,0.19167944292217115,0.19218831233228462,0.8363581820908954,True,0.9455478107706706
temporal_bytimepoint,Keratinocyte_20_days,Keratinocyte,20_days,HALLMARK PROTEIN SECRETION,0.00601068442075774,0.0011666213427839619,0.19167944292217115,0.0895550236898415,0.9209539523023849,True,0.9741603828899463
temporal_bytimepoint,Keratinocyte_20_days,Keratinocyte,20_days,HALLMARK REACTIVE OXYGEN SPECIES PATHWAY,-0.002792518426274211,0.00038550333057709883,0.19167944292217115,-0.19094888003982463,0.8253087345632718,True,0.9387502347247676
temporal_bytimepoint,Keratinocyte_20_days,Keratinocyte,20_days,HALLMARK SPERMATOGENESIS,-0.01245246375143379,0.0013310532920702853,0.19167944292217115,-0.4405452776155687,0.6360681965901704,True,0.9053347332633368
temporal_bytimepoint,Keratinocyte_20_days,Keratinocyte,20_days,HALLMARK TGF BETA SIGNALING,-0.04003781155802463,0.0007289667051142957,0.19167944292217115,-1.550731292691702,0.11544422778861058,True,0.4173024955309612
temporal_bytimepoint,Keratinocyte_20_days,Keratinocyte,20_days,HALLMARK TNFA SIGNALING VIA NFKB,-0.06771976579989251,0.003932416643402739,0.19167944292217115,-1.0562987814066163,0.28128593570321486,True,0.6891505424728764
temporal_bytimepoint,Keratinocyte_20_days,Keratinocyte,20_days,HALLMARK UNFOLDED PROTEIN RESPONSE,0.021153748661683403,0.0010882606477882804,0.19167944292217115,0.7424208976299129,0.42192890355482227,True,0.793478836696463
temporal_bytimepoint,Keratinocyte_20_days,Keratinocyte,20_days,HALLMARK UV RESPONSE DN,-0.03354200013514032,0.003047670097467252,0.19167944292217115,-0.6464173499089405,0.5014749262536873,True,0.8287598631220856
temporal_bytimepoint,Keratinocyte_20_days,Keratinocyte,20_days,HALLMARK UV RESPONSE UP,-0.0383583631145885,0.0020281377047683185,0.19167944292217115,-0.867954818539611,0.3708814559272036,True,0.766765867314111
temporal_bytimepoint,Keratinocyte_20_days,Keratinocyte,20_days,HALLMARK WNT BETA CATENIN SIGNALING,-0.008927257744205446,0.0006014194006694145,0.19167944292217115,-0.40171871962544675,0.6417179141042948,True,0.9053347332633368
temporal_bytimepoint,Keratinocyte_20_days,Keratinocyte,20_days,HALLMARK XENOBIOTIC METABOLISM,-0.037432332056373016,0.0029498687925561063,0.19167944292217115,-0.73229967409736,0.45227738613069346,True,0.80425131969208
temporal_bytimepoint,Keratinocyte_20_days,Keratinocyte,20_days,Lysosomal Genes,-0.02276961402633386,0.00245021131385144,0.19167944292217115,-0.5611236204448278,0.5554722263886805,True,0.856514866564364
temporal_bytimepoint,Melanocyte_4_days,Melanocyte,4_days,HALLMARK ADIPOGENESIS,0.014625761748203705,0.01040819170020632,0.7090522769959458,0.09286552980230572,0.9212039398030099,True,0.9741603828899463
temporal_bytimepoint,Melanocyte_4_days,Melanocyte,4_days,HALLMARK ALLOGRAFT REJECTION,0.051930960021181326,0.010942451410058925,0.7090522769959458,0.6970247049042274,0.4654767261636918,True,0.8129479022232095
temporal_bytimepoint,Melanocyte_4_days,Melanocyte,4_days,HALLMARK ANDROGEN RESPONSE,-0.02442403711537943,0.005915123475102409,0.7090522769959458,-0.7890717963009003,0.3924303784810759,True,0.7845815854003679
temporal_bytimepoint,Melanocyte_4_days,Melanocyte,4_days,HALLMARK ANGIOGENESIS,0.022035856519992864,0.0028447485113782035,0.7090522769959458,0.606214417588583,0.47862606869656515,True,0.8129479022232095
temporal_bytimepoint,Melanocyte_4_days,Melanocyte,4_days,HALLMARK APICAL JUNCTION,0.02206266797560974,0.010835526069096262,0.7090522769959458,0.21279938152119546,0.8192590370481476,True,0.9387502347247676
temporal_bytimepoint,Melanocyte_4_days,Melanocyte,4_days,HALLMARK APICAL SURFACE,0.021141624635281454,0.001986765776719238,0.7090522769959458,0.8235538683534278,0.344182790860457,True,0.7477074422140961
temporal_bytimepoint,Melanocyte_4_days,Melanocyte,4_days,HALLMARK APOPTOSIS,0.1719560923264039,0.010487953246211162,0.7090522769959458,3.0197385766235696,0.006199690015499225,True,0.11194055681831293
temporal_bytimepoint,Melanocyte_4_days,Melanocyte,4_days,HALLMARK BILE ACID METABOLISM,-0.0017690550648954508,0.005165922330394103,0.7090522769959458,-0.19933165283456877,0.8269586520673966,True,0.9387502347247676
temporal_bytimepoint,Melanocyte_4_days,Melanocyte,4_days,HALLMARK CHOLESTEROL HOMEOSTASIS,-0.0052984827227684815,0.005519314563960784,0.7090522769959458,-0.3204911231652148,0.7255137243137844,True,0.914937632619754
temporal_bytimepoint,Melanocyte_4_days,Melanocyte,4_days,HALLMARK COAGULATION,0.015330854111240627,0.006539892254818112,0.7090522769959458,0.1789921040876333,0.8460076996150192,True,0.9455478107706706
temporal_bytimepoint,Melanocyte_4_days,Melanocyte,4_days,HALLMARK COMPLEMENT,0.017999999380960478,0.011537758762794526,0.7090522769959458,0.07362469988626266,0.9387030648467577,True,0.9796903771832686
temporal_bytimepoint,Melanocyte_4_days,Melanocyte,4_days,HALLMARK DNA REPAIR,0.012087323641800676,0.005316986133952358,0.7090522769959458,0.31946201085527376,0.7345132743362832,True,0.914937632619754
temporal_bytimepoint,Melanocyte_4_days,Melanocyte,4_days,HALLMARK E2F TARGETS,0.06765509557079116,0.007723443904234379,0.7090522769959458,1.7965589988543804,0.06974651267436628,True,0.3350473780658793
temporal_bytimepoint,Melanocyte_4_days,Melanocyte,4_days,HALLMARK EPITHELIAL MESENCHYMAL TRANSITION,-0.08180341716769489,0.014464432826612729,0.7090522769959458,-1.5703804483823478,0.11349432528373582,True,0.41709164541772914
temporal_bytimepoint,Melanocyte_4_days,Melanocyte,4_days,HALLMARK ESTROGEN RESPONSE EARLY,-0.08076185098535395,0.011877069104662004,0.7090522769959458,-1.7155994622076267,0.08619569021548923,True,0.35710971460772756
temporal_bytimepoint,Melanocyte_4_days,Melanocyte,4_days,HALLMARK ESTROGEN RESPONSE LATE,-0.04733700819982717,0.01090452114449471,0.7090522769959458,-1.1506764055127565,0.23338833058347083,True,0.6392810794242897
temporal_bytimepoint,Melanocyte_4_days,Melanocyte,4_days,HALLMARK FATTY ACID METABOLISM,0.006402433879021995,0.008393234657040933,0.7090522769959458,-0.11000947916920964,0.9080045997700115,True,0.9741603828899463
temporal_bytimepoint,Melanocyte_4_days,Melanocyte,4_days,HALLMARK G2M CHECKPOINT,0.03770648502956718,0.008385892596671512,0.7090522769959458,0.7885960254022186,0.40032998350082494,True,0.7916839584029767
temporal_bytimepoint,Melanocyte_4_days,Melanocyte,4_days,HALLMARK GLYCOLYSIS,-0.01994282075976833,0.010714974605461591,0.7090522769959458,-0.6256340472532159,0.5093745312734363,True,0.831978401079946
temporal_bytimepoint,Melanocyte_4_days,Melanocyte,4_days,HALLMARK HEDGEHOG SIGNALING,-0.02337473912427852,0.002158292852613882,0.7090522769959458,-1.063760173639616,0.23248837558122093,True,0.6392810794242897
temporal_bytimepoint,Melanocyte_4_days,Melanocyte,4_days,HALLMARK HEME METABOLISM,0.029536696557858663,0.009208007337654128,0.7090522769959458,0.5059187338999859,0.5976201189940503,True,0.8814397072788501
temporal_bytimepoint,Melanocyte_4_days,Melanocyte,4_days,HALLMARK HYPOXIA,0.160037511244971,0.01395854372633927,0.7090522769959458,2.3359226248565395,0.024698765061746914,True,0.1846128032581422
temporal_bytimepoint,Melanocyte_4_days,Melanocyte,4_days,HALLMARK IL2 STAT5 SIGNALING,-0.03283620418054019,0.01129447027355564,0.7090522769959458,-0.8794886896701211,0.3548822558872056,True,0.7560535016727424
temporal_bytimepoint,Melanocyte_4_days,Melanocyte,4_days,HALLMARK IL6 JAK STAT3 SIGNALING,-0.00406355528494903,0.004376560754546094,0.7090522769959458,-0.3000507274301837,0.7429128543572822,True,0.914937632619754
temporal_bytimepoint,Melanocyte_4_days,Melanocyte,4_days,HALLMARK INFLAMMATORY RESPONSE,0.08008525444647419,0.011929535404320518,0.7090522769959458,1.084383859617599,0.26273686315684214,True,0.6697511945211988
temporal_bytimepoint,Melanocyte_4_days,Melanocyte,4_days,HALLMARK INTERFERON ALPHA RESPONSE,-0.08913405468271635,0.0053587415617830855,0.7090522769959458,-2.533035289572277,0.01929903504824759,True,0.17324133793310334
temporal_bytimepoint,Melanocyte_4_days,Melanocyte,4_days,HALLMARK INTERFERON GAMMA RESPONSE,-0.04032053415974206,0.011069758095650853,0.7090522769959458,-1.018132102425464,0.2912354382280886,True,0.6954341472115584
temporal_bytimepoint,Melanocyte_4_days,Melanocyte,4_days,HALLMARK KRAS SIGNALING DN,0.13134177508974898,0.007975215616729826,0.7090522769959458,2.837512855094319,0.010599470026498675,True,0.14164746308139137
temporal_bytimepoint,Melanocyte_4_days,Melanocyte,4_days,HALLMARK KRAS SIGNALING UP,0.050508324866376145,0.013382981277241591,0.7090522769959458,0.5726627457234704,0.5510724463776812,True,0.8557146086357654
temporal_bytimepoint,Melanocyte_4_days,Melanocyte,4_days,HALLMARK MITOTIC SPINDLE,0.05952370067180626,0.0085608229728215,0.7090522769959458,1.4207559535146492,0.14534273286335683,True,0.48557685752076035
temporal_bytimepoint,Melanocyte_4_days,Melanocyte,4_days,HALLMARK MTORC1 SIGNALING,0.11277303812829237,0.010580468032385007,0.7090522769959458,1.9993524294921639,0.04899755012249388,True,0.295919414555588
temporal_bytimepoint,Melanocyte_4_days,Melanocyte,4_days,HALLMARK MYC TARGETS,0.036600997479172906,0.007025412034765095,0.7090522769959458,0.8552501071669617,0.35693215339233036,True,0.7567648059904696
temporal_bytimepoint,Melanocyte_4_days,Melanocyte,4_days,HALLMARK MYOGENESIS,-0.019554520364102684,0.01495909808078797,0.7090522769959458,-0.6001225867063853,0.5351732413379331,True,0.845918994372862
temporal_bytimepoint,Melanocyte_4_days,Melanocyte,4_days,HALLMARK NOTCH SIGNALING,-0.013149567388290744,0.0024348190924345283,0.7090522769959458,-0.6060777940494304,0.47722613869306535,True,0.8129479022232095
temporal_bytimepoint,Melanocyte_4_days,Melanocyte,4_days,HALLMARK OXIDATIVE PHOSPHORYLATION,-0.00010148131100117794,0.005565337491296577,0.7090522769959458,-0.1673047144521823,0.8577071146442677,True,0.9479920740805065
temporal_bytimepoint,Melanocyte_4_days,Melanocyte,4_days,HALLMARK P53 PATHWAY,0.2193779008194709,0.011463398375324422,0.7090522769959458,4.011000765511024,0.0004999750012499375,True,0.030317234138293087
temporal_bytimepoint,Melanocyte_4_days,Melanocyte,4_days,HALLMARK PANCREAS BETA CELLS,0.0020967361469115074,0.0015195894107268037,0.7090522769959458,0.017243416439570104,0.9847507624618769,False,
temporal_bytimepoint,Melanocyte_4_days,Melanocyte,4_days,HALLMARK PEROXISOME,-0.013587194997349691,0.005299234231570683,0.7090522769959458,-0.5534942448331702,0.5485225738713064,True,0.8547648589301984
temporal_bytimepoint,Melanocyte_4_days,Melanocyte,4_days,HALLMARK PI3K AKT MTOR SIGNALING,0.09831067657874887,0.00534322145252951,0.7090522769959458,2.9131440717350228,0.0095995200239988,True,0.13869467816931733
temporal_bytimepoint,Melanocyte_4_days,Melanocyte,4_days,HALLMARK PROTEIN SECRETION,-0.004732348599472934,0.004315515043670632,0.7090522769959458,-0.2716803833715836,0.7569121543922804,True,0.917028187052186
temporal_bytimepoint,Melanocyte_4_days,Melanocyte,4_days,HALLMARK REACTIVE OXYGEN SPECIES PATHWAY,0.0021864573139882704,0.0014260371908854073,0.7090522769959458,0.07487402326048348,0.9349032548372581,True,0.9796903771832686
temporal_bytimepoint,Melanocyte_4_days,Melanocyte,4_days,HALLMARK SPERMATOGENESIS,0.011674962391395441,0.004923774574661077,0.7090522769959458,0.2720822844883695,0.7639118044097795,True,0.9187835202834453
temporal_bytimepoint,Melanocyte_4_days,Melanocyte,4_days,HALLMARK TGF BETA SIGNALING,0.004144916147873871,0.0026965620007847885,0.7090522769959458,0.052718381213417896,0.9496525173741313,True,0.9854041415576279
temporal_bytimepoint,Melanocyte_4_days,Melanocyte,4_days,HALLMARK TNFA SIGNALING VIA NFKB,0.01345875607362462,0.014546624993237346,0.7090522769959458,-0.09732696873751004,0.9209539523023849,True,0.9741603828899463
temporal_bytimepoint,Melanocyte_4_days,Melanocyte,4_days,HALLMARK UNFOLDED PROTEIN RESPONSE,-0.00695907505367825,0.004025646561340824,0.7090522769959458,-0.389996519720443,0.6689665516724164,True,0.9124902845766804
temporal_bytimepoint,Melanocyte_4_days,Melanocyte,4_days,HALLMARK UV RESPONSE DN,-0.029000627191846998,0.011273808965623081,0.7090522769959458,-0.7642930991991392,0.42122893855307236,True,0.793478836696463
temporal_bytimepoint,Melanocyte_4_days,Melanocyte,4_days,HALLMARK UV RESPONSE UP,0.08980552649587466,0.007502398982926982,0.7090522769959458,1.9215261415211315,0.05654717264136793,True,0.3156620649980159
temporal_bytimepoint,Melanocyte_4_days,Melanocyte,4_days,HALLMARK WNT BETA CATENIN SIGNALING,0.0024623077596612536,0.0022247445473186954,0.7090522769959458,-0.008908064321570711,0.9912004399780011,True,0.9940043906895564
temporal_bytimepoint,Melanocyte_4_days,Melanocyte,4_days,HALLMARK XENOBIOTIC METABOLISM,0.04209411484808234,0.010912026622752962,0.7090522769959458,0.5591931702643415,0.56047197640118,True,0.8612130369091302
temporal_bytimepoint,Melanocyte_4_days,Melanocyte,4_days,Lysosomal Genes,0.042854686406308934,0.00906371536103123,0.7090522769959458,0.8182050977974239,0.38433078346082694,True,0.7845815854003679
temporal_bytimepoint,Melanocyte_10_days,Melanocyte,10_days,HALLMARK ADIPOGENESIS,-0.009452207002833016,0.003761544352109033,0.25625311914953286,-0.30030637014492334,0.7475626218689065,True,0.914937632619754
temporal_bytimepoint,Melanocyte_10_days,Melanocyte,10_days,HALLMARK ALLOGRAFT REJECTION,0.010917146487148791,0.00395462703659837,0.25625311914953286,0.09354732486655948,0.9161541922903855,True,0.9741603828899463
temporal_bytimepoint,Melanocyte_10_days,Melanocyte,10_days,HALLMARK ANDROGEN RESPONSE,-0.041824839477200476,0.0021377391905029923,0.25625311914953286,-1.2220111165053333,0.1950402479876006,True,0.5772667742451802
temporal_bytimepoint,Melanocyte_10_days,Melanocyte,10_days,HALLMARK ANGIOGENESIS,-0.025899810328149166,0.0010280986365703796,0.25625311914953286,-1.0155227605191233,0.24913754312284386,True,0.6618654007058684
temporal_bytimepoint,Melanocyte_10_days,Melanocyte,10_days,HALLMARK APICAL JUNCTION,0.04240855954377078,0.003915983973136398,0.25625311914953286,0.8432546193734194,0.3699315034248288,True,0.766765867314111
temporal_bytimepoint,Melanocyte_10_days,Melanocyte,10_days,HALLMARK APICAL SURFACE,0.012389624737797702,0.0007180217084427474,0.25625311914953286,0.5691611217299499,0.48297585120743963,True,0.8129479022232095
temporal_bytimepoint,Melanocyte_10_days,Melanocyte,10_days,HALLMARK APOPTOSIS,0.156448242533035,0.003790370357771866,0.25625311914953286,3.176925491868916,0.0038998050097495125,True,0.09554522273886307
temporal_bytimepoint,Melanocyte_10_days,Melanocyte,10_days,HALLMARK BILE ACID METABOLISM,-0.012889338759570514,0.0018669761784789836,0.25625311914953286,-0.499893260285006,0.5797210139493025,True,0.8731957341526863
temporal_bytimepoint,Melanocyte_10_days,Melanocyte,10_days,HALLMARK CHOLESTEROL HOMEOSTASIS,-0.025019461195480586,0.0019946929422109193,0.25625311914953286,-0.7593001583498775,0.40507974601269936,True,0.793478836696463
temporal_bytimepoint,Melanocyte_10_days,Melanocyte,10_days,HALLMARK COAGULATION,-0.009762423861301526,0.0023635320604274645,0.25625311914953286,-0.3687737648299489,0.6789660516974151,True,0.9124902845766804
temporal_bytimepoint,Melanocyte_10_days,Melanocyte,10_days,HALLMARK COMPLEMENT,-0.027331061900715128,0.004169772479241129,0.25625311914953286,-0.677534874728196,0.47962601869906507,True,0.8129479022232095
temporal_bytimepoint,Melanocyte_10_days,Melanocyte,10_days,HALLMARK DNA REPAIR,-0.003030900142615674,0.0019215709835565457,0.25625311914953286,-0.13896493242565378,0.8749062546872657,True,0.9621786990450976
temporal_bytimepoint,Melanocyte_10_days,Melanocyte,10_days,HALLMARK E2F TARGETS,0.044193307793867195,0.002791270341055293,0.25625311914953286,1.3815473573036356,0.15269236538173092,True,0.5025174114428607
temporal_bytimepoint,Melanocyte_10_days,Melanocyte,10_days,HALLMARK EPITHELIAL MESENCHYMAL TRANSITION,-0.12287373744884297,0.005227479198363253,0.25625311914953286,-2.2296949419386802,0.03024848757562122,True,0.21173941302934854
temporal_bytimepoint,Melanocyte_10_days,Melanocyte,10_days,HALLMARK ESTROGEN RESPONSE EARLY,-0.06660520074120146,0.004292400015015523,0.25625311914953286,-1.4399061255296008,0.14304284785760712,True,0.4815411901160667
temporal_bytimepoint,Melanocyte_10_days,Melanocyte,10_days,HALLMARK ESTROGEN RESPONSE LATE,-0.040434765114878375,0.003940918951628698,0.25625311914953286,-0.9707166614120216,0.31148442577871105,True,0.715440790460477
temporal_bytimepoint,Melanocyte_10_days,Melanocyte,10_days,HALLMARK FATTY ACID METABOLISM,0.011939177994560714,0.0030333342553147133,0.25625311914953286,0.16617574887276232,0.8541572921353933,True,0.9464406176676091
temporal_bytimepoint,Melanocyte_10_days,Melanocyte,10_days,HALLMARK G2M CHECKPOINT,-0.007265027943265971,0.0030306808178578596,0.25625311914953286,-0.25952429640431524,0.7799610019499025,True,0.9198634988036695
temporal_bytimepoint,Melanocyte_10_days,Melanocyte,10_days,HALLMARK GLYCOLYSIS,-0.033414455059641954,0.00387241639768864,0.25625311914953286,-0.8512375252885938,0.3720813959302035,True,0.766765867314111
temporal_bytimepoint,Melanocyte_10_days,Melanocyte,10_days,HALLMARK HEDGEHOG SIGNALING,-0.0195956947568911,0.0007800119870761132,0.25625311914953286,-0.9012069774269372,0.2871856407179641,True,0.6954341472115584
temporal_bytimepoint,Melanocyte_10_days,Melanocyte,10_days,HALLMARK HEME METABOLISM,0.030956813897726733,0.003327794970806007,0.25625311914953286,0.7496799683416725,0.4286785660716964,True,0.7943161665446139
temporal_bytimepoint,Melanocyte_10_days,Melanocyte,10_days,HALLMARK HYPOXIA,0.12838525701988718,0.0050446497172450845,0.25625311914953286,2.1922431179801825,0.03294835258237088,True,0.22354189982808553
temporal_bytimepoint,Melanocyte_10_days,Melanocyte,10_days,HALLMARK IL2 STAT5 SIGNALING,0.019946240986106766,0.004081847461237134,0.25625311914953286,0.3101321512848936,0.7404629768511575,True,0.914937632619754
temporal_bytimepoint,Melanocyte_10_days,Melanocyte,10_days,HALLMARK IL6 JAK STAT3 SIGNALING,0.034416216323521605,0.001581699094531336,0.25625311914953286,1.0076244576114504,0.2727863606819659,True,0.6758358711277919
temporal_bytimepoint,Melanocyte_10_days,Melanocyte,10_days,HALLMARK INFLAMMATORY RESPONSE,0.09972195430773521,0.004311361456045921,0.25625311914953286,1.7639926495899716,0.07739613019349033,True,0.3379375585676162
temporal_bytimepoint,Melanocyte_10_days,Melanocyte,10_days,HALLMARK INTERFERON ALPHA RESPONSE,-0.0590640614246198,0.001936661490942517,0.25625311914953286,-1.7920518337511018,0.0767961601919904,True,0.3379375585676162
temporal_bytimepoint,Melanocyte_10_days,Melanocyte,10_days,HALLMARK INTERFERON GAMMA RESPONSE,0.00021362285830983652,0.004000635964754885,0.25625311914953286,-0.11496743886114054,0.9050047497625119,True,0.9741603828899463
temporal_bytimepoint,Melanocyte_10_days,Melanocyte,10_days,HALLMARK KRAS SIGNALING DN,0.09792455633923391,0.0028822612154008618,0.25625311914953286,2.4495204133766912,0.021548922553872307,True,0.17324133793310334
temporal_bytimepoint,Melanocyte_10_days,Melanocyte,10_days,HALLMARK KRAS SIGNALING UP,0.012691117235196768,0.004836640128062893,0.25625311914953286,0.12674189460162966,0.8906554672266387,True,0.9691739550953486
temporal_bytimepoint,Melanocyte_10_days,Melanocyte,10_days,HALLMARK MITOTIC SPINDLE,0.04631446321853103,0.0030939010570091284,0.25625311914953286,1.3517030091421827,0.16354182290885455,True,0.5188629057755745
temporal_bytimepoint,Melanocyte_10_days,Melanocyte,10_days,HALLMARK MTORC1 SIGNALING,0.0965913382803344,0.0038238054136819047,0.25625311914953286,2.0337843287462234,0.04724763761811909,True,0.2937782688330372
temporal_bytimepoint,Melanocyte_10_days,Melanocyte,10_days,HALLMARK MYC TARGETS,0.0181830879469494,0.0025390000224616944,0.25625311914953286,0.5148009847507633,0.5754712264386781,True,0.8731957341526863
temporal_bytimepoint,Melanocyte_10_days,Melanocyte,10_days,HALLMARK MYOGENESIS,-0.06310825741286141,0.005406252355759132,0.25625311914953286,-1.2349432844831234,0.207989600519974,True,0.6034435120349246
temporal_bytimepoint,Melanocyte_10_days,Melanocyte,10_days,HALLMARK NOTCH SIGNALING,-0.015167010140638478,0.000879949204372628,0.25625311914953286,-0.6803811749696965,0.41632918354082293,True,0.793478836696463
temporal_bytimepoint,Melanocyte_10_days,Melanocyte,10_days,HALLMARK OXIDATIVE PHOSPHORYLATION,-0.004726189758854504,0.002011325733705723,0.25625311914953286,-0.23463721737922677,0.791610419479026,True,0.9269894595455903
temporal_bytimepoint,Melanocyte_10_days,Melanocyte,10_days,HALLMARK P53 PATHWAY,0.20343315407503595,0.00414289846466055,0.25625311914953286,4.309204565558162,0.00024998750062496874,True,0.027561121943902804
temporal_bytimepoint,Melanocyte_10_days,Melanocyte,10_days,HALLMARK PANCREAS BETA CELLS,0.0018488188145296368,0.0005491830982831334,0.25625311914953286,0.05955127435423174,0.936253187340633,False,
temporal_bytimepoint,Melanocyte_10_days,Melanocyte,10_days,HALLMARK PEROXISOME,-0.014406235837964701,0.001915155405321024,0.25625311914953286,-0.5396647289871508,0.5545222738863057,True,0.856514866564364
temporal_bytimepoint,Melanocyte_10_days,Melanocyte,10_days,HALLMARK PI3K AKT MTOR SIGNALING,0.09461709253457563,0.0019310524878622083,0.25625311914953286,3.2282250615759214,0.006149692515374231,True,0.11194055681831293
temporal_bytimepoint,Melanocyte_10_days,Melanocyte,10_days,HALLMARK PROTEIN SECRETION,-0.010932061328614155,0.0015596370346098686,0.25625311914953286,-0.3979098730274956,0.6466676666166692,True,0.9053347332633368
temporal_bytimepoint,Melanocyte_10_days,Melanocyte,10_days,HALLMARK REACTIVE OXYGEN SPECIES PATHWAY,0.0058016884135662205,0.0005153731114662408,0.25625311914953286,0.4838511991739412,0.5813709314534273,True,0.8731957341526863
temporal_bytimepoint,Melanocyte_10_days,Melanocyte,10_days,HALLMARK SPERMATOGENESIS,0.012482690590778472,0.00177946342418033,0.25625311914953286,0.43457014445281883,0.6221688915554222,True,0.9053347332633368
temporal_bytimepoint,Melanocyte_10_days,Melanocyte,10_days,HALLMARK TGF BETA SIGNALING,0.009100619031577975,0.0009745436917695114,0.25625311914953286,0.35636479091186807,0.6675166241687915,True,0.9124902845766804
temporal_bytimepoint,Melanocyte_10_days,Melanocyte,10_days,HALLMARK TNFA SIGNALING VIA NFKB,0.01480529537881615,0.00525718363589281,0.25625311914953286,0.1310712720149754,0.8922553872306385,True,0.9691739550953486
temporal_bytimepoint,Melanocyte_10_days,Melanocyte,10_days,HALLMARK UNFOLDED PROTEIN RESPONSE,-0.006124157745417716,0.0014548779002695115,0.25625311914953286,-0.3207962631144895,0.7065146742662867,True,0.914937632619754
temporal_bytimepoint,Melanocyte_10_days,Melanocyte,10_days,HALLMARK UV RESPONSE DN,-0.08378944971389936,0.0040743804171626714,0.25625311914953286,-1.7456901908136988,0.0815459227038648,True,0.34270286485675716
temporal_bytimepoint,Melanocyte_10_days,Melanocyte,10_days,HALLMARK UV RESPONSE UP,0.0789178679132037,0.002711384199518359,0.25625311914953286,2.0425867289813504,0.047297635118244086,True,0.2937782688330372
temporal_bytimepoint,Melanocyte_10_days,Melanocyte,10_days,HALLMARK WNT BETA CATENIN SIGNALING,0.006246229213300299,0.0008040277819523749,0.25625311914953286,0.2484296961642681,0.7475626218689065,True,0.914937632619754
temporal_bytimepoint,Melanocyte_10_days,Melanocyte,10_days,HALLMARK XENOBIOTIC METABOLISM,0.022050163340999684,0.003943631448685381,0.25625311914953286,0.35141260209685865,0.704364781760912,True,0.914937632619754
temporal_bytimepoint,Melanocyte_10_days,Melanocyte,10_days,Lysosomal Genes,0.004541682372335866,0.0032756475195143716,0.25625311914953286,0.05081562365693107,0.9572021398930054,True,0.9875124234442484
temporal_bytimepoint,Melanocyte_20_days,Melanocyte,20_days,HALLMARK ADIPOGENESIS,-0.01592706074152788,0.0060652237464728755,0.4131899980129328,-0.5792431765456052,0.5252737363131843,True,0.8446485284431431
temporal_bytimepoint,Melanocyte_20_days,Melanocyte,20_days,HALLMARK ALLOGRAFT REJECTION,0.03480061174745219,0.0063765558944883175,0.4131899980129328,0.6210336621811324,0.5054247287635618,True,0.8287598631220856
temporal_bytimepoint,Melanocyte_20_days,Melanocyte,20_days,HALLMARK ANDROGEN RESPONSE,-0.02177985678504268,0.0034469529768364196,0.4131899980129328,-0.8006023954166208,0.36988150592470376,True,0.766765867314111
temporal_bytimepoint,Melanocyte_20_days,Melanocyte,20_days,HALLMARK ANGIOGENESIS,0.004860291826184441,0.0016577362063395142,0.4131899980129328,0.1189666061180652,0.8790560471976401,True,0.9643376040153215
temporal_bytimepoint,Melanocyte_20_days,Melanocyte,20_days,HALLMARK APICAL JUNCTION,0.010602934589914674,0.00631424669268013,0.4131899980129328,0.09867972224213246,0.9149542522873856,True,0.9741603828899463
temporal_bytimepoint,Melanocyte_20_days,Melanocyte,20_days,HALLMARK APICAL SURFACE,0.0071109066613302295,0.0011577591299935686,0.4131899980129328,0.30916689819176457,0.6740662966851657,True,0.9124902845766804
temporal_bytimepoint,Melanocyte_20_days,Melanocyte,20_days,HALLMARK APOPTOSIS,0.12008092215985078,0.006111703638159956,0.4131899980129328,2.65933336018124,0.014999250037498125,True,0.16837339951184258
temporal_bytimepoint,Melanocyte_20_days,Melanocyte,20_days,HALLMARK BILE ACID METABOLISM,0.01991606892063241,0.0030103668046505823,0.4131899980129328,0.6315403966124139,0.46852657367131645,True,0.8129479022232095
temporal_bytimepoint,Melanocyte_20_days,Melanocyte,20_days,HALLMARK CHOLESTEROL HOMEOSTASIS,-0.014118000793788853,0.0032163010368962503,0.4131899980129328,-0.5450299014656882,0.5320233988300584,True,0.8453134897211974
temporal_bytimepoint,Melanocyte_20_days,Melanocyte,20_days,HALLMARK COAGULATION,0.007115102876768543,0.003811027981211238,0.4131899980129328,0.08429962732789892,0.9233538323083845,True,0.9741603828899463
temporal_bytimepoint,Melanocyte_20_days,Melanocyte,20_days,HALLMARK COMPLEMENT,0.024541376014909265,0.006723462676786562,0.4131899980129328,0.3810056176379712,0.6816159192040397,True,0.9124902845766804
temporal_bytimepoint,Melanocyte_20_days,Melanocyte,20_days,HALLMARK DNA REPAIR,0.0019815481373163892,0.003098397059565649,0.4131899980129328,0.009940147907193215,0.991750412479376,True,0.9940043906895564
temporal_bytimepoint,Melanocyte_20_days,Melanocyte,20_days,HALLMARK E2F TARGETS,0.07035155247536556,0.004500725651660023,0.4131899980129328,2.460738413163018,0.02199890005499725,True,0.17324133793310334
temporal_bytimepoint,Melanocyte_20_days,Melanocyte,20_days,HALLMARK EPITHELIAL MESENCHYMAL TRANSITION,-0.038954251221868325,0.008428939818383076,0.4131899980129328,-0.9390215950417382,0.3265336733163342,True,0.734700764961752
temporal_bytimepoint,Melanocyte_20_days,Melanocyte,20_days,HALLMARK ESTROGEN RESPONSE EARLY,-0.07876289297754836,0.006921190889543987,0.4131899980129328,-1.914438335593231,0.05944702764861757,True,0.31612274807946344
temporal_bytimepoint,Melanocyte_20_days,Melanocyte,20_days,HALLMARK ESTROGEN RESPONSE LATE,-0.038311052443388345,0.006354452578750432,0.4131899980129328,-1.1027032567509434,0.24288785560721965,True,0.6531313678218529
temporal_bytimepoint,Melanocyte_20_days,Melanocyte,20_days,HALLMARK FATTY ACID METABOLISM,0.015207507223047333,0.00489103656215274,0.4131899980129328,0.22644819684524264,0.7955102244887755,True,0.9280952619035714
temporal_bytimepoint,Melanocyte_20_days,Melanocyte,20_days,HALLMARK G2M CHECKPOINT,-0.0560852681566172,0.0048867580822608125,0.4131899980129328,-1.9020938243489525,0.058847057647117645,True,0.31612274807946344
temporal_bytimepoint,Melanocyte_20_days,Melanocyte,20_days,HALLMARK GLYCOLYSIS,-0.020692061078368476,0.006243997064217333,0.4131899980129328,-0.6955467061842118,0.4490275486225689,True,0.80425131969208
temporal_bytimepoint,Melanocyte_20_days,Melanocyte,20_days,HALLMARK HEDGEHOG SIGNALING,-0.009966045087906765,0.001257714062016835,0.4131899980129328,-0.5800785572821411,0.45077746112694367,True,0.80425131969208
temporal_bytimepoint,Melanocyte_20_days,Melanocyte,20_days,HALLMARK HEME METABOLISM,0.018729077743523635,0.005365833602097204,0.4131899980129328,0.4143685984913454,0.6462176891155442,True,0.9053347332633368
temporal_bytimepoint,Melanocyte_20_days,Melanocyte,20_days,HALLMARK HYPOXIA,0.11675985928904961,0.008134140234320884,0.4131899980129328,2.161747244095159,0.036848157592120394,True,0.24253787310634467
temporal_bytimepoint,Melanocyte_20_days,Melanocyte,20_days,HALLMARK IL2 STAT5 SIGNALING,0.021819647886109676,0.006581689815113968,0.4131899980129328,0.34128219681867056,0.7094145292735363,True,0.914937632619754
temporal_bytimepoint,Melanocyte_20_days,Melanocyte,20_days,HALLMARK IL6 JAK STAT3 SIGNALING,0.005487379347232455,0.0025503777198711683,0.4131899980129328,0.06579294812966593,0.9381530923453827,True,0.9796903771832686
temporal_bytimepoint,Melanocyte_20_days,Melanocyte,20_days,HALLMARK INFLAMMATORY RESPONSE,0.0870959377025719,0.0069517648697073305,0.4131899980129328,1.6608746563308234,0.09464526773661316,True,0.37309055599851587
temporal_bytimepoint,Melanocyte_20_days,Melanocyte,20_days,HALLMARK INTERFERON ALPHA RESPONSE,-0.07373393529743726,0.00312272943349935,0.4131899980129328,-2.53807943864133,0.021948902554872255,True,0.17324133793310334
temporal_bytimepoint,Melanocyte_20_days,Melanocyte,20_days,HALLMARK INTERFERON GAMMA RESPONSE,-0.011829969929075285,0.006450742031213836,0.4131899980129328,-0.4466025045046655,0.6314684265786711,True,0.9053347332633368
temporal_bytimepoint,Melanocyte_20_days,Melanocyte,20_days,HALLMARK KRAS SIGNALING DN,0.09957264627976391,0.004647441989454537,0.4131899980129328,2.7353949744247568,0.016449177541122944,True,0.16837339951184258
temporal_bytimepoint,Melanocyte_20_days,Melanocyte,20_days,HALLMARK KRAS SIGNALING UP,-0.006393248912450509,0.007798739510122451,0.4131899980129328,-0.30428543832161004,0.7432128393580321,True,0.914937632619754
temporal_bytimepoint,Melanocyte_20_days,Melanocyte,20_days,HALLMARK MITOTIC SPINDLE,0.03573750431220518,0.004988696238471301,0.4131899980129328,1.076348222217696,0.2472376381180941,True,0.6607987782429061
temporal_bytimepoint,Melanocyte_20_days,Melanocyte,20_days,HALLMARK MTORC1 SIGNALING,0.06098237747954464,0.0061656152967999815,0.4131899980129328,1.351173243790405,0.16094195290235488,True,0.514314501666221
temporal_bytimepoint,Melanocyte_20_days,Melanocyte,20_days,HALLMARK MYC TARGETS,-0.013031858256366716,0.004093957637345295,0.4131899980129328,-0.59302854665474,0.5027248637568121,True,0.8287598631220856
temporal_bytimepoint,Melanocyte_20_days,Melanocyte,20_days,HALLMARK MYOGENESIS,0.035662839450284714,0.008717198867850742,0.4131899980129328,0.47738777885545947,0.6089195540222989,True,0.8921379512419728
temporal_bytimepoint,Melanocyte_20_days,Melanocyte,20_days,HALLMARK NOTCH SIGNALING,0.0010746903148253083,0.0014188557439335692,0.4131899980129328,-0.027902007076600968,0.9711514424278787,True,0.9913837641451261
temporal_bytimepoint,Melanocyte_20_days,Melanocyte,20_days,HALLMARK OXIDATIVE PHOSPHORYLATION,0.010275573441544695,0.0032431202346781007,0.4131899980129328,0.28096976620677827,0.7416629168541573,True,0.914937632619754
temporal_bytimepoint,Melanocyte_20_days,Melanocyte,20_days,HALLMARK P53 PATHWAY,0.22850647446552197,0.006680130232412805,0.4131899980129328,5.349413385867499,9.99950002499875e-05,True,0.027561121943902804
temporal_bytimepoint,Melanocyte_20_days,Melanocyte,20_days,HALLMARK PANCREAS BETA CELLS,-0.002670935498875039,0.0008855188340397528,0.4131899980129328,-0.2407843245086511,0.7367631618419079,False,
temporal_bytimepoint,Melanocyte_20_days,Melanocyte,20_days,HALLMARK PEROXISOME,0.004776024026144616,0.003088052394231682,0.4131899980129328,0.05250929855287436,0.9486525673716314,True,0.9854041415576279
temporal_bytimepoint,Melanocyte_20_days,Melanocyte,20_days,HALLMARK PI3K AKT MTOR SIGNALING,0.06361426271171061,0.003113685313453908,0.4131899980129328,2.3680938257181907,0.027648617569121545,True,0.19988590734397707
temporal_bytimepoint,Melanocyte_20_days,Melanocyte,20_days,HALLMARK PROTEIN SECRETION,-0.01853946814920871,0.0025148042114379186,0.4131899980129328,-0.8057371887867099,0.34613269336533176,True,0.748257440069173
temporal_bytimepoint,Melanocyte_20_days,Melanocyte,20_days,HALLMARK REACTIVE OXYGEN SPECIES PATHWAY,0.003313648637009375,0.0008310026258778644,0.4131899980129328,0.2678139132708284,0.7414629268536573,True,0.914937632619754
temporal_bytimepoint,Melanocyte_20_days,Melanocyte,20_days,HALLMARK SPERMATOGENESIS,0.0016421379938280924,0.0028692586889922257,0.4131899980129328,-0.019573220874134115,0.9809509524523774,True,0.9940043906895564
temporal_bytimepoint,Melanocyte_20_days,Melanocyte,20_days,HALLMARK TGF BETA SIGNALING,0.01808877183717865,0.001571382652442124,0.4131899980129328,0.8397635161032753,0.3142842857857107,True,0.7181314509404064
temporal_bytimepoint,Melanocyte_20_days,Melanocyte,20_days,HALLMARK TNFA SIGNALING VIA NFKB,0.018937707299684803,0.008476836119214641,0.4131899980129328,0.1535551777389086,0.8669566521673916,True,0.9558197090145493
temporal_bytimepoint,Melanocyte_20_days,Melanocyte,20_days,HALLMARK UNFOLDED PROTEIN RESPONSE,-0.0029578752325536994,0.002345887529941175,0.4131899980129328,-0.24748645320862578,0.7708614569271537,True,0.9187835202834453
temporal_bytimepoint,Melanocyte_20_days,Melanocyte,20_days,HALLMARK UV RESPONSE DN,-0.0276203770636006,0.006569649735615503,0.4131899980129328,-0.787503899632473,0.39318034098295085,True,0.7845815854003679
temporal_bytimepoint,Melanocyte_20_days,Melanocyte,20_days,HALLMARK UV RESPONSE UP,0.06620669719854984,0.004371914908702217,0.4131899980129328,1.8274261468721884,0.06944652767361632,True,0.3350473780658793
temporal_bytimepoint,Melanocyte_20_days,Melanocyte,20_days,HALLMARK WNT BETA CATENIN SIGNALING,0.008206591834156353,0.0012964378296343177,0.4131899980129328,0.3608597540754367,0.6301684915754212,True,0.9053347332633368
temporal_bytimepoint,Melanocyte_20_days,Melanocyte,20_days,HALLMARK XENOBIOTIC METABOLISM,0.02421719319033168,0.006358826288062462,0.4131899980129328,0.40693574053366294,0.6598170091495426,True,0.9095859269536524
temporal_bytimepoint,Melanocyte_20_days,Melanocyte,20_days,Lysosomal Genes,0.050025667600474964,0.005281749531756592,0.4131899980129328,1.3488220892415483,0.1575421228938553,True,0.5127989924033209
