analysis,label,model,pathway,n_clock,n_nonzero,weight_share,total_shift,observed,expected_from_weight,ratio,null_mean,null_sd,z,p_emp,ratio_reliable,interpretable,p_emp_adj_DEPRECATED,p_floor
meta_analysis,CICQ,mortality,HALLMARK ADIPOGENESIS,142,142,0.014679018794358702,0.41257112836177146,0.01933198337674384,0.00605613934723222,3.1921298814861245,0.005076882602934491,0.03469786528923491,0.41083509475241486,0.6740662966851657,False,True,0.8800572471376431,4.999750012499375e-05
meta_analysis,CICQ,mortality,HALLMARK ALLOGRAFT REJECTION,133,133,0.0154325030256147,0.41257112836177146,0.04614578995217633,0.006367005186724309,7.247644473165158,0.005505870032447485,0.0398305650742737,1.0203199438407642,0.29573521323933805,False,True,0.7204026591123273,4.999750012499375e-05
meta_analysis,CICQ,mortality,HALLMARK ANDROGEN RESPONSE,75,75,0.008342295296142502,0.41257112836177146,-0.025089160763458983,0.0034417901834566107,-7.2895671804902955,0.0030953316958478795,0.029291045668391903,-0.9622221336304451,0.3233338333083346,False,True,0.7334887885235368,4.999750012499375e-05
meta_analysis,CICQ,mortality,HALLMARK ANGIOGENESIS,28,28,0.00401204340451539,0.41257112836177146,0.01039565425662317,0.0016552532744373175,6.280400961693939,0.0012613763159890843,0.02153364653177014,0.4241863043102165,0.6471676416179191,False,True,0.8800572471376431,4.999750012499375e-05
meta_analysis,CICQ,mortality,HALLMARK APICAL JUNCTION,152,152,0.015281702662324596,0.41257112836177146,0.044385809116777294,0.006304789310684345,7.040014650697264,0.00534649557225097,0.03761331700185596,1.0379120124555885,0.2936853157342133,False,True,0.7204026591123273,4.999750012499375e-05
meta_analysis,CICQ,mortality,HALLMARK APICAL SURFACE,31,31,0.0028020018286050836,0.41257112836177146,0.009219463528315215,0.0011560250560993463,7.975141611050786,0.001226973953719547,0.016962121648794286,0.47119633617082307,0.607769611519424,False,True,0.8800572471376431,4.999750012499375e-05
meta_analysis,CICQ,mortality,HALLMARK APOPTOSIS,123,123,0.014791509154509254,0.41257112836177146,0.01099452604648416,0.006102549622049355,1.8016282910276415,0.004389771765699676,0.03814814040484261,0.17313437065849904,0.8578571071446428,False,True,0.9341110722241667,4.999750012499375e-05
meta_analysis,CICQ,mortality,HALLMARK BILE ACID METABOLISM,79,79,0.007285672013184496,0.41257112836177146,-0.0020755632883747484,0.0030058579233533064,-0.6905061188185734,0.0025379801058192037,0.02525911739438627,-0.1826486381990248,0.8476076196190191,False,True,0.9313909304534773,4.999750012499375e-05
meta_analysis,CICQ,mortality,HALLMARK CHOLESTEROL HOMEOSTASIS,58,58,0.007784072829361131,0.41257112836177146,-0.0004057048496580312,0.003211483710459729,-0.12632941227030353,0.0032027614542782523,0.03043698617096502,-0.11855530911199529,0.9003049847507625,False,True,0.9549790750805807,4.999750012499375e-05
meta_analysis,CICQ,mortality,HALLMARK COAGULATION,77,77,0.009223427477767632,0.41257112836177146,0.07128806408691275,0.0038053198818655595,18.73379014117566,0.004243556159783203,0.029437356674210283,2.2775315280215507,0.028098595070246486,False,True,0.20715875970907338,4.999750012499375e-05
meta_analysis,CICQ,mortality,HALLMARK COMPLEMENT,127,127,0.016272084777270233,0.41257112836177146,0.0668472767897596,0.006713392377356785,9.957302215080551,0.005896441768664556,0.039721454040542656,1.5344562905195795,0.12214389280535973,False,True,0.46758208964551773,4.999750012499375e-05
meta_analysis,CICQ,mortality,HALLMARK DNA REPAIR,93,93,0.007498722317737878,0.41257112836177146,-0.0035011537458163994,0.0030937563279007144,-1.1316837445281693,0.002975870529936276,0.021159451247866858,-0.30610549394118347,0.7502624868756562,False,True,0.8837226407910374,4.999750012499375e-05
meta_analysis,CICQ,mortality,HALLMARK E2F TARGETS,136,136,0.01089262971830008,0.41257112836177146,0.031070317376900105,0.0044939845337060285,6.913757077681245,0.0042719933714433,0.026294340015678014,1.01916701425015,0.29783510824458775,False,True,0.7204026591123273,4.999750012499375e-05
meta_analysis,CICQ,mortality,HALLMARK EPITHELIAL MESENCHYMAL TRANSITION,153,153,0.020399670512158068,0.41257112836177146,-0.14799100405805027,0.00841631508140941,-17.583824111450383,0.007680637941697571,0.04711518541895426,-3.304065146204895,0.0016999150042497876,False,True,0.08421453927303635,4.999750012499375e-05
meta_analysis,CICQ,mortality,HALLMARK ESTROGEN RESPONSE EARLY,150,150,0.016750625433404984,0.41257112836177146,0.0012883274178907664,0.0069108244358252816,0.18642166790002038,0.005851780506084031,0.040711822116251434,-0.1120915952904897,0.9082045897705114,False,True,0.9549790750805807,4.999750012499375e-05
meta_analysis,CICQ,mortality,HALLMARK ESTROGEN RESPONSE LATE,150,150,0.015379008711027748,0.41257112836177146,0.02894621939801579,0.00634493497699423,4.562098666569536,0.0051844422405710406,0.03773798941801954,0.6296513811119656,0.5172741362931853,False,True,0.8751976194293734,4.999750012499375e-05
meta_analysis,CICQ,mortality,HALLMARK FATTY ACID METABOLISM,107,107,0.011837257885413892,0.41257112836177146,-0.00636604666911703,0.004883710842494486,-1.303526534315738,0.0038574841107939135,0.03781699870384992,-0.2703422040435522,0.7801109944502775,False,True,0.8983838191268007,4.999750012499375e-05
meta_analysis,CICQ,mortality,HALLMARK G2M CHECKPOINT,142,142,0.011826903133574538,0.41257112836177146,-0.061620227938100965,0.004879438770844218,-12.62854824745341,0.00461595117972866,0.029881357062193845,-2.2166389223879066,0.029598520073996302,False,True,0.20718964051797412,4.999750012499375e-05
meta_analysis,CICQ,mortality,HALLMARK GLYCOLYSIS,139,139,0.015111684925204545,0.41257112836177146,0.033954535778827635,0.006234644901039211,5.446105803582812,0.005677694505201793,0.03642555677367519,0.7762912575178963,0.4286785660716964,False,True,0.8335416562505208,4.999750012499375e-05
meta_analysis,CICQ,mortality,HALLMARK HEDGEHOG SIGNALING,32,32,0.0030439121664737603,0.41257112836177146,-0.02919166754111184,0.0012558302771562037,-23.244914597230164,0.0010114640339997597,0.017913084791417268,-1.6860932623722569,0.08549572521373931,False,True,0.4189290535473226,4.999750012499375e-05
meta_analysis,CICQ,mortality,HALLMARK HEME METABOLISM,142,142,0.012986358885505388,0.41257112836177146,0.01636579288378808,0.005357796738703875,3.0545751699694366,0.005822054075583707,0.03180698481986586,0.3314913019236899,0.7316634168291586,False,True,0.8837226407910374,4.999750012499375e-05
meta_analysis,CICQ,mortality,HALLMARK HYPOXIA,142,142,0.019686198294824857,0.41257112836177146,0.08301963898599656,0.008121957043649472,10.221629902722682,0.007114142729870212,0.04506773356997149,1.6842536831428765,0.09334533273336333,False,True,0.4315020098051701,4.999750012499375e-05
meta_analysis,CICQ,mortality,HALLMARK IL2 STAT5 SIGNALING,148,148,0.015928966932321438,0.41257112836177146,0.047338778468239945,0.006571831860905201,7.203285091612116,0.006286437935667283,0.038527472560398596,1.0655342228384146,0.279886005699715,False,True,0.6997150142492875,4.999750012499375e-05
meta_analysis,CICQ,mortality,HALLMARK IL6 JAK STAT3 SIGNALING,57,57,0.006172409138982453,0.41257112836177146,0.00793297518673612,0.002546557803180501,3.115175778389283,0.003274667301655986,0.025804198120113926,0.18052519452054056,0.8496575171241438,False,True,0.9313909304534773,4.999750012499375e-05
meta_analysis,CICQ,mortality,HALLMARK INFLAMMATORY RESPONSE,146,146,0.016824620400152427,0.41257112836177146,0.10239562425333877,0.0069413526227493656,14.751537606337799,0.006179805792914811,0.042550289172125076,2.2612259595043,0.02534873256337183,False,True,0.19407623368831559,4.999750012499375e-05
meta_analysis,CICQ,mortality,HALLMARK INTERFERON ALPHA RESPONSE,66,66,0.0075576113858438765,0.41257112836177146,-0.0245275343221838,0.0031180522571773793,-7.8662999523899515,0.002858469585034907,0.027953678489646104,-0.9796923119568088,0.31138443077846106,False,True,0.7204026591123273,4.999750012499375e-05
meta_analysis,CICQ,mortality,HALLMARK INTERFERON GAMMA RESPONSE,134,134,0.015612047876850901,0.41257112836177146,-0.0076344643276509555,0.006441080208590375,-1.185277015719969,0.007588301763755587,0.038821476038173396,-0.39212229015810485,0.687365631718414,False,True,0.8800572471376431,4.999750012499375e-05
meta_analysis,CICQ,mortality,HALLMARK KRAS SIGNALING DN,110,110,0.01124771173504803,0.41257112836177146,-0.004902649764054945,0.004640481122016704,-1.0564960044324683,0.0038359180520362948,0.031939374255077646,-0.27359859170384354,0.7790610469476527,False,True,0.8983838191268007,4.999750012499375e-05
meta_analysis,CICQ,mortality,HALLMARK KRAS SIGNALING UP,155,155,0.018874463437225677,0.41257112836177146,0.11091664572542292,0.0077870586775191965,14.243715158540295,0.005940168916021525,0.04491903541704987,2.337015384118324,0.02104894755262237,False,True,0.1876781160941953,4.999750012499375e-05
meta_analysis,CICQ,mortality,HALLMARK MITOTIC SPINDLE,159,159,0.01207361325894233,0.41257112836177146,-0.020942454406058145,0.004981224245645482,-4.204278581588804,0.004135618190463217,0.028464229896657638,-0.8810381551712421,0.3671316434178291,False,True,0.7959933861713995,4.999750012499375e-05
meta_analysis,CICQ,mortality,HALLMARK MTORC1 SIGNALING,131,131,0.014921985833275175,0.41257112836177146,-0.021316981018530176,0.006156380532632707,-3.4625833971010573,0.005098845062442034,0.03737797820453211,-0.706721640652283,0.46782660866956655,False,True,0.8617858580755173,4.999750012499375e-05
meta_analysis,CICQ,mortality,HALLMARK MYC TARGETS,137,137,0.009908172165428735,0.41257112836177146,-0.030497866045550194,0.00408782577029363,-7.460657023882777,0.002991851781038839,0.02678197921241403,-1.2504571660284847,0.20118994050297484,False,True,0.6011162856491321,4.999750012499375e-05
meta_analysis,CICQ,mortality,HALLMARK MYOGENESIS,156,156,0.021097313366181467,0.41257112836177146,0.08419558003430376,0.00870414238088737,9.673047194078665,0.009119887094100377,0.04746558143179968,1.5816869966730513,0.11249437528123594,False,True,0.4662799646902901,4.999750012499375e-05
meta_analysis,CICQ,mortality,HALLMARK NOTCH SIGNALING,26,26,0.003433906316118424,0.41257112836177146,0.0009410751909185626,0.0014167306035295921,0.6642583908147403,0.001457488270934367,0.019799577046900524,-0.026082025832801566,0.9782510874456277,False,True,0.988470123818912,4.999750012499375e-05
meta_analysis,CICQ,mortality,HALLMARK OXIDATIVE PHOSPHORYLATION,103,103,0.007848980493900027,0.41257112836177146,0.019385895589677533,0.0032382627388578685,5.986511025512066,0.0031090873728375555,0.024178102436236117,0.6732045353751855,0.4815259237038148,False,True,0.8625683823722484,4.999750012499375e-05
meta_analysis,CICQ,mortality,HALLMARK P53 PATHWAY,141,141,0.016167211850572717,0.41257112836177146,0.06609156788093579,0.006670124835654589,9.908595342571235,0.006720625618245608,0.03801836230346727,1.5616386047558801,0.11569421528923554,False,True,0.4662799646902901,4.999750012499375e-05
meta_analysis,CICQ,mortality,HALLMARK PANCREAS BETA CELLS,19,19,0.0021431274675047583,0.41257112836177146,-0.01294627994605924,0.0008841925174915439,-14.64192434334082,0.0009394684526373648,0.014889109868342233,-0.9326110507264768,0.3076846157692115,False,False,,4.999750012499375e-05
meta_analysis,CICQ,mortality,HALLMARK PEROXISOME,78,78,0.007473686219614218,0.41257112836177146,-0.012200050032373878,0.0030834271566480597,-3.956652585766398,0.0028819232884785867,0.02604764739227852,-0.5790147990610206,0.5460726963651817,False,True,0.8800572471376431,4.999750012499375e-05
meta_analysis,CICQ,mortality,HALLMARK PI3K AKT MTOR SIGNALING,77,77,0.00753572285976886,0.41257112836177146,-0.0062852385351966,0.0031090216832764337,-2.0216129623685735,0.0022209283466649342,0.024117753121972407,-0.3526931733168799,0.7088145592720364,False,True,0.8800572471376431,4.999750012499375e-05
meta_analysis,CICQ,mortality,HALLMARK PROTEIN SECRETION,76,76,0.006086314343357376,0.41257112836177146,-0.010765585661512032,0.002511037576203387,-4.287305679347607,0.0021052810476100844,0.024372452158514177,-0.528090756950193,0.5704714764261787,False,True,0.8800572471376431,4.999750012499375e-05
meta_analysis,CICQ,mortality,HALLMARK REACTIVE OXYGEN SPECIES PATHWAY,28,28,0.002011187661546091,0.41257112836177146,-0.0062561404086279564,0.0008297579628713433,-7.539717229080683,0.0008812055192776764,0.009745061466869338,-0.7324064555334765,0.4526773661316934,False,True,0.8531227284789606,4.999750012499375e-05
meta_analysis,CICQ,mortality,HALLMARK SPERMATOGENESIS,74,74,0.006944162982624806,0.41257112836177146,-0.01708210497857254,0.0028649611572695607,-5.962421143207599,0.002951161364011334,0.023047084575013064,-0.8692321268393018,0.36278186090695463,False,True,0.7935853207339633,4.999750012499375e-05
meta_analysis,CICQ,mortality,HALLMARK TGF BETA SIGNALING,40,40,0.0038030510418912413,0.41257112836177146,0.009810071597002389,0.00156902905957048,6.252319889911972,0.0014355082331962514,0.01802282883820194,0.46466420110782297,0.6123693815309235,False,True,0.8800572471376431,4.999750012499375e-05
meta_analysis,CICQ,mortality,HALLMARK TNFA SIGNALING VIA NFKB,164,164,0.02051558885737916,0.41257112836177146,-0.01754152194681618,0.008464139643895105,-2.0724518598258572,0.008484831265618374,0.0488812688919485,-0.5324402128341945,0.5896205189740513,False,True,0.8800572471376431,4.999750012499375e-05
meta_analysis,CICQ,mortality,HALLMARK UNFOLDED PROTEIN RESPONSE,79,79,0.005677503185514547,0.41257112836177146,0.01360205998304923,0.0023423738955252885,5.806955076230007,0.002369190285120228,0.018972535511323916,0.5920594899519134,0.5325233738313084,False,True,0.8800572471376431,4.999750012499375e-05
meta_analysis,CICQ,mortality,HALLMARK UV RESPONSE DN,128,128,0.015899827602820805,0.41257112836177146,0.018584483551456796,0.00655980981485342,2.833082677088569,0.005762767436443839,0.04077578130001179,0.31444440072590957,0.7467626618669067,False,True,0.8837226407910374,4.999750012499375e-05
meta_analysis,CICQ,mortality,HALLMARK UV RESPONSE UP,104,104,0.010580882716733565,0.41257112836177146,0.02534566254033207,0.004365366721506333,5.806078654392221,0.0036064777867049727,0.030598462508165995,0.7104665715744845,0.46332683365831706,False,True,0.8617858580755173,4.999750012499375e-05
meta_analysis,CICQ,mortality,HALLMARK WNT BETA CATENIN SIGNALING,29,29,0.00313763120082529,0.41257112836177146,0.007200828422611321,0.0012944960449075898,5.562649998768723,0.0013764180092318082,0.017422580976543343,0.3343023872996274,0.7094145292735363,False,True,0.8800572471376431,4.999750012499375e-05
meta_analysis,CICQ,mortality,HALLMARK XENOBIOTIC METABOLISM,136,136,0.015389593936548849,0.41257112836177146,0.07349528957802642,0.0063493021354314345,11.575333479233214,0.00590808631497075,0.03778950999067454,1.7885175880749558,0.0712464376781161,False,True,0.37425788285053835,4.999750012499375e-05
meta_analysis,CICQ,mortality,Lysosomal Genes,138,138,0.012782859113620834,0.41257112836177146,0.08570561236661525,0.005273838608196101,16.251087440070634,0.0051413582207370185,0.03204150438611833,2.5143717715321103,0.015999200039998,False,True,0.15971316818774445,4.999750012499375e-05
meta_analysis,SSCQ,mortality,HALLMARK ADIPOGENESIS,142,142,0.014679018794358702,0.1667021114684148,-0.018163129848206876,0.00244702342730414,-7.422540236248169,0.0014635428529082208,0.028906676223777312,-0.6789667739444597,0.4856757162141893,False,True,0.8625683823722484,4.999750012499375e-05
meta_analysis,SSCQ,mortality,HALLMARK ALLOGRAFT REJECTION,133,133,0.0154325030256147,0.1667021114684148,0.02186485137349653,0.0025726308396126704,8.49902404838949,0.0010818769437262307,0.0326843409929762,0.6358694652658445,0.5179741012949353,False,True,0.8751976194293734,4.999750012499375e-05
meta_analysis,SSCQ,mortality,HALLMARK ANDROGEN RESPONSE,75,75,0.008342295296142502,0.1667021114684148,-0.0339929867619306,0.0013906782403599798,-24.443459152083552,0.00046279004580300606,0.024168492462623845,-1.4256485736964712,0.14994250287485625,False,True,0.49643125951810513,4.999750012499375e-05
meta_analysis,SSCQ,mortality,HALLMARK ANGIOGENESIS,28,28,0.00401204340451539,0.1667021114684148,-0.02696987503923599,0.0006688161068356429,-40.324798944867005,-0.00023716757021982585,0.017523912888627778,-1.5254987649684377,0.12179391030448478,False,True,0.46758208964551773,4.999750012499375e-05
meta_analysis,SSCQ,mortality,HALLMARK APICAL JUNCTION,152,152,0.015281702662324596,0.1667021114684148,0.0463451857423696,0.0025474921006420057,18.192474760055166,0.00113728280614404,0.03113406325714319,1.452039926907175,0.14419279036048196,False,True,0.4948416962713508,4.999750012499375e-05
meta_analysis,SSCQ,mortality,HALLMARK APICAL SURFACE,31,31,0.0028020018286050836,0.1667021114684148,0.001761282517075954,0.0004670996211668267,3.770678538929716,0.00016688886420424315,0.013897740102162924,0.11472323134202037,0.9022048897555123,False,True,0.9549790750805807,4.999750012499375e-05
meta_analysis,SSCQ,mortality,HALLMARK APOPTOSIS,123,123,0.014791509154509254,0.1667021114684148,-0.01177360308641421,0.0024657758078610796,-4.7748067966597265,-0.00021958846793282137,0.03212788650354962,-0.35962572941749077,0.7184140792960352,False,True,0.8800572471376431,4.999750012499375e-05
meta_analysis,SSCQ,mortality,HALLMARK BILE ACID METABOLISM,79,79,0.007285672013184496,0.1667021114684148,-0.011243989247230995,0.0012145369080641918,-9.257840723138171,6.159076699356578e-05,0.02096973521986186,-0.5391379478895985,0.5732713364331783,False,True,0.8800572471376431,4.999750012499375e-05
meta_analysis,SSCQ,mortality,HALLMARK CHOLESTEROL HOMEOSTASIS,58,58,0.007784072829361131,0.1667021114684148,-0.020046083934282644,0.0012976213764784182,-15.448330535895765,5.5786669970251454e-05,0.024836607770764293,-0.8093645794863839,0.4037298135093245,False,True,0.812576174469965,4.999750012499375e-05
meta_analysis,SSCQ,mortality,HALLMARK COAGULATION,77,77,0.009223427477767632,0.1667021114684148,0.056178243574881395,0.0015375648355196597,36.53715425658425,0.001416307474798159,0.023937005781579077,2.2877521357422967,0.024048797560121994,False,True,0.19006307749128673,4.999750012499375e-05
meta_analysis,SSCQ,mortality,HALLMARK COMPLEMENT,127,127,0.016272084777270233,0.1667021114684148,0.038078252016948345,0.0027125908903639978,14.037594888420012,0.00045133010329214345,0.03296543711800759,1.1414052171964753,0.2509374531273436,False,True,0.6540391065553105,4.999750012499375e-05
meta_analysis,SSCQ,mortality,HALLMARK DNA REPAIR,93,93,0.007498722317737878,0.1667021114684148,-0.009815458271729008,0.0012500528436822295,-7.8520346730431125,0.0020978639781812133,0.01774852983864264,-0.6712286796832136,0.48937553122343885,False,True,0.8625683823722484,4.999750012499375e-05
meta_analysis,SSCQ,mortality,HALLMARK E2F TARGETS,136,136,0.01089262971830008,0.1667021114684148,0.050716484378715274,0.0018158243734842277,27.930280658916267,0.0027934390636075923,0.0218522966687996,2.1930438727537287,0.03204839758012099,False,True,0.21810715019804564,4.999750012499375e-05
meta_analysis,SSCQ,mortality,HALLMARK EPITHELIAL MESENCHYMAL TRANSITION,153,153,0.020399670512158068,0.1667021114684148,-0.11829423532170741,0.0034006681476367083,-34.785586298361956,9.655752547078437e-05,0.038412283517697085,-3.0821076490449695,0.0027498625068746564,False,True,0.08421453927303635,4.999750012499375e-05
meta_analysis,SSCQ,mortality,HALLMARK ESTROGEN RESPONSE EARLY,150,150,0.016750625433404984,0.1667021114684148,0.022572779734682406,0.0027923646281651413,8.083750777746726,0.0012221098862951493,0.033317969338365234,0.640815460016713,0.5177241137943103,False,True,0.8751976194293734,4.999750012499375e-05
meta_analysis,SSCQ,mortality,HALLMARK ESTROGEN RESPONSE LATE,150,150,0.015379008711027748,0.1667021114684148,0.021821984390178878,0.00256371322441947,8.511866375038991,0.0008814990338740323,0.03108298117736319,0.6736961695152709,0.487925603719814,False,True,0.8625683823722484,4.999750012499375e-05
meta_analysis,SSCQ,mortality,HALLMARK FATTY ACID METABOLISM,107,107,0.011837257885413892,0.1667021114684148,-0.004773748289699171,0.0019732958834946385,-2.419175111866665,-0.001118337642873824,0.03093738921251287,-0.11815511068874834,0.9045547722613869,False,True,0.9549790750805807,4.999750012499375e-05
meta_analysis,SSCQ,mortality,HALLMARK G2M CHECKPOINT,142,142,0.011826903133574538,0.1667021114684148,-0.0577048679020553,0.001971569724499287,-29.26848956189486,0.0019795161710528153,0.02456764133710631,-2.4293900767332683,0.01574921253937303,False,True,0.15971316818774445,4.999750012499375e-05
meta_analysis,SSCQ,mortality,HALLMARK GLYCOLYSIS,139,139,0.015111684925204545,0.1667021114684148,0.00967289818262784,0.0025191497848770115,3.839747140363106,0.0015603142690198198,0.029967707710772156,0.2707108595660748,0.7847107644617769,False,True,0.8983838191268007,4.999750012499375e-05
meta_analysis,SSCQ,mortality,HALLMARK HEDGEHOG SIGNALING,32,32,0.0030439121664737603,0.1667021114684148,-0.03065127952367218,0.0005074265852755727,-60.405348109670115,0.00010430518904528077,0.014825134794488664,-2.074556834663725,0.0431978401079946,False,True,0.2738837417103504,4.999750012499375e-05
meta_analysis,SSCQ,mortality,HALLMARK HEME METABOLISM,142,142,0.012986358885505388,0.1667021114684148,-0.00557552270064292,0.002164853446500358,-2.575473508221148,0.0036245465734604807,0.026054891009382956,-0.3531033490330183,0.7147142642867856,False,True,0.8800572471376431,4.999750012499375e-05
meta_analysis,SSCQ,mortality,HALLMARK HYPOXIA,142,142,0.019686198294824857,0.1667021114684148,0.030452333037124035,0.0032817308225332104,9.279351258192921,-0.00021926963077630512,0.03689639510048265,0.8312899562239108,0.39958002099895007,False,True,0.812576174469965,4.999750012499375e-05
meta_analysis,SSCQ,mortality,HALLMARK IL2 STAT5 SIGNALING,148,148,0.015928966932321438,0.1667021114684148,0.015197369412688337,0.0026553924211285417,5.72321035932966,0.0012577785785366973,0.031909050110663896,0.4368538325587159,0.6545172741362932,False,True,0.8800572471376431,4.999750012499375e-05
meta_analysis,SSCQ,mortality,HALLMARK IL6 JAK STAT3 SIGNALING,57,57,0.006172409138982453,0.1667021114684148,-0.015351700726105387,0.001028953636315315,-14.919720562998208,0.0011741240928708823,0.021124854893337305,-0.7822929389298882,0.4153792310384481,False,True,0.8207089645517724,4.999750012499375e-05
meta_analysis,SSCQ,mortality,HALLMARK INFLAMMATORY RESPONSE,146,146,0.016824620400152427,0.1667021114684148,0.04044336812527323,0.0028046997453599755,14.419856596835977,-0.00025570492680242863,0.03496650639417467,1.1639445071600294,0.24138793060346983,False,True,0.6540391065553105,4.999750012499375e-05
meta_analysis,SSCQ,mortality,HALLMARK INTERFERON ALPHA RESPONSE,66,66,0.0075576113858438765,0.1667021114684148,-0.037827222276766236,0.0012598697756779067,-30.024708114306723,0.0007188268691000714,0.022813147413475527,-1.6896418739265013,0.09194540272986351,False,True,0.4315020098051701,4.999750012499375e-05
meta_analysis,SSCQ,mortality,HALLMARK INTERFERON GAMMA RESPONSE,134,134,0.015612047876850901,0.1667021114684148,-0.04395647424013625,0.0026025613454170276,-16.88969765017884,0.0026621993903757587,0.031934797780748654,-1.459808011015973,0.14189290535473226,False,True,0.4948416962713508,4.999750012499375e-05
meta_analysis,SSCQ,mortality,HALLMARK KRAS SIGNALING DN,110,110,0.01124771173504803,0.1667021114684148,-0.008968482761719071,0.001875017295420574,-4.783146685432256,0.0008829198349014481,0.02635757096166993,-0.3737598813997982,0.6971151442427879,False,True,0.8800572471376431,4.999750012499375e-05
meta_analysis,SSCQ,mortality,HALLMARK KRAS SIGNALING UP,155,155,0.018874463437225677,0.1667021114684148,0.04425934553188968,0.003146412907818914,14.066604361399644,-0.00029033803494771915,0.036382092389797026,1.2244948171076298,0.22108894555272238,False,True,0.6372563724754939,4.999750012499375e-05
meta_analysis,SSCQ,mortality,HALLMARK MITOTIC SPINDLE,159,159,0.01207361325894233,0.1667021114684148,-0.006075947562664255,0.0020126968233187353,-3.018809138201762,0.0022631093982051977,0.02376295599040379,-0.3509267518837732,0.7145142742862857,False,True,0.8800572471376431,4.999750012499375e-05
meta_analysis,SSCQ,mortality,HALLMARK MTORC1 SIGNALING,131,131,0.014921985833275175,0.1667021114684148,-0.058090906489761535,0.0024875265457087446,-23.352879023532314,0.00093324837079064,0.031013638174952653,-1.903167713751864,0.05984700764961752,False,True,0.33323901986718846,4.999750012499375e-05
meta_analysis,SSCQ,mortality,HALLMARK MYC TARGETS,137,137,0.009908172165428735,0.1667021114684148,-0.034876393765299205,0.0016517132207695456,-21.115284013437897,0.0013776860523563347,0.022223554862751797,-1.6313357625075486,0.10209489525523724,False,True,0.44666516674166296,4.999750012499375e-05
meta_analysis,SSCQ,mortality,HALLMARK MYOGENESIS,156,156,0.021097313366181467,0.1667021114684148,0.018562407573206083,0.00351696668445326,5.277959457296296,0.0022361355779847657,0.03879998724733196,0.42078034436323114,0.6697165141742912,False,True,0.8800572471376431,4.999750012499375e-05
meta_analysis,SSCQ,mortality,HALLMARK NOTCH SIGNALING,26,26,0.003433906316118424,0.1667021114684148,0.0033839078667250405,0.0005724394334816671,5.911381482130918,0.0003904740968907868,0.01611934255699455,0.18570445781210443,0.8458577071146443,False,True,0.9313909304534773,4.999750012499375e-05
meta_analysis,SSCQ,mortality,HALLMARK OXIDATIVE PHOSPHORYLATION,103,103,0.007848980493900027,0.1667021114684148,0.009033073927406534,0.0013084416212075357,6.903688923522689,0.0016945048980969,0.02005548713094707,0.3659132775680971,0.7044147792610369,False,True,0.8800572471376431,4.999750012499375e-05
meta_analysis,SSCQ,mortality,HALLMARK P53 PATHWAY,141,141,0.016167211850572717,0.1667021114684148,0.04821722659511497,0.0026951083520476496,17.89064493770026,0.0021232681606881756,0.03152640930532209,1.462074478194556,0.14119294035298235,False,True,0.4948416962713508,4.999750012499375e-05
meta_analysis,SSCQ,mortality,HALLMARK PANCREAS BETA CELLS,19,19,0.0021431274675047583,0.1667021114684148,-0.012865709645594347,0.0003572638739789997,-36.01178451743096,0.00030964580520384137,0.012123667510261733,-1.086746682853706,0.2488875556222189,False,False,,4.999750012499375e-05
meta_analysis,SSCQ,mortality,HALLMARK PEROXISOME,78,78,0.007473686219614218,0.1667021114684148,0.0010807996703947507,0.001245879273262085,0.8674995190865432,0.0007981638004067454,0.021499099605511735,0.013146404973887641,0.9887005649717514,False,True,0.9907004649767511,4.999750012499375e-05
meta_analysis,SSCQ,mortality,HALLMARK PI3K AKT MTOR SIGNALING,77,77,0.00753572285976886,0.1667021114684148,0.0025436874194658186,0.00125622091216427,2.024872691446799,0.000989991497242262,0.020007351069994694,0.07765625328350718,0.9369531523423829,False,True,0.9687870036877904,4.999750012499375e-05
meta_analysis,SSCQ,mortality,HALLMARK PROTEIN SECRETION,76,76,0.006086314343357376,0.1667021114684148,-0.007532659858297976,0.001014601452098173,-7.424254955204927,0.00018393530234912036,0.019849545680143247,-0.38875424581462803,0.6824658767061647,False,True,0.8800572471376431,4.999750012499375e-05
meta_analysis,SSCQ,mortality,HALLMARK REACTIVE OXYGEN SPECIES PATHWAY,28,28,0.002011187661546091,0.1667021114684148,-0.006888787998307172,0.000335269229738957,-20.54703321169924,0.0007326066151572317,0.008313118445685358,-0.9167912935752803,0.3471326433678316,False,True,0.7792837630845731,4.999750012499375e-05
meta_analysis,SSCQ,mortality,HALLMARK SPERMATOGENESIS,74,74,0.006944162982624806,0.1667021114684148,-0.017376574944027907,0.0011576066315843602,-15.010776951273535,0.001467236812913142,0.019101518325046852,-0.9865085820027257,0.30758462076896154,False,True,0.7204026591123273,4.999750012499375e-05
meta_analysis,SSCQ,mortality,HALLMARK TGF BETA SIGNALING,40,40,0.0038030510418912413,0.1667021114684148,-0.003200719087055836,0.0006339766387054248,-5.048638848257372,0.0006682214293079608,0.014898145346685054,-0.25969276217490145,0.7847107644617769,False,True,0.8983838191268007,4.999750012499375e-05
meta_analysis,SSCQ,mortality,HALLMARK TNFA SIGNALING VIA NFKB,164,164,0.02051558885737916,0.1667021114684148,-0.022246131867789648,0.003419991980542989,-6.504732173160725,-0.00035886878078902445,0.03962254711782426,-0.552394146239897,0.5778211089445527,False,True,0.8800572471376431,4.999750012499375e-05
meta_analysis,SSCQ,mortality,HALLMARK UNFOLDED PROTEIN RESPONSE,79,79,0.005677503185514547,0.1667021114684148,0.020679361080047476,0.000946451768893926,21.849355413234083,0.0016459689496250889,0.016284076427692366,1.1688346106049092,0.2287385630718464,False,True,0.6483727537761043,4.999750012499375e-05
meta_analysis,SSCQ,mortality,HALLMARK UV RESPONSE DN,128,128,0.015899827602820805,0.1667021114684148,-0.028919275687095687,0.002650534833374012,-10.910732174865533,0.00039885264761548673,0.03365416349861845,-0.8711590272007421,0.37963101844907754,False,True,0.8018068924139999,4.999750012499375e-05
meta_analysis,SSCQ,mortality,HALLMARK UV RESPONSE UP,104,104,0.010580882716733565,0.1667021114684148,0.013061614292545234,0.0017638554900791421,7.405149892386691,0.0013760364515211965,0.02556593543321552,0.45707609140880556,0.63966801659917,False,True,0.8800572471376431,4.999750012499375e-05
meta_analysis,SSCQ,mortality,HALLMARK WNT BETA CATENIN SIGNALING,29,29,0.00313763120082529,0.1667021114684148,0.005923302599097667,0.0005230497461867537,11.324549227451046,0.0005248104547498275,0.014072976544406519,0.3836069879966892,0.6767161641917904,False,True,0.8800572471376431,4.999750012499375e-05
meta_analysis,SSCQ,mortality,HALLMARK XENOBIOTIC METABOLISM,136,136,0.015389593936548849,0.1667021114684148,0.026394271692831334,0.0025654778038642066,10.2882479252307,0.0013308446077629518,0.03114201767238593,0.804810637150607,0.4098295085245738,False,True,0.8163270698253706,4.999750012499375e-05
meta_analysis,SSCQ,mortality,Lysosomal Genes,138,138,0.012782859113620834,0.1667021114684148,0.05554693821346265,0.0021309296048438622,26.06699821861675,0.002211307116406611,0.02661276271615913,2.004137325609976,0.046747662616869155,False,True,0.2863294335283236,4.999750012499375e-05
meta_analysis,RS,mortality,HALLMARK ADIPOGENESIS,142,142,0.014679018794358702,1.1827251611596976,0.040949464674200735,0.017361244869224128,2.358670992930403,0.01628433334196694,0.03662462400520512,0.6734575986016502,0.4938753062346883,False,True,0.8642817859107045,4.999750012499375e-05
meta_analysis,RS,mortality,HALLMARK ALLOGRAFT REJECTION,133,133,0.0154325030256147,1.1827251611596976,0.019151293459111596,0.018252409628067668,1.049247406197901,0.02113623840532533,0.0416538141762695,-0.04765337785908146,0.9615019249037549,False,True,0.988470123818912,4.999750012499375e-05
meta_analysis,RS,mortality,HALLMARK ANDROGEN RESPONSE,75,75,0.008342295296142502,1.1827251611596976,-0.03214812318689862,0.00986664254857193,-3.258263692906525,0.01306615056970491,0.031029877828657286,-1.4571205857229128,0.14134293285335733,False,True,0.4948416962713508,4.999750012499375e-05
meta_analysis,RS,mortality,HALLMARK ANGIOGENESIS,28,28,0.00401204340451539,1.1827251611596976,0.03650963410942877,0.004745144682185167,7.694103458319815,0.007087832060799033,0.022704826599642496,1.2958390992113107,0.18299085045747712,False,True,0.5604094795260237,4.999750012499375e-05
meta_analysis,RS,mortality,HALLMARK APICAL JUNCTION,152,152,0.015281702662324596,1.1827251611596976,0.05251642988442038,0.018074054244092436,2.905625333153216,0.020217249047480366,0.039362911998096585,0.8205485620195442,0.4046297685115744,False,True,0.812576174469965,4.999750012499375e-05
meta_analysis,RS,mortality,HALLMARK APICAL SURFACE,31,31,0.0028020018286050836,1.1827251611596976,-0.0020947658698544933,0.0033139980643067148,-0.6320962864813008,0.00410002015128233,0.017945935078033062,-0.3451915987771306,0.7049147542622869,False,True,0.8800572471376431,4.999750012499375e-05
meta_analysis,RS,mortality,HALLMARK APOPTOSIS,123,123,0.014791509154509254,1.1827251611596976,0.06276196081565881,0.0174942900485621,3.5875683232322633,0.021468379407712634,0.04083876893603877,1.011136782125331,0.3083845807709614,False,True,0.7204026591123273,4.999750012499375e-05
meta_analysis,RS,mortality,HALLMARK BILE ACID METABOLISM,79,79,0.007285672013184496,1.1827251611596976,0.003990522444724113,0.008616947605950331,0.4631016256810596,0.008621130579806024,0.02660889222308151,-0.1740248371206207,0.8515574221288935,False,True,0.9313909304534773,4.999750012499375e-05
meta_analysis,RS,mortality,HALLMARK CHOLESTEROL HOMEOSTASIS,58,58,0.007784072829361131,1.1827251611596976,0.024951805379440747,0.009206418791584967,2.710261823223563,0.013365780053974003,0.03145971242936268,0.3682813487720573,0.7021648917554122,False,True,0.8800572471376431,4.999750012499375e-05
meta_analysis,RS,mortality,HALLMARK COAGULATION,77,77,0.009223427477767632,1.1827251611596976,0.04677840220944987,0.010908779750087506,4.288142512830056,0.011775072791873651,0.030822258032986258,1.1356510408846536,0.24848757562121893,False,True,0.6540391065553105,4.999750012499375e-05
meta_analysis,RS,mortality,HALLMARK COMPLEMENT,127,127,0.016272084777270233,1.1827251611596976,-0.0009945618452366102,0.0192454040906012,-0.05167788842232314,0.023437311437708077,0.042486193849945744,-0.5750544134227239,0.559822008899555,False,True,0.8800572471376431,4.999750012499375e-05
meta_analysis,RS,mortality,HALLMARK DNA REPAIR,93,93,0.007498722317737878,1.1827251611596976,-0.007179114787078262,0.008868927561738352,-0.8094681952358985,0.005466602964776224,0.021968854255408798,-0.5756202669850692,0.5551222438878056,False,True,0.8800572471376431,4.999750012499375e-05
meta_analysis,RS,mortality,HALLMARK E2F TARGETS,136,136,0.01089262971830008,1.1827251611596976,0.08689673187861408,0.012882987239029373,6.745076298403679,0.009057009670917446,0.027594848906326817,2.8208062480041303,0.006349682515874206,False,True,0.12963935136576504,4.999750012499375e-05
meta_analysis,RS,mortality,HALLMARK EPITHELIAL MESENCHYMAL TRANSITION,153,153,0.020399670512158068,1.1827251611596976,0.09096697340131706,0.024127203594096883,3.77030736473636,0.032546215078439966,0.04979488689549014,1.1732280554324983,0.23888805559722015,False,True,0.6540391065553105,4.999750012499375e-05
meta_analysis,RS,mortality,HALLMARK ESTROGEN RESPONSE EARLY,150,150,0.016750625433404984,1.1827251611596976,0.04826143107563417,0.01981138616524964,2.4360451445991003,0.023896571290825952,0.04312891429463054,0.5649309792118183,0.575621218939053,False,True,0.8800572471376431,4.999750012499375e-05
meta_analysis,RS,mortality,HALLMARK ESTROGEN RESPONSE LATE,150,150,0.015379008711027748,1.1827251611596976,-0.010361547817049491,0.018189140556226686,-0.5696557121552631,0.01952133203132519,0.0392646215264309,-0.7610637435600668,0.4417279136043198,False,True,0.8498606077448067,4.999750012499375e-05
meta_analysis,RS,mortality,HALLMARK FATTY ACID METABOLISM,107,107,0.011837257885413892,1.1827251611596976,0.005553400154805351,0.014000222740215047,0.39666512868066334,0.02139524636933545,0.040064365675269394,-0.3954098847572377,0.6872656367181641,False,True,0.8800572471376431,4.999750012499375e-05
meta_analysis,RS,mortality,HALLMARK G2M CHECKPOINT,142,142,0.011826903133574538,1.1827251611596976,-0.0291426510464852,0.013987975914677079,-2.083407293824896,0.012338520680066977,0.031121424547267885,-1.332881522295025,0.1791410429478526,False,True,0.5555639939522011,4.999750012499375e-05
meta_analysis,RS,mortality,HALLMARK GLYCOLYSIS,139,139,0.015111684925204545,1.1827251611596976,0.0023488456511458096,0.017872969988557117,0.13141887736898905,0.018072731720440584,0.03831829110180885,-0.41034935580810683,0.6746162691865407,False,True,0.8800572471376431,4.999750012499375e-05
meta_analysis,RS,mortality,HALLMARK HEDGEHOG SIGNALING,32,32,0.0030439121664737603,1.1827251611596976,-0.015229705153985232,0.0036001115076486423,-4.230342621785146,0.004994277414344843,0.018829039898707767,-1.0740846414435632,0.2567371631418429,False,True,0.6621116312605423,4.999750012499375e-05
meta_analysis,RS,mortality,HALLMARK HEME METABOLISM,142,142,0.012986358885505388,1.1827251611596976,-0.0007391517844924471,0.01535929340573703,-0.048124074784348984,0.013761849642082142,0.03341488027441965,-0.43396837898221213,0.6586170691465427,False,True,0.8800572471376431,4.999750012499375e-05
meta_analysis,RS,mortality,HALLMARK HYPOXIA,142,142,0.019686198294824857,1.1827251611596976,0.18151896998563266,0.023283362050868495,7.796080720175109,0.029290622466118413,0.047547146344726975,3.2016295240060506,0.0026498675066246686,False,True,0.08421453927303635,4.999750012499375e-05
meta_analysis,RS,mortality,HALLMARK IL2 STAT5 SIGNALING,148,148,0.015928966932321438,1.1827251611596976,0.033405149227289814,0.01883958998213737,1.7731356817724102,0.022121860106710807,0.041152178568900556,0.2741844906628101,0.7748112594370281,False,True,0.8983838191268007,4.999750012499375e-05
meta_analysis,RS,mortality,HALLMARK IL6 JAK STAT3 SIGNALING,57,57,0.006172409138982453,1.1827251611596976,0.0032192997317164853,0.007300263593646612,0.4409840398801802,0.009442487180762495,0.02730081188670727,-0.22794880514436536,0.8148092595370231,False,True,0.915894572243865,4.999750012499375e-05
meta_analysis,RS,mortality,HALLMARK INFLAMMATORY RESPONSE,146,146,0.016824620400152427,1.1827251611596976,0.04518077849545499,0.019898901874221015,2.2705161712459416,0.026439106003098702,0.04570869505370613,0.41002422997058807,0.6829658517074146,False,True,0.8800572471376431,4.999750012499375e-05
meta_analysis,RS,mortality,HALLMARK INTERFERON ALPHA RESPONSE,66,66,0.0075576113858438765,1.1827251611596976,-0.0661238226092917,0.008938577144304564,-7.397578109109248,0.010780563510022122,0.028979833274769863,-2.6537207923231074,0.009349532523373831,False,True,0.1367848274252954,4.999750012499375e-05
meta_analysis,RS,mortality,HALLMARK INTERFERON GAMMA RESPONSE,134,134,0.015612047876850901,1.1827251611596976,0.08593712792128518,0.0184647618411814,4.654115155150401,0.021244580091250468,0.04094272996050847,1.5800741155373434,0.11294435278236088,False,True,0.4662799646902901,4.999750012499375e-05
meta_analysis,RS,mortality,HALLMARK KRAS SIGNALING DN,110,110,0.01124771173504803,1.1827251611596976,0.018463273614905906,0.013302951674512504,1.3879080422640493,0.014849660507435093,0.033899325871902974,0.10659837664990002,0.9138043097845108,False,True,0.9567609226376288,4.999750012499375e-05
meta_analysis,RS,mortality,HALLMARK KRAS SIGNALING UP,155,155,0.018874463437225677,1.1827251611596976,0.1268684385354269,0.02232330281059556,5.683228848878487,0.029891702477412838,0.04676014272555456,2.07391873517563,0.039648017599120046,False,True,0.2625341705887679,4.999750012499375e-05
meta_analysis,RS,mortality,HALLMARK MITOTIC SPINDLE,159,159,0.01207361325894233,1.1827251611596976,-0.0021286620765823463,0.014279766187462429,-0.1490684125102344,0.01132098560804706,0.030080166756802675,-0.4471267660638134,0.6492675366231688,False,True,0.8800572471376431,4.999750012499375e-05
meta_analysis,RS,mortality,HALLMARK MTORC1 SIGNALING,131,131,0.014921985833275175,1.1827251611596976,0.08297615032532671,0.017648608099483105,4.701569090185471,0.020625920231412118,0.039471837037469294,1.579613080453479,0.1127943602819859,False,True,0.4662799646902901,4.999750012499375e-05
meta_analysis,RS,mortality,HALLMARK MYC TARGETS,137,137,0.009908172165428735,1.1827251611596976,-0.06820275437200049,0.01171864452115473,-5.820020758277932,0.009900575997597,0.028079949846972128,-2.78146260214989,0.007049647517624119,False,True,0.13066013365998366,4.999750012499375e-05
meta_analysis,RS,mortality,HALLMARK MYOGENESIS,156,156,0.021097313366181467,1.1827251611596976,0.16835009812267782,0.02495232335105362,6.746870652250071,0.03322757613419933,0.05046681297290304,2.6774530434689687,0.007549622518874056,False,True,0.13066013365998366,4.999750012499375e-05
meta_analysis,RS,mortality,HALLMARK NOTCH SIGNALING,26,26,0.003433906316118424,1.1827251611596976,-0.005261490293907061,0.004061367401138467,-1.2954972486439371,0.005651181630755875,0.02087958272190426,-0.5226479891868107,0.568471576421179,False,True,0.8800572471376431,4.999750012499375e-05
meta_analysis,RS,mortality,HALLMARK OXIDATIVE PHOSPHORYLATION,103,103,0.007848980493900027,1.1827251611596976,0.0012798448445660656,0.009283186719587232,0.13786697211051815,0.0077715888448664314,0.025117962572766155,-0.2584502616999263,0.7890105494725264,False,True,0.8991050447477625,4.999750012499375e-05
meta_analysis,RS,mortality,HALLMARK P53 PATHWAY,141,141,0.016167211850572717,1.1827251611596976,0.18834664005714885,0.01912136824147159,9.850060815661255,0.020036974064126082,0.04018873713995773,4.187980961105657,0.00014999250037498125,False,True,0.018374081295935204,4.999750012499375e-05
meta_analysis,RS,mortality,HALLMARK PANCREAS BETA CELLS,19,19,0.0021431274675047583,1.1827251611596976,-0.00906869720976937,0.00253473077939034,-3.5777753138542776,0.0032270955550977006,0.015569595794463834,-0.7897310198148596,0.384030798460077,False,False,,4.999750012499375e-05
meta_analysis,RS,mortality,HALLMARK PEROXISOME,78,78,0.007473686219614218,1.1827251611596976,0.04235543407165951,0.008839316738550236,4.79170905675752,0.008838205504560881,0.027098195717335412,1.2368804519946985,0.2064396780160992,False,True,0.6093701339029434,4.999750012499375e-05
meta_analysis,RS,mortality,HALLMARK PI3K AKT MTOR SIGNALING,77,77,0.00753572285976886,1.1827251611596976,0.06769258377123138,0.008912689033774943,7.595079724503795,0.00796156003022441,0.025233104141338735,2.3671690730729873,0.021448927553622318,False,True,0.1876781160941953,4.999750012499375e-05
meta_analysis,RS,mortality,HALLMARK PROTEIN SECRETION,76,76,0.006086314343357376,1.1827251611596976,0.012450944274096395,0.007198437112615932,1.7296732720321966,0.00910770001806835,0.025474212521889944,0.1312403377790462,0.8927053647317634,False,True,0.9549790750805807,4.999750012499375e-05
meta_analysis,RS,mortality,HALLMARK REACTIVE OXYGEN SPECIES PATHWAY,28,28,0.002011187661546091,1.1827251611596976,-0.00593147599189093,0.002378682251124496,-2.4935974483716308,0.0006868320395690183,0.010210547151860367,-0.6481834844917287,0.47992600369981503,False,True,0.8625683823722484,4.999750012499375e-05
meta_analysis,RS,mortality,HALLMARK SPERMATOGENESIS,74,74,0.006944162982624806,1.1827251611596976,0.00017254137804889347,0.00821303628274413,0.021008232778833427,0.00787907586054409,0.02425645762781277,-0.3177106319786276,0.7415629218539073,False,True,0.8837226407910374,4.999750012499375e-05
meta_analysis,RS,mortality,HALLMARK TGF BETA SIGNALING,40,40,0.0038030510418912413,1.1827251611596976,0.022887477612082943,0.004497964156419374,5.0884081811587025,0.004561231834186849,0.019002585231414574,0.9644080294716756,0.311684415779211,False,True,0.7204026591123273,4.999750012499375e-05
meta_analysis,RS,mortality,HALLMARK TNFA SIGNALING VIA NFKB,164,164,0.02051558885737916,1.1827251611596976,0.0800938241681893,0.024264303137629863,3.3008911780358208,0.03520287484951468,0.05109291564108796,0.8786139674239722,0.37413129343532825,False,True,0.7970623207970037,4.999750012499375e-05
meta_analysis,RS,mortality,HALLMARK UNFOLDED PROTEIN RESPONSE,79,79,0.005677503185514547,1.1827251611596976,0.04025972448283816,0.006714925870072389,5.995557547741647,0.004855022331119526,0.02041231510995813,1.7344775426500487,0.08204589770511475,False,True,0.4102294885255738,4.999750012499375e-05
meta_analysis,RS,mortality,HALLMARK UV RESPONSE DN,128,128,0.015899827602820805,1.1827251611596976,0.004750416264616858,0.018805126163957644,0.2526128366913922,0.0235828942679509,0.042943404000537026,-0.4385418073308425,0.655367231638418,False,True,0.8800572471376431,4.999750012499375e-05
meta_analysis,RS,mortality,HALLMARK UV RESPONSE UP,104,104,0.010580882716733565,1.1827251611596976,0.01015630624977183,0.012514276216360564,0.8115775993895646,0.012766313254279392,0.03236259846675112,-0.0806488702441198,0.9363031848407579,False,True,0.9687870036877904,4.999750012499375e-05
meta_analysis,RS,mortality,HALLMARK WNT BETA CATENIN SIGNALING,29,29,0.00313763120082529,1.1827251611596976,0.02845444006676641,0.0037109553676557866,7.667685878081875,0.004219280899851135,0.01837177612118756,1.3191516708591755,0.17164141792910353,False,True,0.5391300947773124,4.999750012499375e-05
meta_analysis,RS,mortality,HALLMARK XENOBIOTIC METABOLISM,136,136,0.015389593936548849,1.1827251611596976,-0.039332724766913234,0.018201659968787042,-2.1609416302888094,0.019721790738962647,0.039915077494265795,-1.4795039672504622,0.13394330283485825,False,True,0.4897926745453772,4.999750012499375e-05
meta_analysis,RS,mortality,Lysosomal Genes,138,138,0.012782859113620834,1.1827251611596976,0.015685888375269567,0.01511860910523891,1.0375219218965113,0.014242255999149824,0.03344838137587771,0.0431600070537602,0.9656017199140043,False,True,0.988470123818912,4.999750012499375e-05
meta_analysis,SIPS,mortality,HALLMARK ADIPOGENESIS,142,142,0.014679018794358702,0.7632880330800844,0.03688998328101814,0.011204319383091646,3.2924787325045854,0.0102929881607509,0.02463405783175301,1.0796838792017458,0.27478626068696566,False,True,0.6940477718382122,4.999750012499375e-05
meta_analysis,SIPS,mortality,HALLMARK ALLOGRAFT REJECTION,133,133,0.0154325030256147,0.7632880330800844,0.021700780883618168,0.011779444879923896,1.8422583665723957,0.01159029586451294,0.027975620893284484,0.3614034182716651,0.7124643767811609,False,True,0.8800572471376431,4.999750012499375e-05
meta_analysis,SIPS,mortality,HALLMARK ANDROGEN RESPONSE,75,75,0.008342295296142502,0.7632880330800844,-0.04050089862575287,0.006367574167965851,-6.360491068876085,0.007110596473471008,0.020406339012329102,-2.3331718183481103,0.023448827558622067,False,True,0.19006307749128673,4.999750012499375e-05
meta_analysis,SIPS,mortality,HALLMARK ANGIOGENESIS,28,28,0.00401204340451539,0.7632880330800844,0.02437085079222436,0.0030623447188644773,7.958232344679051,0.0033302715463255266,0.014793565114333962,1.4222791520018347,0.14744262786860657,False,True,0.4948416962713508,4.999750012499375e-05
meta_analysis,SIPS,mortality,HALLMARK APICAL JUNCTION,152,152,0.015281702662324596,0.7632880330800844,0.038146178073932197,0.01166434076724043,3.270324387389866,0.011422473757290302,0.026608289894942436,1.004337536239839,0.3047347632618369,False,True,0.7204026591123273,4.999750012499375e-05
meta_analysis,SIPS,mortality,HALLMARK APICAL SURFACE,31,31,0.0028020018286050836,0.7632880330800844,-0.005639222066389225,0.002138734464442774,-2.636709774001079,0.002413231770950602,0.011864919099470652,-0.6786775172954262,0.44747762611869407,False,True,0.8498606077448067,4.999750012499375e-05
meta_analysis,SIPS,mortality,HALLMARK APOPTOSIS,123,123,0.014791509154509254,0.7632880330800844,0.014666831627080256,0.011290181928831432,1.2990784133979245,0.010884987303253468,0.0270016507872326,0.14005974499955337,0.8859557022148893,False,True,0.9549790750805807,4.999750012499375e-05
meta_analysis,SIPS,mortality,HALLMARK BILE ACID METABOLISM,79,79,0.007285672013184496,0.7632880330800844,-0.00010976182736071775,0.005561066260610213,-0.019737550717238466,0.004860655933033672,0.018077316021576827,-0.27495330360224773,0.768161591920404,False,True,0.8983838191268007,4.999750012499375e-05
meta_analysis,SIPS,mortality,HALLMARK CHOLESTEROL HOMEOSTASIS,58,58,0.007784072829361131,0.7632880330800844,-0.005341145998946342,0.005941489639275185,-0.8989573866526037,0.007654281515963136,0.02125893617148244,-0.6112924659109729,0.5167741612919354,False,True,0.8751976194293734,4.999750012499375e-05
meta_analysis,SIPS,mortality,HALLMARK COAGULATION,77,77,0.009223427477767632,0.7632880330800844,0.06307634004393872,0.00704013181776206,8.95953963316409,0.007681126019554961,0.020743317737946583,2.670508870577009,0.009849507524623768,False,True,0.1367848274252954,4.999750012499375e-05
meta_analysis,SIPS,mortality,HALLMARK COMPLEMENT,127,127,0.016272084777270233,0.7632880330800844,0.05207965494730192,0.01242028758375498,4.193111841904458,0.012504991187808335,0.028196034434944818,1.4035542427358736,0.1575921203939803,False,True,0.5114517001422656,4.999750012499375e-05
meta_analysis,SIPS,mortality,HALLMARK DNA REPAIR,93,93,0.007498722317737878,0.7632880330800844,-0.0019884904936262656,0.005723685008519877,-0.34741438263397406,0.004619940861062798,0.015126318617597324,-0.436882993261896,0.6522173891305435,False,True,0.8800572471376431,4.999750012499375e-05
meta_analysis,SIPS,mortality,HALLMARK E2F TARGETS,136,136,0.01089262971830008,0.7632880330800844,0.08386713002646762,0.008314213912750942,10.087198971131393,0.006558384577128044,0.01876702288356628,4.119393146636835,0.00024998750062496874,False,True,0.020415645884372446,4.999750012499375e-05
meta_analysis,SIPS,mortality,HALLMARK EPITHELIAL MESENCHYMAL TRANSITION,153,153,0.020399670512158068,0.7632880330800844,0.012883758586580238,0.01557082438070693,0.8274294457102664,0.016989434484360254,0.03286182675245451,-0.12493754314718235,0.8979051047447628,False,True,0.9549790750805807,4.999750012499375e-05
meta_analysis,SIPS,mortality,HALLMARK ESTROGEN RESPONSE EARLY,150,150,0.016750625433404984,0.7632880330800844,-0.019222767408665742,0.012785551939924927,-1.50347575912148,0.01369953644203986,0.028926008899754815,-1.1381557671782594,0.24978751062446877,False,True,0.6540391065553105,4.999750012499375e-05
meta_analysis,SIPS,mortality,HALLMARK ESTROGEN RESPONSE LATE,150,150,0.015379008711027748,0.7632880330800844,-0.0369105449622947,0.011738613309761855,-3.144370121775782,0.011168038527959237,0.02647359241253581,-1.8160959321670187,0.07179641017949102,False,True,0.37425788285053835,4.999750012499375e-05
meta_analysis,SIPS,mortality,HALLMARK FATTY ACID METABOLISM,107,107,0.011837257885413892,0.7632880330800844,0.022203176008954335,0.009035237288419288,2.457398217688511,0.010465376427733366,0.026082473914511937,0.45002631344299804,0.6452177391130444,False,True,0.8800572471376431,4.999750012499375e-05
meta_analysis,SIPS,mortality,HALLMARK G2M CHECKPOINT,142,142,0.011826903133574538,0.7632880330800844,-0.03990103810643339,0.009027333630254797,-4.420024753788477,0.007766854957009838,0.021135496315068295,-2.255347702881194,0.028748562571871406,False,True,0.20715875970907338,4.999750012499375e-05
meta_analysis,SIPS,mortality,HALLMARK GLYCOLYSIS,139,139,0.015111684925204545,0.7632880330800844,0.033057308225747595,0.01153456826308534,2.865933728229999,0.010871424273298316,0.025627652542393912,0.8657009812252148,0.37293135343232836,False,True,0.7970623207970037,4.999750012499375e-05
meta_analysis,SIPS,mortality,HALLMARK HEDGEHOG SIGNALING,32,32,0.0030439121664737603,0.7632880330800844,-0.016676287631307657,0.002323381730416295,-7.177592649968743,0.002431406174547664,0.012589745374824062,-1.5177188447405234,0.12129393530323483,False,True,0.46758208964551773,4.999750012499375e-05
meta_analysis,SIPS,mortality,HALLMARK HEME METABOLISM,142,142,0.012986358885505388,0.7632880330800844,0.0018054289846369965,0.009912332330589484,0.18213967454112065,0.010173329916870649,0.022851034168546534,-0.36619353288402623,0.7105644717764111,False,True,0.8800572471376431,4.999750012499375e-05
meta_analysis,SIPS,mortality,HALLMARK HYPOXIA,142,142,0.019686198294824857,0.7632880330800844,0.10705323601524042,0.015026239575281377,7.12441961802248,0.016278760714630896,0.03169670596047623,2.863845707304711,0.005649717514124294,False,True,0.1258346173600411,4.999750012499375e-05
meta_analysis,SIPS,mortality,HALLMARK IL2 STAT5 SIGNALING,148,148,0.015928966932321438,0.7632880330800844,0.026028228507651352,0.012158389838769337,2.1407627862577163,0.01226680538863673,0.027142778922577215,0.5070012601977149,0.6045197740112994,False,True,0.8800572471376431,4.999750012499375e-05
meta_analysis,SIPS,mortality,HALLMARK IL6 JAK STAT3 SIGNALING,57,57,0.006172409138982453,0.7632880330800844,-0.04110105598830526,0.0047113260310594545,-8.723882770444291,0.005819727818634622,0.018297177904332926,-2.564372716506661,0.015249237538123094,False,True,0.15971316818774445,4.999750012499375e-05
meta_analysis,SIPS,mortality,HALLMARK INFLAMMATORY RESPONSE,146,146,0.016824620400152427,0.7632880330800844,0.019788487555912226,0.012842031412551408,1.5409156791636225,0.013617042114926408,0.029804710765629756,0.2070627522446088,0.8311084445777711,False,True,0.9255525860070632,4.999750012499375e-05
meta_analysis,SIPS,mortality,HALLMARK INTERFERON ALPHA RESPONSE,66,66,0.0075576113858438765,0.7632880330800844,-0.038621925621785846,0.005768634329484423,-6.695159272686594,0.0064782090135507165,0.01954168363780328,-2.30789401114296,0.023748812559372032,False,True,0.19006307749128673,4.999750012499375e-05
meta_analysis,SIPS,mortality,HALLMARK INTERFERON GAMMA RESPONSE,134,134,0.015612047876850901,0.7632880330800844,0.054617096852556835,0.011916489316273633,4.583321094239522,0.013528913636108865,0.027327085932886998,1.5035698763255276,0.1295935203239838,False,True,0.4810668557481217,4.999750012499375e-05
meta_analysis,SIPS,mortality,HALLMARK KRAS SIGNALING DN,110,110,0.01124771173504803,0.7632880330800844,-0.03290911617483167,0.008585243766896594,-3.833218609554718,0.00793284915090867,0.022408482780833284,-1.8226118084475504,0.0687965601719914,False,True,0.37425788285053835,4.999750012499375e-05
meta_analysis,SIPS,mortality,HALLMARK KRAS SIGNALING UP,155,155,0.018874463437225677,0.7632880330800844,0.06598823924018843,0.014406652072441956,4.5804007002026035,0.015344984109345296,0.031032891162579936,1.6319219136085443,0.10199490025498725,False,True,0.44666516674166296,4.999750012499375e-05
meta_analysis,SIPS,mortality,HALLMARK MITOTIC SPINDLE,159,159,0.01207361325894233,0.7632880330800844,-0.003483991999021294,0.009215644516587719,-0.3780519086592669,0.00771582826811429,0.020300581924050057,-0.5516994689628665,0.5736713164341782,False,True,0.8800572471376431,4.999750012499375e-05
meta_analysis,SIPS,mortality,HALLMARK MTORC1 SIGNALING,131,131,0.014921985833275175,0.7632880330800844,0.05261178605378157,0.011389773216329493,4.6192127845313165,0.011656262592980153,0.026329374560908878,1.5555068870343745,0.11609419529023549,False,True,0.4662799646902901,4.999750012499375e-05
meta_analysis,SIPS,mortality,HALLMARK MYC TARGETS,137,137,0.009908172165428735,0.7632880330800844,-0.057782090776161456,0.00756278924356894,-7.640314825022631,0.006118085358984582,0.01934551648309727,-3.303100033073681,0.0022998850057497125,False,True,0.08421453927303635,4.999750012499375e-05
meta_analysis,SIPS,mortality,HALLMARK MYOGENESIS,156,156,0.021097313366181467,0.7632880330800844,0.12278514098960966,0.016103326822546827,7.624830716202935,0.019201987266246966,0.03322074944150159,3.1180257960694786,0.0027498625068746564,False,True,0.08421453927303635,4.999750012499375e-05
meta_analysis,SIPS,mortality,HALLMARK NOTCH SIGNALING,26,26,0.003433906316118424,0.7632880330800844,-0.02302162636784013,0.0026210595978113102,-8.783328081156228,0.0032511955494500242,0.013592577913735089,-1.9328799940695485,0.05779711014449278,False,True,0.32959398541700824,4.999750012499375e-05
meta_analysis,SIPS,mortality,HALLMARK OXIDATIVE PHOSPHORYLATION,103,103,0.007848980493900027,0.7632880330800844,0.006061089127052719,0.005991032882872901,1.0116935168858936,0.005570546293128241,0.017132934143375595,0.02863157179146366,0.9766011699415029,False,True,0.988470123818912,4.999750012499375e-05
meta_analysis,SIPS,mortality,HALLMARK P53 PATHWAY,141,141,0.016167211850572717,0.7632880330800844,0.13716050143602887,0.012340239333812682,11.114897995552191,0.012650252057529536,0.027036290605047752,4.605300749180914,4.999750012499375e-05,False,True,0.01224938753062347,4.999750012499375e-05
meta_analysis,SIPS,mortality,HALLMARK PANCREAS BETA CELLS,19,19,0.0021431274675047583,0.7632880330800844,-0.010158949038929726,0.0016358235493116094,-6.210296363079523,0.0021524889552016974,0.010474054453485784,-1.1754223781063269,0.20373981300934954,False,False,,4.999750012499375e-05
meta_analysis,SIPS,mortality,HALLMARK PEROXISOME,78,78,0.007473686219614218,0.7632880330800844,0.006409215499582428,0.005704575254427068,1.1235219475119589,0.00598316036568444,0.018462880058330654,0.02307630946807496,0.9804009799510025,False,True,0.988470123818912,4.999750012499375e-05
meta_analysis,SIPS,mortality,HALLMARK PI3K AKT MTOR SIGNALING,77,77,0.00753572285976886,0.7632880330800844,0.051010019663868506,0.005751927079469602,8.868335595897758,0.005126038591901985,0.016946347406115166,2.707602999771448,0.010899455027248638,False,True,0.13964301784910754,4.999750012499375e-05
meta_analysis,SIPS,mortality,HALLMARK PROTEIN SECRETION,76,76,0.006086314343357376,0.7632880330800844,0.01211129962115675,0.004645610903848357,2.6070413282188407,0.004610588534699957,0.016981792703524245,0.44169135835112183,0.6348182590870457,False,True,0.8800572471376431,4.999750012499375e-05
meta_analysis,SIPS,mortality,HALLMARK REACTIVE OXYGEN SPECIES PATHWAY,28,28,0.002011187661546091,0.7632880330800844,-0.012923426602379759,0.0015351154743364504,-8.418537118822202,0.0011517843482472174,0.0072593097711502064,-1.938918629228963,0.05784710764461777,False,True,0.32959398541700824,4.999750012499375e-05
meta_analysis,SIPS,mortality,HALLMARK SPERMATOGENESIS,74,74,0.006944162982624806,0.7632880330800844,-0.017381438871331787,0.005300396504395221,-3.2792714388289,0.005345216285253501,0.016609567294319564,-1.3682870091599408,0.1607419629018549,False,True,0.5114517001422656,4.999750012499375e-05
meta_analysis,SIPS,mortality,HALLMARK TGF BETA SIGNALING,40,40,0.0038030510418912413,0.7632880330800844,-0.00406794850372089,0.002902823349468331,-1.4013765269133438,0.002893831760338466,0.012843741444399724,-0.5420367806527989,0.5540222988850557,False,True,0.8800572471376431,4.999750012499375e-05
meta_analysis,SIPS,mortality,HALLMARK TNFA SIGNALING VIA NFKB,164,164,0.02051558885737916,0.7632880330800844,-0.02411064689618816,0.015659303466428635,-1.5397011078990857,0.01814805572527327,0.033929460656001297,-1.24548701348092,0.20938953052347384,False,True,0.6107194640267987,4.999750012499375e-05
meta_analysis,SIPS,mortality,HALLMARK UNFOLDED PROTEIN RESPONSE,79,79,0.005677503185514547,0.7632880330800844,0.003029883578910829,0.0043335702392773125,0.699165679016687,0.004037465382001658,0.013844798117998366,-0.07277692274768263,0.9371531423428828,False,True,0.9687870036877904,4.999750012499375e-05
meta_analysis,SIPS,mortality,HALLMARK UV RESPONSE DN,128,128,0.015899827602820805,0.7632880330800844,-0.011838327146091787,0.012136148137269527,-0.9754600069306054,0.01346425138544031,0.028392880766204043,-0.8911592571349672,0.3608319584020799,False,True,0.7935853207339633,4.999750012499375e-05
meta_analysis,SIPS,mortality,HALLMARK UV RESPONSE UP,104,104,0.010580882716733565,0.7632880330800844,0.012668683565844479,0.008076261157106622,1.5686322320937829,0.007642746062534116,0.021700250427785235,0.23160735034076374,0.8117594120293985,False,True,0.915894572243865,4.999750012499375e-05
meta_analysis,SIPS,mortality,HALLMARK WNT BETA CATENIN SIGNALING,29,29,0.00313763120082529,0.7632880330800844,0.005997104706972741,0.002394916347808639,2.5040977788055616,0.002585293277405143,0.012035410815178543,0.2834810944105679,0.7496625168741563,False,True,0.8837226407910374,4.999750012499375e-05
meta_analysis,SIPS,mortality,HALLMARK XENOBIOTIC METABOLISM,136,136,0.015389593936548849,0.7632880330800844,-0.02896373866960302,0.011746692885729564,-2.4656930211216754,0.011640455731317967,0.026794120644182837,-1.5154143306336272,0.1286435678216089,False,True,0.4810668557481217,4.999750012499375e-05
meta_analysis,SIPS,mortality,Lysosomal Genes,138,138,0.012782859113620834,0.7632880330800844,0.046241540613721134,0.009757003389975477,4.739317879220021,0.009326543851572127,0.022544817275871258,1.6374050102263429,0.09964501774911254,False,True,0.44666516674166296,4.999750012499375e-05
meta_analysis,OIS,mortality,HALLMARK ADIPOGENESIS,142,142,0.014679018794358702,0.6344403478101327,0.0356727719362378,0.00931296178940441,3.8304432835560016,0.008202283624939641,0.03689698807930639,0.7445184482877868,0.4440777961101945,False,True,0.8498606077448067,4.999750012499375e-05
meta_analysis,OIS,mortality,HALLMARK ALLOGRAFT REJECTION,133,133,0.0154325030256147,0.6344403478101327,0.03054458440687544,0.009791002587151916,3.1196584961541194,0.010331418032563081,0.04231653398331453,0.47766592562336124,0.6268186590670467,False,True,0.8800572471376431,4.999750012499375e-05
meta_analysis,OIS,mortality,HALLMARK ANDROGEN RESPONSE,75,75,0.008342295296142502,0.6344403478101327,-0.015602089678232666,0.005292688729219483,-2.9478570300380236,0.00775345471503407,0.030759343173740614,-0.7592991911870689,0.42447877606119694,False,True,0.831978401079946,4.999750012499375e-05
meta_analysis,OIS,mortality,HALLMARK ANGIOGENESIS,28,28,0.00401204340451539,0.6344403478101327,0.07472937969571056,0.002545402212990093,29.358574183026928,0.004146243750534425,0.02312993183201635,3.051592908176031,0.007999600019999,False,True,0.13066013365998366,4.999750012499375e-05
meta_analysis,OIS,mortality,HALLMARK APICAL JUNCTION,152,152,0.015281702662324596,0.6344403478101327,-0.0012630865646956462,0.009695328752216247,-0.13027784791793864,0.011742120247109404,0.04009770490801991,-0.3243379350922374,0.7338633068346583,False,True,0.8837226407910374,4.999750012499375e-05
meta_analysis,OIS,mortality,HALLMARK APICAL SURFACE,31,31,0.0028020018286050836,0.6344403478101327,-0.015979455481480036,0.001777703014704837,-8.988821726295606,0.002158325896811506,0.017913672095883678,-1.0125105160576966,0.2684865756712164,False,True,0.6852001149942503,4.999750012499375e-05
meta_analysis,OIS,mortality,HALLMARK APOPTOSIS,123,123,0.014791509154509254,0.6344403478101327,-0.05811054151403873,0.009384330212623613,-6.19229504902434,0.011319212656975166,0.04148792603879446,-1.6734930086910498,0.09294535273236339,False,True,0.4315020098051701,4.999750012499375e-05
meta_analysis,OIS,mortality,HALLMARK BILE ACID METABOLISM,79,79,0.007285672013184496,0.6344403478101327,-0.012482883691372983,0.004622324286075321,-2.700564244048708,0.003645327020951181,0.02683489579511962,-0.601016334680806,0.5239738013099345,False,True,0.8792711049379038,4.999750012499375e-05
meta_analysis,OIS,mortality,HALLMARK CHOLESTEROL HOMEOSTASIS,58,58,0.007784072829361131,0.6344403478101327,0.01928729692959534,0.00493852987323928,3.9054733745985053,0.008153337446415266,0.03223093925676824,0.34544322132474103,0.7148642567871606,False,True,0.8800572471376431,4.999750012499375e-05
meta_analysis,OIS,mortality,HALLMARK COAGULATION,77,77,0.009223427477767632,0.6344403478101327,0.08406031154304343,0.005851714536996432,14.365073861957372,0.0061214100860670665,0.03103451397562026,2.5113620763709306,0.016849157542122895,False,True,0.15971316818774445,4.999750012499375e-05
meta_analysis,OIS,mortality,HALLMARK COMPLEMENT,127,127,0.016272084777270233,0.6344403478101327,0.12623749292489536,0.010323667125687292,12.227970098996307,0.012301575682973631,0.04282347754919957,2.6605946962392677,0.010049497525123744,False,True,0.1367848274252954,4.999750012499375e-05
meta_analysis,OIS,mortality,HALLMARK DNA REPAIR,93,93,0.007498722317737878,0.6344403478101327,-0.012543067012730459,0.004757491995397224,-2.636487255231458,0.0027415113439817843,0.021912397700493896,-0.6975310764995716,0.4645767711614419,False,True,0.8617858580755173,4.999750012499375e-05
meta_analysis,OIS,mortality,HALLMARK E2F TARGETS,136,136,0.01089262971830008,0.6344403478101327,0.060396277385812575,0.006910723787045291,8.739500991058312,0.0042851044934544575,0.027424019511220525,2.0460593994764427,0.04359782010899455,False,True,0.2738837417103504,4.999750012499375e-05
meta_analysis,OIS,mortality,HALLMARK EPITHELIAL MESENCHYMAL TRANSITION,153,153,0.020399670512158068,0.6344403478101327,0.08444251387076744,0.012942374054945673,6.524499563393426,0.018997122918612917,0.05020763960698779,1.3034946765959095,0.18864056797160142,False,True,0.5705794957165722,4.999750012499375e-05
meta_analysis,OIS,mortality,HALLMARK ESTROGEN RESPONSE EARLY,150,150,0.016750625433404984,0.6344403478101327,-0.011374085360518607,0.010627272626006712,-1.0702732263294272,0.012789024337017008,0.04352902439295322,-0.5551034059345311,0.5639218039098045,False,True,0.8800572471376431,4.999750012499375e-05
meta_analysis,OIS,mortality,HALLMARK ESTROGEN RESPONSE LATE,150,150,0.015379008711027748,0.6344403478101327,-0.045706223141157645,0.009757063635599505,-4.684424007894595,0.009835815441222357,0.04004987101631957,-1.3868219091079634,0.16054197290135494,False,True,0.5114517001422656,4.999750012499375e-05
meta_analysis,OIS,mortality,HALLMARK FATTY ACID METABOLISM,107,107,0.011837257885413892,0.6344403478101327,0.010415392532432146,0.007510034009940225,1.3868635639527611,0.011863914842129957,0.03996564194841292,-0.03624418973596229,0.9710014499275036,False,True,0.988470123818912,4.999750012499375e-05
meta_analysis,OIS,mortality,HALLMARK G2M CHECKPOINT,142,142,0.011826903133574538,0.6344403478101327,-0.015877719545908418,0.007503464537581778,-2.1160517873288303,0.006003833824878639,0.03148510928581506,-0.6949810201435546,0.47172641367931606,False,True,0.8624848608315853,4.999750012499375e-05
meta_analysis,OIS,mortality,HALLMARK GLYCOLYSIS,139,139,0.015111684925204545,0.6344403478101327,0.022581484730157544,0.00958746263994391,2.355313973905577,0.008203061539277575,0.03858554532218773,0.37263755302201185,0.6947152642367882,False,True,0.8800572471376431,4.999750012499375e-05
meta_analysis,OIS,mortality,HALLMARK HEDGEHOG SIGNALING,32,32,0.0030439121664737603,0.6344403478101327,0.011186914473358563,0.0019311806936011071,5.792784958148129,0.0030145094530910055,0.019020569755311342,0.4296614205252962,0.6257187140642968,False,True,0.8800572471376431,4.999750012499375e-05
meta_analysis,OIS,mortality,HALLMARK HEME METABOLISM,142,142,0.012986358885505388,0.6344403478101327,-0.013103799696451436,0.008239070048107245,-1.590446448438894,0.007987931935872139,0.03350186036869547,-0.6295689672216512,0.5140742962851858,False,True,0.8751976194293734,4.999750012499375e-05
meta_analysis,OIS,mortality,HALLMARK HYPOXIA,142,142,0.019686198294824857,0.6344403478101327,0.06956920553480254,0.012489718493227924,5.570117979242191,0.01582075858322552,0.04783050932637322,1.1237272550209019,0.24918754062296886,False,True,0.6540391065553105,4.999750012499375e-05
meta_analysis,OIS,mortality,HALLMARK IL2 STAT5 SIGNALING,148,148,0.015928966932321438,0.6344403478101327,-0.0017215735747046074,0.010105979320798115,-0.17035197876979694,0.011103181446056069,0.04100289129322342,-0.3127768461264641,0.7486125693715314,False,True,0.8837226407910374,4.999750012499375e-05
meta_analysis,OIS,mortality,HALLMARK IL6 JAK STAT3 SIGNALING,57,57,0.006172409138982453,0.6344403478101327,-0.0796778225944304,0.003916025400962469,-20.346605150938863,0.00559576259849603,0.027356110758009436,-3.1171677124446386,0.00519974001299935,False,True,0.1258346173600411,4.999750012499375e-05
meta_analysis,OIS,mortality,HALLMARK INFLAMMATORY RESPONSE,146,146,0.016824620400152427,0.6344403478101327,0.00423248704098686,0.01067421801844616,0.3965149516032632,0.014085759724606047,0.045798456372259023,-0.21514420930543626,0.8232588370581471,False,True,0.9209973291289772,4.999750012499375e-05
meta_analysis,OIS,mortality,HALLMARK INTERFERON ALPHA RESPONSE,66,66,0.0075576113858438765,0.6344403478101327,-0.05152243523239142,0.004794853596248608,-10.745361500234644,0.0066497983247680425,0.029563707455972102,-1.9676907452758674,0.05154742262886856,False,True,0.3080272815627511,4.999750012499375e-05
meta_analysis,OIS,mortality,HALLMARK INTERFERON GAMMA RESPONSE,134,134,0.015612047876850901,0.6344403478101327,0.07148836571455058,0.00990491308501773,7.217465221646881,0.012499843668155384,0.04129937421950907,1.4283151539504466,0.14704264786760662,False,True,0.4948416962713508,4.999750012499375e-05
meta_analysis,OIS,mortality,HALLMARK KRAS SIGNALING DN,110,110,0.01124771173504803,0.6344403478101327,-0.02265230096828332,0.007136002145251983,-3.1743685760177742,0.0076607494827028435,0.03389335158113658,-0.894365680491066,0.34988250587470626,False,True,0.7792837630845731,4.999750012499375e-05
meta_analysis,OIS,mortality,HALLMARK KRAS SIGNALING UP,155,155,0.018874463437225677,0.6344403478101327,0.13724210187762867,0.011974721147843091,11.460985202344272,0.01579569482082876,0.047820524208629624,2.5396293551061464,0.01399930003499825,False,True,0.15971316818774445,4.999750012499375e-05
meta_analysis,OIS,mortality,HALLMARK MITOTIC SPINDLE,159,159,0.01207361325894233,0.6344403478101327,-0.010875855289486897,0.007659987395328401,-1.4198267866758838,0.0058986938196907545,0.030116044092347794,-0.5569970962235345,0.5639218039098045,False,True,0.8800572471376431,4.999750012499375e-05
meta_analysis,OIS,mortality,HALLMARK MTORC1 SIGNALING,131,131,0.014921985833275175,0.6344403478101327,0.12999159761355056,0.009467109882080976,13.730863931303285,0.011445499016900992,0.039784909118747984,2.979674987890991,0.004649767511624419,False,True,0.1258346173600411,4.999750012499375e-05
meta_analysis,OIS,mortality,HALLMARK MYC TARGETS,137,137,0.009908172165428735,0.6344403478101327,-0.07035413252634146,0.006286144194797282,-11.191937433533573,0.004751498295257831,0.028323643490574493,-2.651693834749503,0.011399430028498575,False,True,0.13964301784910754,4.999750012499375e-05
meta_analysis,OIS,mortality,HALLMARK MYOGENESIS,156,156,0.021097313366181467,0.6344403478101327,0.1429788914961374,0.01338498682989953,10.68203452966794,0.019265996257246985,0.05074878877480313,2.437750697614957,0.01694915254237288,False,True,0.15971316818774445,4.999750012499375e-05
meta_analysis,OIS,mortality,HALLMARK NOTCH SIGNALING,26,26,0.003433906316118424,0.6344403478101327,-0.01533829018689692,0.0021786087175455844,-7.040406137811201,0.0037185344910633036,0.02096035043257265,-0.9091844499100394,0.3185840707964602,False,True,0.7294681994872219,4.999750012499375e-05
meta_analysis,OIS,mortality,HALLMARK OXIDATIVE PHOSPHORYLATION,103,103,0.007848980493900027,0.6344403478101327,0.0034146745276160085,0.00497970991450488,0.6857175591031432,0.0036869017502217873,0.025706347948879927,-0.010589883212782087,0.9907004649767511,False,True,0.9907004649767511,4.999750012499375e-05
meta_analysis,OIS,mortality,HALLMARK P53 PATHWAY,141,141,0.016167211850572717,0.6344403478101327,0.029426850804015012,0.010257131509597454,2.868916204933194,0.010853189957304993,0.040762275236826455,0.45565809903392607,0.6375681215939203,False,True,0.8800572471376431,4.999750012499375e-05
meta_analysis,OIS,mortality,HALLMARK PANCREAS BETA CELLS,19,19,0.0021431274675047583,0.6344403478101327,-0.005517251017336588,0.0013596865358851678,-4.057737479723449,0.001754265524689422,0.015778032488038798,-0.46086332675119596,0.5863706814659267,False,False,,4.999750012499375e-05
meta_analysis,OIS,mortality,HALLMARK PEROXISOME,78,78,0.007473686219614218,0.6344403478101327,0.013619733326357075,0.00474160808459584,2.8723869799791726,0.004177142597633771,0.027162809250670026,0.347629386989506,0.7100644967751613,False,True,0.8800572471376431,4.999750012499375e-05
meta_analysis,OIS,mortality,HALLMARK PI3K AKT MTOR SIGNALING,77,77,0.00753572285976886,0.6344403478101327,0.03312775305359629,0.004780966632152523,6.929091040043771,0.004044271922758904,0.02542397616836056,1.1439391280987345,0.2329883505824709,False,True,0.6486607487807429,4.999750012499375e-05
meta_analysis,OIS,mortality,HALLMARK PROTEIN SECRETION,76,76,0.006086314343357376,0.6344403478101327,0.011260913177844372,0.0038614033888814533,2.9162747435994665,0.005630019389008042,0.025792141195959496,0.21831819801445743,0.8149592520373982,False,True,0.915894572243865,4.999750012499375e-05
meta_analysis,OIS,mortality,HALLMARK REACTIVE OXYGEN SPECIES PATHWAY,28,28,0.002011187661546091,0.6344403478101327,-0.008095885493438785,0.0012759785995027494,-6.344844260392582,0.00012565871243863132,0.010283823272807736,-0.7994637779916587,0.3935803209839508,False,True,0.812576174469965,4.999750012499375e-05
meta_analysis,OIS,mortality,HALLMARK SPERMATOGENESIS,74,74,0.006944162982624806,0.6344403478101327,0.008852474768845781,0.004405657177946731,2.0093426272834742,0.0051342090223500505,0.024329319424121462,0.15283065184343925,0.8679066046697665,False,True,0.9408722041774018,4.999750012499375e-05
meta_analysis,OIS,mortality,HALLMARK TGF BETA SIGNALING,40,40,0.0038030510418912413,0.6344403478101327,0.01026833921155469,0.0024128090257571665,4.2557612732455565,0.0022556784980457246,0.019270334113835094,0.4158028950705267,0.6377181140942952,False,True,0.8800572471376431,4.999750012499375e-05
meta_analysis,OIS,mortality,HALLMARK TNFA SIGNALING VIA NFKB,164,164,0.02051558885737916,0.6344403478101327,-0.024432607095152863,0.013015917330205316,-1.8771329346456027,0.020423982521437737,0.05240005606532611,-0.8560408706561072,0.38908054597270136,False,True,0.812576174469965,4.999750012499375e-05
meta_analysis,OIS,mortality,HALLMARK UNFOLDED PROTEIN RESPONSE,79,79,0.005677503185514547,0.6344403478101327,-0.0134844147058067,0.0036020370957109854,-3.7435524253381094,0.0025107676894627834,0.02010939428835209,-0.7954084626275556,0.39998000099995,False,True,0.812576174469965,4.999750012499375e-05
meta_analysis,OIS,mortality,HALLMARK UV RESPONSE DN,128,128,0.015899827602820805,0.6344403478101327,-0.0013790342579472203,0.01008749215445478,-0.13670734379091626,0.013102992231519898,0.043314400873131986,-0.33434668834240644,0.7355132243387831,False,True,0.8837226407910374,4.999750012499375e-05
meta_analysis,OIS,mortality,HALLMARK UV RESPONSE UP,104,104,0.010580882716733565,0.6344403478101327,-0.008942926886439335,0.006712938910942665,-1.3321925024316248,0.005671806909554034,0.032877937307251165,-0.44451492377443397,0.6442677866106694,False,True,0.8800572471376431,4.999750012499375e-05
meta_analysis,OIS,mortality,HALLMARK WNT BETA CATENIN SIGNALING,29,29,0.00313763120082529,0.6344403478101327,-0.017483105762215338,0.0019906398303515213,-8.782656458314737,0.0026547354904555326,0.018172615229550496,-1.1081421687685722,0.23023848807559621,False,True,0.6483727537761043,4.999750012499375e-05
meta_analysis,OIS,mortality,HALLMARK XENOBIOTIC METABOLISM,136,136,0.015389593936548849,0.6344403478101327,-0.007036800003615053,0.00976377932976076,-0.7207045310995853,0.008957127061776583,0.039953570104604694,-0.4003128387154648,0.6785660716964151,False,True,0.8800572471376431,4.999750012499375e-05
meta_analysis,OIS,mortality,Lysosomal Genes,138,138,0.012782859113620834,0.6344403478101327,0.06803360197086686,0.008109961582053526,8.388893249681715,0.007759586693642569,0.0336915607695003,1.7889944514469653,0.07504624768761561,False,True,0.38304855590553805,4.999750012499375e-05
