external_id,study,geo,series,condition,title,line_token_sample,characteristics,immortalisation_term_in_sample_record,matched_term,cell_line_resolved_studylevel,immortalised_studylevel,AGREES
SRR2095296,SRP060598,GSM1816172,GSE70668,Proliferating,DD1_ERRAS_uninduced,IMR90,cell line: IMR90,False,,IMR90,no,True
SRR2095297,SRP060598,GSM1816173,GSE70668,Proliferating,DD2_ERRAS_uninduced,IMR90,cell line: IMR90,False,,IMR90,no,True
SRR2095298,SRP060598,GSM1816174,GSE70668,Proliferating,DD3_ERRAS_uninduced,IMR90,cell line: IMR90,False,,IMR90,no,True
SRR2095299,SRP060598,GSM1816175,GSE70668,Oncogene-induced CS,DD4_ERRAS_4days-induced,IMR90,cell line: IMR90,False,,IMR90,no,True
SRR2095300,SRP060598,GSM1816176,GSE70668,Oncogene-induced CS,DD5_ERRAS_4days-induced,IMR90,cell line: IMR90,False,,IMR90,no,True
SRR2095301,SRP060598,GSM1816177,GSE70668,Oncogene-induced CS,DD6_ERRAS_4days-induced,IMR90,cell line: IMR90,False,,IMR90,no,True
SRR4241042,SRP089801,GSM2309729,GSE86867,Contact_inhibited CQ,WT_Qui_1,HCA2-hTert,cell type: HCA2-hTert | tissue: primary fibroblasts,True,hTert,HCA2-hTERT,yes,True
SRR4241043,SRP089801,GSM2309730,GSE86867,Contact_inhibited CQ,WT_Qui_2,HCA2-hTert,cell type: HCA2-hTert | tissue: primary fibroblasts,True,hTert,HCA2-hTERT,yes,True
SRR4241044,SRP089801,GSM2309731,GSE86867,Contact_inhibited CQ,WT_Qui_3,HCA2-hTert,cell type: HCA2-hTert | tissue: primary fibroblasts,True,hTert,HCA2-hTERT,yes,True
SRR4241039,SRP089801,GSM2309726,GSE86867,Proliferating,WT_Div_1,HCA2-hTert,cell type: HCA2-hTert | tissue: primary fibroblasts,True,hTert,HCA2-hTERT,yes,True
SRR4241040,SRP089801,GSM2309727,GSE86867,Proliferating,WT_Div_2,HCA2-hTert,cell type: HCA2-hTert | tissue: primary fibroblasts,True,hTert,HCA2-hTERT,yes,True
SRR4241041,SRP089801,GSM2309728,GSE86867,Proliferating,WT_Div_3,HCA2-hTert,cell type: HCA2-hTert | tissue: primary fibroblasts,True,hTert,HCA2-hTERT,yes,True
SRR1197244,SRP040243,GSM1348980,GSE55949,Proliferating,Growing,IMR90,tissue: Lung | cell line: IMR90 | passage: 16,False,,IMR90,no,True
SRR1197245,SRP040243,GSM1348981,GSE55949,Oncogene-induced CS,Oncogene-induced senescence,IMR90,tissue: Lung | cell line: IMR90 | passage: 16,False,,IMR90,no,True
SRR2932856,SRP065206,GSM1917083,"GSE74324,GSE74328",Proliferating,Proliferating IMR90 shRen_1,IMR90,cell type: fetal lung fibroblasts | cell line: IMR90 | cell condition: proliferating | viral transduction: cotransduced with pWZL-Hygro and shRen | treatment: no treatment,False,,IMR90,no,True
SRR2932857,SRP065206,GSM1917084,"GSE74324,GSE74328",Proliferating,Proliferating IMR90 shRen_2,IMR90,cell type: fetal lung fibroblasts | cell line: IMR90 | cell condition: proliferating | viral transduction: cotransduced with pWZL-Hygro and shRen | treatment: no treatment,False,,IMR90,no,True
SRR2932858,SRP065206,GSM1917085,"GSE74324,GSE74328",Proliferating,Proliferating IMR90 shRen_3,IMR90,cell type: fetal lung fibroblasts | cell line: IMR90 | cell condition: proliferating | viral transduction: cotransduced with pWZL-Hygro and shRen | treatment: no treatment,False,,IMR90,no,True
SRR2932859,SRP065206,GSM1917086,"GSE74324,GSE74328",Serum_starved CQ,Quiescent IMR90 shRen_1,IMR90,cell type: fetal lung fibroblasts | cell line: IMR90 | cell condition: quiescent | viral transduction: cotransduced with pWZL-Hygro and shRen | treatment: no treatment,False,,IMR90,no,True
SRR2932860,SRP065206,GSM1917087,"GSE74324,GSE74328",Serum_starved CQ,Quiescent IMR90 shRen_2,IMR90,cell type: fetal lung fibroblasts | cell line: IMR90 | cell condition: quiescent | viral transduction: cotransduced with pWZL-Hygro and shRen | treatment: no treatment,False,,IMR90,no,True
SRR2932861,SRP065206,GSM1917088,"GSE74324,GSE74328",Serum_starved CQ,Quiescent IMR90 shRen_3,IMR90,cell type: fetal lung fibroblasts | cell line: IMR90 | cell condition: quiescent | viral transduction: cotransduced with pWZL-Hygro and shRen | treatment: no treatment,False,,IMR90,no,True
SRR2932862,SRP065206,GSM1917089,"GSE74324,GSE74328",Oncogene-induced CS,Senescent IMR90 shRen_1,IMR90,cell type: fetal lung fibroblasts | cell line: IMR90 | cell condition: senescent | viral transduction: cotransduced with pWZL HRASV12 and shRen | treatment: no treatment,False,,IMR90,no,True
SRR2932863,SRP065206,GSM1917090,"GSE74324,GSE74328",Oncogene-induced CS,Senescent IMR90 shRen_2,IMR90,cell type: fetal lung fibroblasts | cell line: IMR90 | cell condition: senescent | viral transduction: cotransduced with pWZL HRASV12 and shRen | treatment: no treatment,False,,IMR90,no,True
SRR2932864,SRP065206,GSM1917091,"GSE74324,GSE74328",Oncogene-induced CS,Senescent IMR90 shRen_3,IMR90,cell type: fetal lung fibroblasts | cell line: IMR90 | cell condition: senescent | viral transduction: cotransduced with pWZL HRASV12 and shRen | treatment: no treatment,False,,IMR90,no,True
SRR2932910,SRP065206,GSM1917137,"GSE74324,GSE74328",Proliferating,Proliferating IMR90 DMSO_1,IMR90,cell type: fetal lung fibroblasts | cell line: IMR90 | cell condition: proliferating | viral transduction: cotransduced with pWZL-Hygro and shRen | treatment: DMSO 48h,False,,IMR90,no,True
SRR2932911,SRP065206,GSM1917138,"GSE74324,GSE74328",Proliferating,Proliferating IMR90 DMSO_2,IMR90,cell type: fetal lung fibroblasts | cell line: IMR90 | cell condition: proliferating | viral transduction: cotransduced with pWZL-Hygro and shRen | treatment: DMSO 48h,False,,IMR90,no,True
SRR2932912,SRP065206,GSM1917139,"GSE74324,GSE74328",Proliferating,Proliferating IMR90 DMSO_3,IMR90,cell type: fetal lung fibroblasts | cell line: IMR90 | cell condition: proliferating | viral transduction: cotransduced with pWZL-Hygro and shRen | treatment: DMSO 48h,False,,IMR90,no,True
SRR2932913,SRP065206,GSM1917140,"GSE74324,GSE74328",Serum_starved CQ,Quiescent IMR90 DMSO_1,IMR90,cell type: fetal lung fibroblasts | cell line: IMR90 | cell condition: quiescent | viral transduction: cotransduced with pWZL-Hygro and shRen | treatment: DMSO 48h,False,,IMR90,no,True
SRR2932914,SRP065206,GSM1917141,"GSE74324,GSE74328",Serum_starved CQ,Quiescent IMR90 DMSO_2,IMR90,cell type: fetal lung fibroblasts | cell line: IMR90 | cell condition: quiescent | viral transduction: cotransduced with pWZL-Hygro and shRen | treatment: DMSO 48h,False,,IMR90,no,True
SRR2932915,SRP065206,GSM1917142,"GSE74324,GSE74328",Serum_starved CQ,Quiescent IMR90 DMSO_3,IMR90,cell type: fetal lung fibroblasts | cell line: IMR90 | cell condition: quiescent | viral transduction: cotransduced with pWZL-Hygro and shRen | treatment: DMSO 48h,False,,IMR90,no,True
SRR1768044,SRP052706,GSM1588051,GSE65145,Proliferating,proliferative fibroblast 1,proliferative fibroblast,cell type: proliferative fibroblast | source: foreskin 2DD,False,,foreskin 2DD,no,True
SRR1768045,SRP052706,GSM1588052,GSE65145,Proliferating,proliferative fibroblast 2,proliferative fibroblast,cell type: proliferative fibroblast | source: foreskin 2DD,False,,foreskin 2DD,no,True
SRR1768046,SRP052706,GSM1588053,GSE65145,Serum_starved CQ,queiscent fibroblast 1,queiscent fibroblast,cell type: queiscent fibroblast | source: foreskin 2DD,False,,foreskin 2DD,no,True
SRR1768047,SRP052706,GSM1588054,GSE65145,Serum_starved CQ,queiscent fibroblast 2,queiscent fibroblast,cell type: queiscent fibroblast | source: foreskin 2DD,False,,foreskin 2DD,no,True
SRR8284460,SRP172671,GSM3502427,GSE123380,Proliferating,A_BJ,Immortalized BJ-hTERT cells,cell type: Immortalized BJ-hTERT cells,True,Immortalized,BJ-hTERT,yes,True
SRR8284461,SRP172671,GSM3502428,GSE123380,Proliferating,B_BJ,Immortalized BJ-hTERT cells,cell type: Immortalized BJ-hTERT cells,True,Immortalized,BJ-hTERT,yes,True
SRR8284462,SRP172671,GSM3502429,GSE123380,Oncogene-induced CS,A_BJ_ras,Immortalized BJ-hTERT cells,cell type: Immortalized BJ-hTERT cells,True,Immortalized,BJ-hTERT,yes,True
SRR8284463,SRP172671,GSM3502430,GSE123380,Oncogene-induced CS,B_BJ_ras,Immortalized BJ-hTERT cells,cell type: Immortalized BJ-hTERT cells,True,Immortalized,BJ-hTERT,yes,True
SRR6869103,SRP136071,GSM3056966,GSE112068,Proliferating,IMR-90 0_0d,IMR-90,cell line: IMR-90 | cell type: fibroblast | age: 16 weeks gestation | agent: control | dose: 0 ug/ml | time: 0 day,False,,IMR90,no,True
SRR6869105,SRP136071,GSM3056967,GSE112068,Proliferating,IMR-90 0_4d,IMR-90,cell line: IMR-90 | cell type: fibroblast | age: 16 weeks gestation | agent: control | dose: 0 ug/ml | time: 4 days,False,,IMR90,no,True
SRR6869106,SRP136071,GSM3056968,GSE112068,Proliferating,IMR-90 0_8d,IMR-90,cell line: IMR-90 | cell type: fibroblast | age: 16 weeks gestation | agent: control | dose: 0 ug/ml | time: 8 days,False,,IMR90,no,True
SRR6869117,SRP136071,GSM3056979,GSE112068,Stress-induced CS,IMR-90 40_2d,IMR-90,cell line: IMR-90 | cell type: fibroblast | age: 16 weeks gestation | agent: bleomycin | dose: 40 ug/ml | time: 2 days,False,,IMR90,no,True
SRR6869119,SRP136071,GSM3056981,GSE112068,Stress-induced CS,IMR-90 40_4d,IMR-90,cell line: IMR-90 | cell type: fibroblast | age: 16 weeks gestation | agent: bleomycin | dose: 40 ug/ml | time: 4 days,False,,IMR90,no,True
SRR6869121,SRP136071,GSM3056983,GSE112068,Stress-induced CS,IMR-90 40_6d,IMR-90,cell line: IMR-90 | cell type: fibroblast | age: 16 weeks gestation | agent: bleomycin | dose: 40 ug/ml | time: 6 days,False,,IMR90,no,True
SRR6869122,SRP136071,GSM3056984,GSE112068,Stress-induced CS,IMR-90 40_8d,IMR-90,cell line: IMR-90 | cell type: fibroblast | age: 16 weeks gestation | agent: bleomycin | dose: 40 ug/ml | time: 8 days,False,,IMR90,no,True
SRR6869123,SRP136071,GSM3056985,GSE112068,Stress-induced CS,IMR-90 40_8h,IMR-90,cell line: IMR-90 | cell type: fibroblast | age: 16 weeks gestation | agent: bleomycin | dose: 40 ug/ml | time: 8 h,False,,IMR90,no,True
SRR6869124,SRP136071,GSM3056986,GSE112068,Stress-induced CS,IMR-90 40_12h,IMR-90,cell line: IMR-90 | cell type: fibroblast | age: 16 weeks gestation | agent: bleomycin | dose: 40 ug/ml | time: 12 h,False,,IMR90,no,True
SRR6869125,SRP136071,GSM3056987,GSE112068,Stress-induced CS,IMR-90 40_24h,IMR-90,cell line: IMR-90 | cell type: fibroblast | age: 16 weeks gestation | agent: bleomycin | dose: 40 ug/ml | time: 24 h,False,,IMR90,no,True
SRR6910824,SRP136727,GSM3070415,GSE112458,Oncogene-induced CS,BJ_sgNT_Ras,BJ cells,cell line: BJ cells | condition: RASG12V-induced BJ cells transduced with a control non targeting sgRNA,True,Immortalized,BJ-hTERT,yes,True
SRR3151885,SRP069768,GSM2055960,GSE77675,Proliferating,Young,WI-38,passage: PDL20 | cell line: WI-38,False,,WI-38,no,True
SRR3151886,SRP069768,GSM2055961,GSE77675,Replicative CS,Senescent,WI-38,passage: PDL52 | cell line: WI-38,False,,WI-38,no,True
SRR7537847,SRP154382,GSM3291218,GSE117337,Proliferating,P_10-2,human dermal fibroblasts (foreskin),cell type: human dermal fibroblasts (foreskin) | strain: 10-2 | cell growth conditions: proliferating cells,False,,HDF 10-2,no,True
SRR7537848,SRP154382,GSM3291219,GSE117337,Proliferating,P_12-1,human dermal fibroblasts (foreskin),cell type: human dermal fibroblasts (foreskin) | strain: 12-1 | cell growth conditions: proliferating cells,False,,HDF 10-2,no,True
SRR7537849,SRP154382,GSM3291220,GSE117337,Proliferating,P_12-2,human dermal fibroblasts (foreskin),cell type: human dermal fibroblasts (foreskin) | strain: 12-2 | cell growth conditions: proliferating cells,False,,HDF 10-2,no,True
SRR7537850,SRP154382,GSM3291221,GSE117337,Contact_inhibited CQ,7dCI_10-2,human dermal fibroblasts (foreskin),cell type: human dermal fibroblasts (foreskin) | strain: 10-2 | cell growth conditions: 7 day contact inhibited cells (quiescent),False,,HDF 10-2,no,True
SRR7537851,SRP154382,GSM3291222,GSE117337,Contact_inhibited CQ,7dCI_12-1,human dermal fibroblasts (foreskin),cell type: human dermal fibroblasts (foreskin) | strain: 12-1 | cell growth conditions: 7 day contact inhibited cells (quiescent),False,,HDF 10-2,no,True
SRR7537852,SRP154382,GSM3291223,GSE117337,Contact_inhibited CQ,7dCI_12-2,human dermal fibroblasts (foreskin),cell type: human dermal fibroblasts (foreskin) | strain: 12-2 | cell growth conditions: 7 day contact inhibited cells (quiescent),False,,HDF 10-2,no,True
SRR7537853,SRP154382,GSM3291224,GSE117337,Serum_starved CQ,7dSS_10-2,human dermal fibroblasts (foreskin),cell type: human dermal fibroblasts (foreskin) | strain: 10-2 | cell growth conditions: 7 day serum starved cells (quiescent),False,,HDF 10-2,no,True
SRR7537854,SRP154382,GSM3291225,GSE117337,Serum_starved CQ,7dSS_12-1,human dermal fibroblasts (foreskin),cell type: human dermal fibroblasts (foreskin) | strain: 12-1 | cell growth conditions: 7 day serum starved cells (quiescent),False,,HDF 10-2,no,True
SRR7537855,SRP154382,GSM3291226,GSE117337,Serum_starved CQ,7dSS_12-2,human dermal fibroblasts (foreskin),cell type: human dermal fibroblasts (foreskin) | strain: 12-2 | cell growth conditions: 7 day serum starved cells (quiescent),False,,HDF 10-2,no,True
SRR5859295,SRP113329,GSM2714553,"GSE101758,GSE101763",Oncogene-induced CS,si_Scramble + 4OHT Replicate 1,IMR90 ER:RAS,imr90 passage: 14 | days after 4oht induction: 5 | state: senescent | transfection: scramble siRNA,False,,IMR90 ER:RAS,no,True
SRR5859300,SRP113329,GSM2714558,"GSE101758,GSE101763",Oncogene-induced CS,si_Scramble + 4OHT Replicate 2,IMR90 ER:RAS,imr90 passage: 14 | days after 4oht induction: 5 | state: senescent | transfection: scramble siRNA,False,,IMR90 ER:RAS,no,True
SRR5859304,SRP113329,GSM2714562,"GSE101758,GSE101763",Proliferating,si_Scramble Replicate 3,IMR90 ER:RAS,imr90 passage: 14 | days after 4oht induction: 5 | state: proliferating | transfection: scramble siRNA,False,,IMR90 ER:RAS,no,True
SRR5859294,SRP113329,GSM2714552,"GSE101758,GSE101763",Proliferating,si_Scramble Replicate 1,IMR90 ER:RAS,imr90 passage: 14 | days after 4oht induction: 5 | state: proliferating | transfection: scramble siRNA,False,,IMR90 ER:RAS,no,True
SRR5859299,SRP113329,GSM2714557,"GSE101758,GSE101763",Proliferating,si_Scramble Replicate 2,IMR90 ER:RAS,imr90 passage: 14 | days after 4oht induction: 5 | state: proliferating | transfection: scramble siRNA,False,,IMR90 ER:RAS,no,True
SRR5859305,SRP113329,GSM2714563,"GSE101758,GSE101763",Oncogene-induced CS,si_Scramble + 4OHT Replicate 3,IMR90 ER:RAS,imr90 passage: 14 | days after 4oht induction: 5 | state: senescent | transfection: scramble siRNA,False,,IMR90 ER:RAS,no,True
SRR5169351,SRP096629,GSM2454318,GSE93535,Contact_inhibited CQ,Q_1,HDF161,cells type: human dermal fibroblasts | cell line: HDF161 | population doubling: 15,False,,HDF161,no,True
SRR5169352,SRP096629,GSM2454319,GSE93535,Contact_inhibited CQ,Q_2,HDF161,cells type: human dermal fibroblasts | cell line: HDF161 | population doubling: 15,False,,HDF161,no,True
SRR5169354,SRP096629,GSM2454320,GSE93535,Contact_inhibited CQ,Q_3,HDF161,cells type: human dermal fibroblasts | cell line: HDF161 | population doubling: 15,False,,HDF161,no,True
SRR5169358,SRP096629,GSM2454324,GSE93535,Stress-induced CS,SIPS_1,HDF161,cells type: human dermal fibroblasts | cell line: HDF161 | population doubling: 15,False,,HDF161,no,True
SRR5169359,SRP096629,GSM2454325,GSE93535,Stress-induced CS,SIPS_2,HDF161,cells type: human dermal fibroblasts | cell line: HDF161 | population doubling: 15,False,,HDF161,no,True
SRR5169360,SRP096629,GSM2454326,GSE93535,Stress-induced CS,SIPS_3,HDF161,cells type: human dermal fibroblasts | cell line: HDF161 | population doubling: 15,False,,HDF161,no,True
SRR1567487,SRP046254,GSM1498119,GSE61130,Proliferating,EV - 4OHT Rep1,IRM90,cell line: IRM90 | days after 4oht induction: 7 | passage: p15 | cell type: Non-senescent cells,False,,IMR90 ER:RAS,no,True
SRR1567488,SRP046254,GSM1498120,GSE61130,Oncogene-induced CS,EV + 4OHT Rep1,IRM90,cell line: IRM90 | days after 4oht induction: 7 | passage: p15 | cell type: senescent cells,False,,IMR90 ER:RAS,no,True
SRR1567491,SRP046254,GSM1498123,GSE61130,Proliferating,EV - 4OHT Rep2,IRM90,cell line: IRM90 | days after 4oht induction: 7 | passage: p15 | cell type: Non-senescent cells,False,,IMR90 ER:RAS,no,True
SRR1567495,SRP046254,GSM1498127,GSE61130,Proliferating,EV - 4OHT Rep3,IRM90,cell line: IRM90 | days after 4oht induction: 7 | passage: p15 | cell type: Non-senescent cells,False,,IMR90 ER:RAS,no,True
SRR1567496,SRP046254,GSM1498128,GSE61130,Oncogene-induced CS,EV + 4OHT Rep3,IRM90,cell line: IRM90 | days after 4oht induction: 7 | passage: p15 | cell type: senescent cells,False,,IMR90 ER:RAS,no,True
SRR1567492,SRP046254,GSM1498124,GSE61130,Oncogene-induced CS,EV + 4OHT Rep2,IRM90,cell line: IRM90 | days after 4oht induction: 7 | passage: p15 | cell type: senescent cells,False,,IMR90 ER:RAS,no,True
SRR2970873,SRP066947,GSM1961158,"GSE75643,GSE76605",Proliferating,Cycling Day 4 Rep 1,Tig3,cell line: Tig3 | cell type: diploid embryonic lung fibroblasts | day treament: 4 | transduced with: empty vector (cycling) | time point: 4days after transduction,True,hTERT,Tig3ET,yes,True
SRR2970874,SRP066947,GSM1961159,"GSE75643,GSE76605",Oncogene-induced CS,BRAF OIS Day 4 Rep 1,Tig3,cell line: Tig3 | cell type: diploid embryonic lung fibroblasts | day treament: 4 | transduced with: pBabe-puro-BRAFE600 (OIS) | time point: 4days after transduction,True,hTERT,Tig3ET,yes,True
SRR2970876,SRP066947,GSM1961161,"GSE75643,GSE76605",Proliferating,Cycling Day 10 Rep 1,Tig3,cell line: Tig3 | cell type: diploid embryonic lung fibroblasts | day treament: 10 | transduced with: empty vector (cycling) | time point: 10days after transduction,True,hTERT,Tig3ET,yes,True
SRR2970877,SRP066947,GSM1961162,"GSE75643,GSE76605",Oncogene-induced CS,BRAF OIS Day 10 Rep 1,Tig3,cell line: Tig3 | cell type: diploid embryonic lung fibroblasts | day treament: 10 | transduced with: pBabe-puro-BRAFE600 (OIS) | time point: 10days after transduction,True,hTERT,Tig3ET,yes,True
SRR2970879,SRP066947,GSM1961164,"GSE75643,GSE76605",Proliferating,Cycling Day 4 Rep 2,Tig3,cell line: Tig3 | cell type: diploid embryonic lung fibroblasts | day treament: 4 | transduced with: empty vector (cycling) | time point: 4days after transduction,True,hTERT,Tig3ET,yes,True
SRR2970880,SRP066947,GSM1961165,"GSE75643,GSE76605",Oncogene-induced CS,BRAF OIS Day 4 Rep 2,Tig3,cell line: Tig3 | cell type: diploid embryonic lung fibroblasts | day treament: 4 | transduced with: pBabe-puro-BRAFE600 (OIS) | time point: 4days after transduction,True,hTERT,Tig3ET,yes,True
SRR2970882,SRP066947,GSM1961167,"GSE75643,GSE76605",Proliferating,Cycling Day 10 Rep 2,Tig3,cell line: Tig3 | cell type: diploid embryonic lung fibroblasts | day treament: 10 | transduced with: empty vector (cycling) | time point: 10days after transduction,True,hTERT,Tig3ET,yes,True
SRR2970883,SRP066947,GSM1961168,"GSE75643,GSE76605",Oncogene-induced CS,BRAF OIS Day 10 Rep 2,Tig3,cell line: Tig3 | cell type: diploid embryonic lung fibroblasts | day treament: 10 | transduced with: pBabe-puro-BRAFE600 (OIS) | time point: 10days after transduction,True,hTERT,Tig3ET,yes,True
SRR2970885,SRP066947,GSM1961170,"GSE75643,GSE76605",Proliferating,Cycling Day 4 Rep 3,Tig3,cell line: Tig3 | cell type: diploid embryonic lung fibroblasts | day treament: 4 | transduced with: empty vector (cycling) | time point: 4days after transduction,True,hTERT,Tig3ET,yes,True
SRR2970886,SRP066947,GSM1961171,"GSE75643,GSE76605",Oncogene-induced CS,BRAF OIS Day 4 Rep 3,Tig3,cell line: Tig3 | cell type: diploid embryonic lung fibroblasts | day treament: 4 | transduced with: pBabe-puro-BRAFE600 (OIS) | time point: 4days after transduction,True,hTERT,Tig3ET,yes,True
SRR2970888,SRP066947,GSM1961173,"GSE75643,GSE76605",Proliferating,Cycling Day 10 Rep 3,Tig3,cell line: Tig3 | cell type: diploid embryonic lung fibroblasts | day treament: 10 | transduced with: empty vector (cycling) | time point: 10days after transduction,True,hTERT,Tig3ET,yes,True
SRR2970889,SRP066947,GSM1961174,"GSE75643,GSE76605",Oncogene-induced CS,BRAF OIS Day 10 Rep 3,Tig3,cell line: Tig3 | cell type: diploid embryonic lung fibroblasts | day treament: 10 | transduced with: pBabe-puro-BRAFE600 (OIS) | time point: 10days after transduction,True,hTERT,Tig3ET,yes,True
SRR2970891,SRP066947,GSM1961176,"GSE75643,GSE76605",Proliferating,Cycling Control Serum 1,Tig3,cell line: Tig3 | cell type: diploid embryonic lung fibroblasts | day treament: 10 | cutured in: 9% FBS DMEM medium for 10 days (cycling),True,hTERT,Tig3ET,yes,True
SRR2970892,SRP066947,GSM1961177,"GSE75643,GSE76605",Serum_starved CQ,Quiescent Serum Starvation 1,Tig3,cell line: Tig3 | cell type: diploid embryonic lung fibroblasts | day treament: 10 | cutured in: 0% FBS DMEM medium for 10 days (quiescent),True,hTERT,Tig3ET,yes,True
SRR2970893,SRP066947,GSM1961178,"GSE75643,GSE76605",Proliferating,Cycling Control Serum 2,Tig3,cell line: Tig3 | cell type: diploid embryonic lung fibroblasts | day treament: 10 | cutured in: 9% FBS DMEM medium for 10 days (cycling),True,hTERT,Tig3ET,yes,True
SRR2970894,SRP066947,GSM1961179,"GSE75643,GSE76605",Serum_starved CQ,Quiescent Serum Starvation 2,Tig3,cell line: Tig3 | cell type: diploid embryonic lung fibroblasts | day treament: 10 | cutured in: 0% FBS DMEM medium for 10 days (quiescent),True,hTERT,Tig3ET,yes,True
SRR2970895,SRP066947,GSM1961180,"GSE75643,GSE76605",Proliferating,Cycling Control Serum 3,Tig3,cell line: Tig3 | cell type: diploid embryonic lung fibroblasts | day treament: 10 | cutured in: 9% FBS DMEM medium for 10 days (cycling),True,hTERT,Tig3ET,yes,True
SRR2970896,SRP066947,GSM1961181,"GSE75643,GSE76605",Serum_starved CQ,Quiescent Serum Starvation 3,Tig3,cell line: Tig3 | cell type: diploid embryonic lung fibroblasts | day treament: 10 | cutured in: 0% FBS DMEM medium for 10 days (quiescent),True,hTERT,Tig3ET,yes,True
SRR6389404,SRP127037,GSM2894511,GSE108278,Proliferating,shScr #1 d0,IMR90 hTERT,cell line: IMR90 hTERT | cell type: lung fibroblast | genotype: WT | time: day 0 | developmental stage: control growing cells,True,hTERT,IMR90-hTERT,yes,True
SRR6389405,SRP127037,GSM2894512,GSE108278,Proliferating,shScr #2 d0,IMR90 hTERT,cell line: IMR90 hTERT | cell type: lung fibroblast | genotype: WT | time: day 0 | developmental stage: control growing cells,True,hTERT,IMR90-hTERT,yes,True
SRR6389408,SRP127037,GSM2894515,GSE108278,Oncogene-induced CS,shScr #1 d4,IMR90 hTERT,cell line: IMR90 hTERT | cell type: lung fibroblast | genotype: WT | time: day 4 | developmental stage: control cells beginning to senesce,True,hTERT,IMR90-hTERT,yes,True
SRR6389409,SRP127037,GSM2894516,GSE108278,Oncogene-induced CS,shScr #2 d4,IMR90 hTERT,cell line: IMR90 hTERT | cell type: lung fibroblast | genotype: WT | time: day 4 | developmental stage: control cells beginning to senesce,True,hTERT,IMR90-hTERT,yes,True
SRR6389412,SRP127037,GSM2894519,GSE108278,Oncogene-induced CS,shScr #1 d10,IMR90 hTERT,cell line: IMR90 hTERT | cell type: lung fibroblast | genotype: WT | time: day 10 | developmental stage: control senescent cells,True,hTERT,IMR90-hTERT,yes,True
SRR6389413,SRP127037,GSM2894520,GSE108278,Oncogene-induced CS,shScr #2 d10,IMR90 hTERT,cell line: IMR90 hTERT | cell type: lung fibroblast | genotype: WT | time: day 10 | developmental stage: control senescent cells,True,hTERT,IMR90-hTERT,yes,True
SRR2184428,SRP062872,GSM1861966,"GSE72407,GSE72409",Proliferating,Control rep 1,IMR90 cells,sample group: Control,False,,IMR90,no,True
SRR2184429,SRP062872,GSM1861967,"GSE72407,GSE72409",Proliferating,Control rep 2,IMR90 cells,sample group: Control,False,,IMR90,no,True
SRR2184430,SRP062872,GSM1861968,"GSE72407,GSE72409",Proliferating,Control rep 3,IMR90 cells,sample group: Control,False,,IMR90,no,True
SRR2184431,SRP062872,GSM1861969,"GSE72407,GSE72409",Proliferating,Control rep 4,IMR90 cells,sample group: Control,False,,IMR90,no,True
SRR2184432,SRP062872,GSM1861970,"GSE72407,GSE72409",Proliferating,Control rep 5,IMR90 cells,sample group: Control,False,,IMR90,no,True
SRR2184433,SRP062872,GSM1861971,"GSE72407,GSE72409",Proliferating,Control rep 6,IMR90 cells,sample group: Control,False,,IMR90,no,True
SRR2184434,SRP062872,GSM1861972,"GSE72407,GSE72409",Proliferating,Control rep 7,IMR90 cells,sample group: Control,False,,IMR90,no,True
SRR2184435,SRP062872,GSM1861973,"GSE72407,GSE72409",Proliferating,Control rep 8,IMR90 cells,sample group: Control,False,,IMR90,no,True
SRR2184436,SRP062872,GSM1861974,"GSE72407,GSE72409",Oncogene-induced CS,RIS rep 1,IMR90 cells,sample group: RIS,False,,IMR90,no,True
SRR2184437,SRP062872,GSM1861975,"GSE72407,GSE72409",Oncogene-induced CS,RIS rep 2,IMR90 cells,sample group: RIS,False,,IMR90,no,True
SRR2184438,SRP062872,GSM1861976,"GSE72407,GSE72409",Oncogene-induced CS,RIS rep 3,IMR90 cells,sample group: RIS,False,,IMR90,no,True
SRR2184439,SRP062872,GSM1861977,"GSE72407,GSE72409",Oncogene-induced CS,RIS rep 4,IMR90 cells,sample group: RIS,False,,IMR90,no,True
SRR2184440,SRP062872,GSM1861978,"GSE72407,GSE72409",Oncogene-induced CS,RIS rep 5,IMR90 cells,sample group: RIS,False,,IMR90,no,True
SRR2184441,SRP062872,GSM1861979,"GSE72407,GSE72409",Oncogene-induced CS,RIS rep 6,IMR90 cells,sample group: RIS,False,,IMR90,no,True
SRR2184442,SRP062872,GSM1861980,"GSE72407,GSE72409",Oncogene-induced CS,RIS rep 7,IMR90 cells,sample group: RIS,False,,IMR90,no,True
SRR2184443,SRP062872,GSM1861981,"GSE72407,GSE72409",Oncogene-induced CS,RIS rep 8,IMR90 cells,sample group: RIS,False,,IMR90,no,True
SRR2184444,SRP062872,GSM1861982,"GSE72407,GSE72409",Stress-induced CS,DDIS rep 1,IMR90 cells,sample group: DDIS,False,,IMR90,no,True
SRR2184445,SRP062872,GSM1861983,"GSE72407,GSE72409",Stress-induced CS,DDIS rep 2,IMR90 cells,sample group: DDIS,False,,IMR90,no,True
SRR2184446,SRP062872,GSM1861984,"GSE72407,GSE72409",Stress-induced CS,DDIS rep 3,IMR90 cells,sample group: DDIS,False,,IMR90,no,True
SRR2184447,SRP062872,GSM1861985,"GSE72407,GSE72409",Stress-induced CS,DDIS rep 4,IMR90 cells,sample group: DDIS,False,,IMR90,no,True
SRR2184448,SRP062872,GSM1861986,"GSE72407,GSE72409",Stress-induced CS,DDIS rep 5,IMR90 cells,sample group: DDIS,False,,IMR90,no,True
SRR2184449,SRP062872,GSM1861987,"GSE72407,GSE72409",Stress-induced CS,DDIS rep 6,IMR90 cells,sample group: DDIS,False,,IMR90,no,True
SRR2184450,SRP062872,GSM1861988,"GSE72407,GSE72409",Stress-induced CS,DDIS rep 7,IMR90 cells,sample group: DDIS,False,,IMR90,no,True
SRR2184451,SRP062872,GSM1861989,"GSE72407,GSE72409",Stress-induced CS,DDIS rep 8,IMR90 cells,sample group: DDIS,False,,IMR90,no,True
SRR7516120,SRP153205,GSM3267560,GSE117033,Proliferating,P_12_1,human dermal fibroblasts,strain: 12-1 | tissue: Foreskin | cell type: human dermal fibroblasts | cell growth conditions: proliferating cells | treatment: no treatment,False,,HDF 12-1,no,True
SRR7516121,SRP153205,GSM3267561,GSE117033,Proliferating,P_12_3,human dermal fibroblasts,strain: 12-3 | tissue: Foreskin | cell type: human dermal fibroblasts | cell growth conditions: proliferating cells | treatment: no treatment,False,,HDF 12-1,no,True
SRR7516122,SRP153205,GSM3267562,GSE117033,Contact_inhibited CQ,Q_12_1,human dermal fibroblasts,strain: 12-1 | tissue: Foreskin | cell type: human dermal fibroblasts | cell growth conditions: quiescent cells (contact-inhibited for 7 days) | treatment: no treatment,False,,HDF 12-1,no,True
SRR7516123,SRP153205,GSM3267563,GSE117033,Contact_inhibited CQ,Q_12_3,human dermal fibroblasts,strain: 12-3 | tissue: Foreskin | cell type: human dermal fibroblasts | cell growth conditions: quiescent cells (contact-inhibited for 7 days) | treatment: no treatment,False,,HDF 12-1,no,True
SRR627536,SRP017378,GSM1041191,"GSE42509,GSE45833",Proliferating,C1.rna,BJ cells,"cell line: BJ cells | condition: Proliferation, normal conditions",True,Immortalized,BJ-hTERT,yes,True
SRR627537,SRP017378,GSM1041192,"GSE42509,GSE45833",Proliferating,C2.rna,BJ cells,"cell line: BJ cells | condition: Proliferation, normal conditions",True,Immortalized,BJ-hTERT,yes,True
SRR627538,SRP017378,GSM1041193,"GSE42509,GSE45833",Serum_starved CQ,Q1.rna,BJ cells,cell line: BJ cells | condition: Quiescence induced by serum depletion,True,Immortalized,BJ-hTERT,yes,True
SRR627539,SRP017378,GSM1041194,"GSE42509,GSE45833",Serum_starved CQ,Q2.rna,BJ cells,cell line: BJ cells | condition: Quiescence induced by serum depletion,True,Immortalized,BJ-hTERT,yes,True
SRR627542,SRP017378,GSM1041197,"GSE42509,GSE45833",Proliferating,C3.rna,BJ cells,"cell line: BJ cells | condition: Proliferation, normal conditions",True,Immortalized,BJ-hTERT,yes,True
SRR5859249,SRP113324,GSM2714454,"GSE101750,GSE101763",Proliferating,Vector Replicate 1,IMR90 ER:RAS,imr90 passage: 15 | days after 4oht induction: 6 | state: proliferating | transduction: empty pGIPz vector,False,,IMR90 ER:RAS,no,True
SRR5859250,SRP113324,GSM2714455,"GSE101750,GSE101763",Oncogene-induced CS,Vector + 4OHT Replicate 1,IMR90 ER:RAS,imr90 passage: 15 | days after 4oht induction: 6 | state: senescent | transduction: empty pGIPz vector,False,,IMR90 ER:RAS,no,True
SRR5859253,SRP113324,GSM2714458,"GSE101750,GSE101763",Proliferating,Vector Replicate 2,IMR90 ER:RAS,imr90 passage: 15 | days after 4oht induction: 6 | state: proliferating | transduction: empty pGIPz vector,False,,IMR90 ER:RAS,no,True
SRR5859254,SRP113324,GSM2714459,"GSE101750,GSE101763",Oncogene-induced CS,Vector + 4OHT Replicate 2,IMR90 ER:RAS,imr90 passage: 15 | days after 4oht induction: 6 | state: senescent | transduction: empty pGIPz vector,False,,IMR90 ER:RAS,no,True
SRR5859257,SRP113324,GSM2714462,"GSE101750,GSE101763",Proliferating,Vector Replicate 3,IMR90 ER:RAS,imr90 passage: 15 | days after 4oht induction: 6 | state: proliferating | transduction: empty pGIPz vector,False,,IMR90 ER:RAS,no,True
SRR5859258,SRP113324,GSM2714463,"GSE101750,GSE101763",Oncogene-induced CS,Vector + 4OHT Replicate 3,IMR90 ER:RAS,imr90 passage: 15 | days after 4oht induction: 6 | state: senescent | transduction: empty pGIPz vector,False,,IMR90 ER:RAS,no,True
SRR7523098,SRP153724,GSM3271545,GSE117121,Contact_inhibited CQ,7dCI_0hr_12-3,dermal fibroblasts,cell type: dermal fibroblasts | cell strain: 12-3 | cell growth conditions: contact-inhibited for 7 days | treatment: untreated | time: 0 hour,False,,HDF 12-3,no,True
SRR7523095,SRP153724,GSM3271542,GSE117121,Proliferating,P_0hr_12-1,dermal fibroblasts,cell type: dermal fibroblasts | cell strain: 12-1 | cell growth conditions: proliferating cells | treatment: untreated | time: 0 hour,False,,HDF 12-3,no,True
SRR7523096,SRP153724,GSM3271543,GSE117121,Contact_inhibited CQ,7dCI_0hr_12-1,dermal fibroblasts,cell type: dermal fibroblasts | cell strain: 12-1 | cell growth conditions: contact-inhibited for 7 days | treatment: untreated | time: 0 hour,False,,HDF 12-3,no,True
SRR7523097,SRP153724,GSM3271544,GSE117121,Proliferating,P_0hr_12-3,dermal fibroblasts,cell type: dermal fibroblasts | cell strain: 12-3 | cell growth conditions: proliferating cells | treatment: untreated | time: 0 hour,False,,HDF 12-3,no,True
SRR1049936,SRP034163,GSM1289414,"GSE53330,GSE53332",Proliferating,PD38_RNAseq_IMR90,IMR90,cell line: IMR90 | growth protocol: RS_Proliferating | population doubling: PD38,False,,IMR90,no,True
SRR1049937,SRP034163,GSM1289415,"GSE53330,GSE53332",Replicative CS,PD79_RNAseq_IMR90,IMR90,cell line: IMR90 | growth protocol: RS_Senescent | population doubling: PD79,False,,IMR90,no,True
SRR616151,SRP017142,GSM1035443,"GSE42212,GSE42213",Proliferating,Proliferatives_rep1_RNAseq,WI38,cell line: WI38 | cell type: primary fibroblasts | status: Proliferative | genotype/variation: infected with pBABE-puro-empty,False,,WI-38,no,True
SRR616152,SRP017142,GSM1035444,"GSE42212,GSE42213",Proliferating,Proliferatives_rep2_RNAseq,WI38,cell line: WI38 | cell type: primary fibroblasts | status: Proliferative | genotype/variation: infected with pBABE-puro-empty,False,,WI-38,no,True
SRR616153,SRP017142,GSM1035445,"GSE42212,GSE42213",Proliferating,Proliferatives_rep3_RNAseq,WI38,cell line: WI38 | cell type: primary fibroblasts | status: Proliferative | genotype/variation: infected with pBABE-puro-empty,False,,WI-38,no,True
SRR616154,SRP017142,GSM1035446,"GSE42212,GSE42213",Oncogene-induced CS,Ras_rep1_RNAseq,WI38,cell line: WI38 | cell type: primary fibroblasts | status: Senescent | genotype/variation: infected with pBABE-puro-H-RasG12V,False,,WI-38,no,True
SRR616155,SRP017142,GSM1035447,"GSE42212,GSE42213",Oncogene-induced CS,Ras_rep2_RNAseq,WI38,cell line: WI38 | cell type: primary fibroblasts | status: Senescent | genotype/variation: infected with pBABE-puro-H-RasG12V,False,,WI-38,no,True
SRR616156,SRP017142,GSM1035448,"GSE42212,GSE42213",Oncogene-induced CS,Ras_rep3_RNAseq,WI38,cell line: WI38 | cell type: primary fibroblasts | status: Senescent | genotype/variation: infected with pBABE-puro-H-RasG12V,False,,WI-38,no,True
SRR2518251,SRP064207,GSM1894186,GSE73458,Proliferating,Young whole cells,WI-38,cellular fraction: Whole cells | cell line: WI-38,False,,WI-38,no,True
SRR2518252,SRP064207,GSM1894187,GSE73458,Replicative CS,Senescent whole cells,WI-38,cellular fraction: Whole cells | cell line: WI-38,False,,WI-38,no,True
SRR7547693,SRP154577,GSM3294929,GSE117444,Proliferating,P_rep1,human dermal fibroblasts (foreskin),cell type: human dermal fibroblasts (foreskin) | cell growth conditions: proliferating cells | fibroblast strain: 10-5,False,,HDF 10-5,no,True
SRR7547694,SRP154577,GSM3294930,GSE117444,Proliferating,P_rep2,human dermal fibroblasts (foreskin),cell type: human dermal fibroblasts (foreskin) | cell growth conditions: proliferating cells | fibroblast strain: 12-1,False,,HDF 10-5,no,True
SRR7547695,SRP154577,GSM3294931,GSE117444,Proliferating,P_rep3,human dermal fibroblasts (foreskin),cell type: human dermal fibroblasts (foreskin) | cell growth conditions: proliferating cells | fibroblast strain: 12-1,False,,HDF 10-5,no,True
SRR7547696,SRP154577,GSM3294932,GSE117444,Contact_inhibited CQ,7dCI_rep1,human dermal fibroblasts (foreskin),cell type: human dermal fibroblasts (foreskin) | cell growth conditions: 7 day contact inhibited cells (quiescent) | fibroblast strain: 10-5,False,,HDF 10-5,no,True
SRR7547697,SRP154577,GSM3294933,GSE117444,Contact_inhibited CQ,7dCI_rep2,human dermal fibroblasts (foreskin),cell type: human dermal fibroblasts (foreskin) | cell growth conditions: 7 day contact inhibited cells (quiescent) | fibroblast strain: 12-1,False,,HDF 10-5,no,True
SRR7547698,SRP154577,GSM3294934,GSE117444,Contact_inhibited CQ,7dCI_rep3,human dermal fibroblasts (foreskin),cell type: human dermal fibroblasts (foreskin) | cell growth conditions: 7 day contact inhibited cells (quiescent) | fibroblast strain: 12-1,False,,HDF 10-5,no,True
SRR1210368,SRP040745,GSM1358447,GSE56293,Replicative CS,late_9_24,BJ foreskin fibroblasts,cell type: BJ foreskin fibroblasts | develpmental stage: senescent | treatment: none,False,,BJ,no,True
SRR1210370,SRP040745,GSM1358449,GSE56293,Proliferating,young_9_11,BJ foreskin fibroblasts,cell type: BJ foreskin fibroblasts | develpmental stage: young | treatment: none,False,,BJ,no,True
SRR1210372,SRP040745,GSM1358451,GSE56293,Replicative CS,late_9_11,BJ foreskin fibroblasts,cell type: BJ foreskin fibroblasts | develpmental stage: senescent | treatment: none,False,,BJ,no,True
SRR1210373,SRP040745,GSM1358452,GSE56293,Proliferating,young_9_24,BJ foreskin fibroblasts,cell type: BJ foreskin fibroblasts | develpmental stage: young | treatment: none,False,,BJ,no,True
SRR5223435,SRP098713,GSM2474587,GSE94395,Proliferating,IMR90 1,IMR90,cell type: Fibroblasts | population doublings: 35 | cell line: IMR90,False,,IMR90,no,True
SRR5223436,SRP098713,GSM2474588,GSE94395,Proliferating,IMR90 2,IMR90,cell type: Fibroblasts | population doublings: 35 | cell line: IMR90,False,,IMR90,no,True
SRR5223437,SRP098713,GSM2474589,GSE94395,Proliferating,IMR90 3,IMR90,cell type: Fibroblasts | population doublings: 35 | cell line: IMR90,False,,IMR90,no,True
SRR5223438,SRP098713,GSM2474590,GSE94395,Stress-induced CS,IMR90 senescent 1,IMR90,cell type: Fibroblasts | population doublings: 35 | cell line: IMR90,False,,IMR90,no,True
SRR5223439,SRP098713,GSM2474591,GSE94395,Stress-induced CS,IMR90 senescent 2,IMR90,cell type: Fibroblasts | population doublings: 35 | cell line: IMR90,False,,IMR90,no,True
SRR5223440,SRP098713,GSM2474592,GSE94395,Stress-induced CS,IMR90 senescent 3,IMR90,cell type: Fibroblasts | population doublings: 35 | cell line: IMR90,False,,IMR90,no,True
SRR2970373,SRP066917,GSM1960706,GSE75627,Proliferating,BJ control,hTERT-immortalized BJ cells,cell type: hTERT-immortalized BJ cells | ras activation: No | genetic manipulation: None,True,hTERT,BJ-hTERT,yes,True
SRR2970374,SRP066917,GSM1960707,GSE75627,Oncogene-induced CS,BJ RASG12V,hTERT-immortalized BJ cells,cell type: hTERT-immortalized BJ cells | ras activation: Yes | genetic manipulation: None,True,hTERT,BJ-hTERT,yes,True
SRR2970377,SRP066917,GSM1960710,GSE75627,Oncogene-induced CS,BJ RASG12V + control CRISPR sgRNA,hTERT-immortalized BJ cells,cell type: hTERT-immortalized BJ cells | ras activation: Yes | genetic manipulation: control CRISPR-Cas9 sgRNA,True,hTERT,BJ-hTERT,yes,True
SRR1051229,SRP034541,GSM1290015,GSE53356,Proliferating,PD32.1,IMR90,cell line: IMR90 | cell type: proliferating,False,,IMR90,no,True
SRR1051230,SRP034541,GSM1290016,GSE53356,Proliferating,PD32.2,IMR90,cell line: IMR90 | cell type: proliferating,False,,IMR90,no,True
SRR1051231,SRP034541,GSM1290017,GSE53356,Replicative CS,PD88.1,IMR90,cell line: IMR90 | cell type: senescent,False,,IMR90,no,True
SRR1051232,SRP034541,GSM1290018,GSE53356,Replicative CS,PD88.2,IMR90,cell line: IMR90 | cell type: senescent,False,,IMR90,no,True
SRR3180966,SRP070636,GSM2067916,"GSE78138,GSE78142",Proliferating,RNA WT Control,IMR90 Lung Fibroblasts,genotype/variation: WT | treatment: None,False,,IMR90,no,True
SRR3180967,SRP070636,GSM2067917,"GSE78138,GSE78142",Oncogene-induced CS,RNA WT OIS,IMR90 Lung Fibroblasts,genotype/variation: WT | treatment: None,False,,IMR90,no,True
SRR6205675,SRP121031,GSM2828805,"GSE105937,GSE105951",Proliferating,"RNA-seq from Proliferating Fibroblasts, Replicate #1",IMR90,cell line: IMR90 | cell type: Lung Fibroblasts | population doubling: PD29 | shRNA: none | library type: single | senescence induction: None,False,,IMR90,no,True
SRR6205676,SRP121031,GSM2828806,"GSE105937,GSE105951",Replicative CS,"RNA-seq from Senescent Fibroblasts, Replicate #1",IMR90,cell line: IMR90 | cell type: Lung Fibroblasts | population doubling: PD78 | shRNA: none | library type: single | senescence induction: Replicative Senescence,False,,IMR90,no,True
SRR6205678,SRP121031,GSM2828808,"GSE105937,GSE105951",Replicative CS,"RNA-seq from Senescent Fibroblasts, Replicate #2",IMR90,cell line: IMR90 | cell type: Lung Fibroblasts | population doubling: PD79 | shRNA: none | library type: single | senescence induction: Replicative Senescence,False,,IMR90,no,True
SRR6205684,SRP121031,GSM2828814,"GSE105937,GSE105951",Replicative CS,"RNA-seq from Senescent Fibroblasts (p300 knockdown control vector), Replicate #2",IMR90,cell line: IMR90 | cell type: Lung Fibroblasts | population doubling: PD75 | shRNA: control vector | library type: single | senescence induction: Replicative Senescence,False,,IMR90,no,True
SRR6205677,SRP121031,GSM2828807,"GSE105937,GSE105951",Proliferating,"RNA-seq from Proliferating Fibroblasts, Replicate #2",IMR90,cell line: IMR90 | cell type: Lung Fibroblasts | population doubling: PD34 | shRNA: none | library type: single | senescence induction: None,False,,IMR90,no,True
SRR6205681,SRP121031,GSM2828811,"GSE105937,GSE105951",Replicative CS,"RNA-seq from Senescent Fibroblasts (p300 knockdown control vector), Replicate #1",IMR90,cell line: IMR90 | cell type: Lung Fibroblasts | population doubling: PD78 | shRNA: control vector | library type: single | senescence induction: Replicative Senescence,False,,IMR90,no,True
SRR6243319,SRP123346,GSM2837350,GSE106414,Proliferating,BJ.Ctr,BJ cells,cell line: BJ cells | condition: BJ Ctr (non targeting ShRNA 500),True,Immortalized,BJ-hTERT,yes,True
SRR6243320,SRP123346,GSM2837351,GSE106414,Oncogene-induced CS,BJ.Ctr1,BJ cells,cell line: BJ cells | condition: BJ Ctr1 (non targeting ShRNA 500) senescence induced by oncogenic RASG12V,True,Immortalized,BJ-hTERT,yes,True
SRR6243321,SRP123346,GSM2837352,GSE106414,Oncogene-induced CS,BJ.Ctr2,BJ cells,cell line: BJ cells | condition: BJ Ctr1 (non targeting ShRNA 507) senescence induced by oncogenic RASG12V,True,Immortalized,BJ-hTERT,yes,True
SRR1560895,SRP045867,GSM1492877,GSE60883,Proliferating,MRC_5_PD32_1,MRC-5 fibroblasts,population doublings: 32 | cell type: MRC-5 fibroblasts | treatment: control,False,,MRC-5,no,True
SRR1560896,SRP045867,GSM1492878,GSE60883,Proliferating,MRC_5_PD32_2,MRC-5 fibroblasts,population doublings: 32 | cell type: MRC-5 fibroblasts | treatment: control,False,,MRC-5,no,True
SRR1560897,SRP045867,GSM1492879,GSE60883,Proliferating,MRC_5_PD32_3,MRC-5 fibroblasts,population doublings: 32 | cell type: MRC-5 fibroblasts | treatment: control,False,,MRC-5,no,True
SRR1560898,SRP045867,GSM1492880,GSE60883,Contact_inhibited CQ,150_day_Quiescence_1,MRC-5 fibroblasts,population doublings: 36 | cell type: MRC-5 fibroblasts | treatment: subjected to quiescence using 150 days contact inhibition,False,,MRC-5,no,True
SRR1560899,SRP045867,GSM1492881,GSE60883,Contact_inhibited CQ,150_day_Quiescence_2,MRC-5 fibroblasts,population doublings: 36 | cell type: MRC-5 fibroblasts | treatment: subjected to quiescence using 150 days contact inhibition,False,,MRC-5,no,True
SRR1560900,SRP045867,GSM1492882,GSE60883,Contact_inhibited CQ,150_day_Quiescence_3,MRC-5 fibroblasts,population doublings: 36 | cell type: MRC-5 fibroblasts | treatment: subjected to quiescence using 150 days contact inhibition,False,,MRC-5,no,True
SRR6048203,SRP117883,GSM2786646,"GSE95021,GSE103938",Oncogene-induced CS,RAS_2,IMR90,cell line: IMR90 | cell type: fibroblasts | passage: 12 | vector: RAS expressing vector | days post-infection: 10,False,,IMR90,no,True
SRR6048206,SRP117883,GSM2786649,"GSE95021,GSE103938",Proliferating,Prolif_3,IMR90,cell line: IMR90 | cell type: fibroblasts | passage: 12 | vector: empty vector (MSCV) | days post-infection: 10,False,,IMR90,no,True
SRR6048210,SRP117883,GSM2786653,"GSE95021,GSE103938",Oncogene-induced CS,RAS_3,IMR90,cell line: IMR90 | cell type: fibroblasts | passage: 12 | vector: RAS expressing vector | days post-infection: 10,False,,IMR90,no,True
SRR6048192,SRP117883,GSM2786635,"GSE95021,GSE103938",Proliferating,Prolif_1,IMR90,cell line: IMR90 | cell type: fibroblasts | passage: 12 | vector: empty vector (MSCV) | days post-infection: 10,False,,IMR90,no,True
SRR6048196,SRP117883,GSM2786639,"GSE95021,GSE103938",Oncogene-induced CS,RAS_1,IMR90,cell line: IMR90 | cell type: fibroblasts | passage: 12 | vector: RAS expressing vector | days post-infection: 10,False,,IMR90,no,True
SRR6048199,SRP117883,GSM2786642,"GSE95021,GSE103938",Proliferating,Prolif_2,IMR90,cell line: IMR90 | cell type: fibroblasts | passage: 12 | vector: empty vector (MSCV) | days post-infection: 10,False,,IMR90,no,True
