condition,pathway,n_measured_genes,set_net,set_sum_positive,set_sum_negative,cancellation_ratio,frac_genes_with_set_net
CICQ,HALLMARK ADIPOGENESIS,136,0.019331983376743835,0.11951213241081401,-0.10018014903407017,11.364187376095698,0.5294117647058824
CICQ,HALLMARK ALLOGRAFT REJECTION,79,0.04614578995217632,0.11871649877562025,-0.07257070882344394,4.1452797275180835,0.5316455696202531
CICQ,HALLMARK ANDROGEN RESPONSE,71,-0.02508916076345898,0.044673903362074226,-0.06976306412553321,4.561211455676857,0.4788732394366197
CICQ,HALLMARK ANGIOGENESIS,27,0.01039565425662317,0.05230826088635611,-0.041912606629732944,9.063486067368972,0.5925925925925926
CICQ,HALLMARK APICAL JUNCTION,129,0.044385809116777294,0.12326817234171973,-0.07888236322494241,4.5543956410665425,0.4806201550387597
CICQ,HALLMARK APICAL SURFACE,24,0.009219463528315213,0.02590517730354785,-0.016685713775232643,4.619671301694889,0.4583333333333333
CICQ,HALLMARK APOPTOSIS,112,0.01099452604648415,0.12887631411278744,-0.11788178806630326,22.443723461640207,0.49107142857142855
CICQ,HALLMARK BILE ACID METABOLISM,63,-0.002075563288374745,0.057074775386771685,-0.05915033867514643,55.99690200385427,0.49206349206349204
CICQ,HALLMARK CHOLESTEROL HOMEOSTASIS,56,-0.0004057048496580286,0.07886792432120174,-0.07927362917085978,389.79458496825987,0.5
CICQ,HALLMARK COAGULATION,65,0.07128806408691275,0.13545157783052583,-0.06416351374361308,2.800119404712307,0.6461538461538462
CICQ,HALLMARK COMPLEMENT,104,0.0668472767897596,0.1653816259655214,-0.09853434917576179,3.9480437770310597,0.5096153846153846
CICQ,HALLMARK DNA REPAIR,93,-0.0035011537458163994,0.053523962170179816,-0.05702511591599621,31.575042432304894,0.41935483870967744
CICQ,HALLMARK E2F TARGETS,136,0.031070317376900105,0.17220038920395442,-0.1411300718270543,10.084559395713189,0.4485294117647059
CICQ,HALLMARK EPITHELIAL MESENCHYMAL TRANSITION,153,-0.14799100405805027,0.18663068415321749,-0.3346216882112678,3.5221895795775615,0.5163398692810458
CICQ,HALLMARK ESTROGEN RESPONSE EARLY,137,0.0012883274178907686,0.14791321757263773,-0.14662489015474697,228.62053825540585,0.5109489051094891
CICQ,HALLMARK ESTROGEN RESPONSE LATE,131,0.028946219398015796,0.15631310980186458,-0.1273668904038488,9.800243558755001,0.5190839694656488
CICQ,HALLMARK FATTY ACID METABOLISM,94,-0.006366046669117028,0.055213566548456446,-0.06157961321757348,18.34626508985822,0.46808510638297873
CICQ,HALLMARK G2M CHECKPOINT,142,-0.061620227938100965,0.1290690562726649,-0.1906892842107659,5.189178151120049,0.5211267605633803
CICQ,HALLMARK GLYCOLYSIS,126,0.033954535778827635,0.12413754590880656,-0.09018301012997894,6.311986046130107,0.5634920634920635
CICQ,HALLMARK HEDGEHOG SIGNALING,27,-0.029191667541111847,0.009366214460312043,-0.038557882001423884,1.641704654050421,0.5925925925925926
CICQ,HALLMARK HEME METABOLISM,130,0.016365792883788068,0.09321474110486,-0.07684894822107192,10.391411557847391,0.5384615384615384
CICQ,HALLMARK HYPOXIA,130,0.08301963898599654,0.20917994828474398,-0.12616030929874747,4.039288313938049,0.5384615384615384
CICQ,HALLMARK IL2 STAT5 SIGNALING,126,0.047338778468239966,0.14744389293074167,-0.10010511446250173,5.229307037555402,0.5555555555555556
CICQ,HALLMARK IL6 JAK STAT3 SIGNALING,46,0.007932975186736116,0.0410237281950374,-0.033090753008301284,9.342583262740773,0.5217391304347826
CICQ,HALLMARK INFLAMMATORY RESPONSE,113,0.10239562425333877,0.19278659419670555,-0.09039096994336678,2.765524075906387,0.5398230088495575
CICQ,HALLMARK INTERFERON ALPHA RESPONSE,65,-0.0245275343221838,0.06398336502580974,-0.08851089934799353,6.217268412336115,0.5538461538461539
CICQ,HALLMARK INTERFERON GAMMA RESPONSE,115,-0.00763446432765095,0.11680854948972971,-0.12444301381738063,31.600326225028166,0.5304347826086957
CICQ,HALLMARK KRAS SIGNALING DN,69,-0.004902649764054926,0.08368088519519648,-0.08858353495925142,35.13700314010804,0.5652173913043478
CICQ,HALLMARK KRAS SIGNALING UP,123,0.1109166457254229,0.2978744775227216,-0.18695783179729872,4.371141104647498,0.4715447154471545
CICQ,HALLMARK MITOTIC SPINDLE,159,-0.020942454406058145,0.10787847330461242,-0.12882092771067055,11.30237155711852,0.5345911949685535
CICQ,HALLMARK MTORC1 SIGNALING,129,-0.021316981018530176,0.10873169496741299,-0.13004867598594316,11.2014159390484,0.5581395348837209
CICQ,HALLMARK MYC TARGETS,137,-0.030497866045550194,0.07920951144883362,-0.10970737749438382,6.19442975652985,0.5328467153284672
CICQ,HALLMARK MYOGENESIS,128,0.0841955800343038,0.24755530586074448,-0.1633597258264407,4.8804822238859344,0.4921875
CICQ,HALLMARK NOTCH SIGNALING,24,0.0009410751909185635,0.029882017751641402,-0.028940942560722837,62.5061215936937,0.4583333333333333
CICQ,HALLMARK OXIDATIVE PHOSPHORYLATION,103,0.019385895589677533,0.05116670168346105,-0.03178080609378352,4.278755520658632,0.5048543689320388
CICQ,HALLMARK P53 PATHWAY,134,0.06609156788093579,0.16799640634496854,-0.10190483846403277,4.083747041607931,0.5895522388059702
CICQ,HALLMARK PANCREAS BETA CELLS,11,-0.01294627994605924,0.007460962936283028,-0.020407242882342268,2.152603368283272,0.5454545454545454
CICQ,HALLMARK PEROXISOME,65,-0.01220005003237388,0.03956662201653709,-0.05176667204891097,7.486304877692085,0.6153846153846154
CICQ,HALLMARK PI3K AKT MTOR SIGNALING,71,-0.006285238535196602,0.046241345345040694,-0.0525265838802373,15.714269024507045,0.49295774647887325
CICQ,HALLMARK PROTEIN SECRETION,73,-0.010765585661512027,0.026584853184980772,-0.0373504388464928,5.938858696749608,0.5342465753424658
CICQ,HALLMARK REACTIVE OXYGEN SPECIES PATHWAY,25,-0.006256140408627956,0.009940402738787553,-0.016196543147415508,4.177806791253778,0.44
CICQ,HALLMARK SPERMATOGENESIS,59,-0.01708210497857254,0.03805112268523123,-0.05513322766380377,5.455085919792885,0.5932203389830508
CICQ,HALLMARK TGF BETA SIGNALING,39,0.00981007159700239,0.04015049608450139,-0.030340424487499008,7.1855663717622535,0.5641025641025641
CICQ,HALLMARK TNFA SIGNALING VIA NFKB,158,-0.01754152194681618,0.19056776291447403,-0.20810928486129024,22.727620156592227,0.5126582278481012
CICQ,HALLMARK UNFOLDED PROTEIN RESPONSE,79,0.01360205998304923,0.04626781795095214,-0.032665757967902914,5.803060420055594,0.5316455696202531
CICQ,HALLMARK UV RESPONSE DN,127,0.018584483551456792,0.17872463612318104,-0.16014015257172423,18.233747941214244,0.47244094488188976
CICQ,HALLMARK UV RESPONSE UP,99,0.025345662540332072,0.11902763507760013,-0.09368197253726808,8.392347498369295,0.5353535353535354
CICQ,HALLMARK WNT BETA CATENIN SIGNALING,27,0.007200828422611321,0.021168573380681923,-0.013967744958070603,4.879482786788944,0.5555555555555556
CICQ,HALLMARK XENOBIOTIC METABOLISM,115,0.07349528957802641,0.1803906931709181,-0.10689540359289172,3.9089048891876534,0.5565217391304348
CICQ,Lysosomal Genes,131,0.08570561236661524,0.15661779639490805,-0.07091218402829277,2.6547850734665563,0.5572519083969466
SSCQ,HALLMARK ADIPOGENESIS,136,-0.018163129848206873,0.09082795781950413,-0.108991087667711,11.001355336725842,0.5
SSCQ,HALLMARK ALLOGRAFT REJECTION,79,0.021864851373496547,0.07875449827239991,-0.056889646898903384,6.203753359866154,0.4936708860759494
SSCQ,HALLMARK ANDROGEN RESPONSE,71,-0.033992986761930605,0.043260228327715394,-0.077253215089646,3.545244325289083,0.43661971830985913
SSCQ,HALLMARK ANGIOGENESIS,27,-0.026969875039235983,0.02729532731873978,-0.05426520235797576,3.0241345040739214,0.48148148148148145
SSCQ,HALLMARK APICAL JUNCTION,129,0.04634518574236959,0.11008734467190576,-0.06374215892953614,3.750756433855952,0.5116279069767442
SSCQ,HALLMARK APICAL SURFACE,24,0.0017612825170759527,0.017895258206432712,-0.01613397568935676,19.320712927011932,0.4583333333333333
SSCQ,HALLMARK APOPTOSIS,112,-0.011773603086414206,0.09537168945830267,-0.10714529254471689,17.2009350507754,0.5089285714285714
SSCQ,HALLMARK BILE ACID METABOLISM,63,-0.011243989247230995,0.04420563086138435,-0.05544962010861534,8.862979924544247,0.5238095238095238
SSCQ,HALLMARK CHOLESTEROL HOMEOSTASIS,56,-0.02004608393428264,0.057162452074632705,-0.07720853600891535,6.703104133658143,0.5178571428571429
SSCQ,HALLMARK COAGULATION,65,0.056178243574881395,0.10335036324242362,-0.04717211966754224,2.679373247213232,0.5538461538461539
SSCQ,HALLMARK COMPLEMENT,104,0.038078252016948345,0.11403023590093078,-0.07595198388398243,4.9892579023940895,0.5096153846153846
SSCQ,HALLMARK DNA REPAIR,93,-0.009815458271729008,0.04394392539024527,-0.053759383661974275,9.954024187910786,0.45161290322580644
SSCQ,HALLMARK E2F TARGETS,136,0.050716484378715274,0.17788282919613882,-0.12716634481742356,6.0147933704487135,0.4485294117647059
SSCQ,HALLMARK EPITHELIAL MESENCHYMAL TRANSITION,153,-0.11829423532170741,0.14899579055276918,-0.26729002587447653,3.519071029075377,0.5620915032679739
SSCQ,HALLMARK ESTROGEN RESPONSE EARLY,137,0.02257277973468241,0.13022795171724114,-0.10765517198255872,10.538494881704775,0.5693430656934306
SSCQ,HALLMARK ESTROGEN RESPONSE LATE,131,0.02182198439017889,0.12975524501323352,-0.10793326062305462,10.892158173445548,0.5572519083969466
SSCQ,HALLMARK FATTY ACID METABOLISM,94,-0.004773748289699164,0.050137155709935814,-0.054910903999634976,22.005362104291173,0.4148936170212766
SSCQ,HALLMARK G2M CHECKPOINT,142,-0.0577048679020553,0.13785844338728737,-0.1955633112893427,5.7780524728444,0.5140845070422535
SSCQ,HALLMARK GLYCOLYSIS,126,0.009672898182627843,0.09063662511050426,-0.08096372692787643,17.740324440359394,0.5873015873015873
SSCQ,HALLMARK HEDGEHOG SIGNALING,27,-0.030651279523672175,0.007674059757970996,-0.03832533928164317,1.500733403448575,0.5185185185185185
SSCQ,HALLMARK HEME METABOLISM,130,-0.005575522700642925,0.06199169704374344,-0.06756721974438637,23.23708892319461,0.5
SSCQ,HALLMARK HYPOXIA,130,0.03045233303712403,0.14552964136659233,-0.1150773083294683,8.557864823636278,0.5615384615384615
SSCQ,HALLMARK IL2 STAT5 SIGNALING,126,0.015197369412688337,0.10664700128610918,-0.09144963187342084,13.034929123598092,0.5396825396825397
SSCQ,HALLMARK IL6 JAK STAT3 SIGNALING,46,-0.015351700726105389,0.025115693525909876,-0.040467394252015274,4.272040534662187,0.5217391304347826
SSCQ,HALLMARK INFLAMMATORY RESPONSE,113,0.04044336812527323,0.13894343948138577,-0.09850007135611258,5.871012278255799,0.5221238938053098
SSCQ,HALLMARK INTERFERON ALPHA RESPONSE,65,-0.037827222276766236,0.042728926015408994,-0.0805561482921752,3.2591627639364575,0.5692307692307692
SSCQ,HALLMARK INTERFERON GAMMA RESPONSE,115,-0.04395647424013625,0.07948679334498487,-0.1234432675851211,4.616613694298812,0.5130434782608696
SSCQ,HALLMARK KRAS SIGNALING DN,69,-0.008968482761719064,0.05890024663705158,-0.06786872939877063,14.134941149345906,0.5652173913043478
SSCQ,HALLMARK KRAS SIGNALING UP,123,0.04425934553188966,0.20853099258173521,-0.16427164704984554,8.423139455665238,0.4146341463414634
SSCQ,HALLMARK MITOTIC SPINDLE,159,-0.006075947562664255,0.11073896232771457,-0.11681490989037882,37.45158592486483,0.5094339622641509
SSCQ,HALLMARK MTORC1 SIGNALING,129,-0.05809090648976152,0.08401135531658512,-0.14210226180634664,3.892409858723484,0.5658914728682171
SSCQ,HALLMARK MYC TARGETS,137,-0.034876393765299205,0.0670153425007153,-0.1018917362660145,4.843020178731507,0.5401459854014599
SSCQ,HALLMARK MYOGENESIS,128,0.0185624075732061,0.1757798827131918,-0.15721747513998574,17.939340925464993,0.5078125
SSCQ,HALLMARK NOTCH SIGNALING,24,0.003383907866725039,0.019802834262246723,-0.016418926395521678,10.70412141357264,0.4166666666666667
SSCQ,HALLMARK OXIDATIVE PHOSPHORYLATION,103,0.009033073927406534,0.04612089936166666,-0.03708782543426013,9.21156247193658,0.5436893203883495
SSCQ,HALLMARK P53 PATHWAY,134,0.048217226595114966,0.12854421814188616,-0.08032699154677118,4.331879380839767,0.6194029850746269
SSCQ,HALLMARK PANCREAS BETA CELLS,11,-0.012865709645594348,0.0031428766469077784,-0.016008586292502125,1.48856638824956,0.6363636363636364
SSCQ,HALLMARK PEROXISOME,65,0.0010807996703947507,0.03518056641774103,-0.03409976674734627,64.10099397956273,0.4461538461538462
SSCQ,HALLMARK PI3K AKT MTOR SIGNALING,71,0.0025436874194658178,0.043194307426591645,-0.040650620007125826,32.9619617536675,0.5492957746478874
SSCQ,HALLMARK PROTEIN SECRETION,73,-0.007532659858297976,0.022577296855507377,-0.030109956713805345,6.9945085216176945,0.4794520547945205
SSCQ,HALLMARK REACTIVE OXYGEN SPECIES PATHWAY,25,-0.0068887879983071726,0.008460847847620856,-0.01534963584592803,3.456411156708552,0.6
SSCQ,HALLMARK SPERMATOGENESIS,59,-0.017376574944027907,0.0320178161119057,-0.0493943910559336,4.685169973373814,0.5932203389830508
SSCQ,HALLMARK TGF BETA SIGNALING,39,-0.0032007190870558385,0.03144823760892423,-0.03464895669598006,20.6507326969776,0.48717948717948717
SSCQ,HALLMARK TNFA SIGNALING VIA NFKB,158,-0.022246131867789648,0.14490811358621225,-0.16715424545400193,14.027713262459429,0.4936708860759494
SSCQ,HALLMARK UNFOLDED PROTEIN RESPONSE,79,0.020679361080047476,0.043428454416955274,-0.022749093336907788,3.2001737141537996,0.5949367088607594
SSCQ,HALLMARK UV RESPONSE DN,127,-0.02891927568709568,0.12111372117928837,-0.15003299686638408,9.37598579506136,0.5118110236220472
SSCQ,HALLMARK UV RESPONSE UP,99,0.013061614292545248,0.08760669779253431,-0.07454508349998906,12.414375257204577,0.494949494949495
SSCQ,HALLMARK WNT BETA CATENIN SIGNALING,27,0.005923302599097667,0.023795279709444075,-0.017871977110346403,7.034463649744638,0.5555555555555556
SSCQ,HALLMARK XENOBIOTIC METABOLISM,115,0.026394271692831345,0.141207032012839,-0.11481276032000766,9.699824087299266,0.6086956521739131
SSCQ,Lysosomal Genes,131,0.055546938213462654,0.1041109634086953,-0.04856402519523266,2.7485761324451334,0.5190839694656488
RS,HALLMARK ADIPOGENESIS,136,0.04094946467420073,0.13406214352968931,-0.0931126788554886,5.547687233340176,0.45588235294117646
RS,HALLMARK ALLOGRAFT REJECTION,79,0.019151293459111606,0.08586788476722067,-0.06671659130810906,7.967319617398199,0.5569620253164557
RS,HALLMARK ANDROGEN RESPONSE,71,-0.03214812318689862,0.06398756384075198,-0.0961356870276506,4.980796233033531,0.49295774647887325
RS,HALLMARK ANGIOGENESIS,27,0.03650963410942877,0.05155365312444041,-0.015044019015011638,1.8241122860843162,0.7037037037037037
RS,HALLMARK APICAL JUNCTION,129,0.05251642988442037,0.13880160863478835,-0.08628517875036804,4.28602606613842,0.4883720930232558
RS,HALLMARK APICAL SURFACE,24,-0.0020947658698544946,0.013051299843614165,-0.015146065713468658,13.46086737561819,0.5
RS,HALLMARK APOPTOSIS,112,0.06276196081565881,0.18360669232297586,-0.12084473150731703,4.850890887945836,0.5178571428571429
RS,HALLMARK BILE ACID METABOLISM,63,0.003990522444724109,0.05169687670199658,-0.047706354257272474,24.90982880968145,0.5714285714285714
RS,HALLMARK CHOLESTEROL HOMEOSTASIS,56,0.024951805379440747,0.06306272636557698,-0.03811092098613624,4.054762603874592,0.5
RS,HALLMARK COAGULATION,65,0.04677840220944988,0.10619756737491244,-0.059419165165462556,3.540452959441145,0.5846153846153846
RS,HALLMARK COMPLEMENT,104,-0.000994561845236614,0.08294488555211044,-0.08393944739734707,167.79683812398258,0.5384615384615384
RS,HALLMARK DNA REPAIR,93,-0.007179114787078262,0.04928761711805868,-0.056466731905136944,14.73083411530675,0.43010752688172044
RS,HALLMARK E2F TARGETS,136,0.08689673187861408,0.2752494206528601,-0.18835268877424602,5.335092579485167,0.47794117647058826
RS,HALLMARK EPITHELIAL MESENCHYMAL TRANSITION,153,0.09096697340131706,0.26966461247836493,-0.17869763907704786,4.928846533976486,0.5751633986928104
RS,HALLMARK ESTROGEN RESPONSE EARLY,137,0.04826143107563416,0.2097817398627562,-0.161520308787122,7.693556539340546,0.5328467153284672
RS,HALLMARK ESTROGEN RESPONSE LATE,131,-0.010361547817049484,0.17956991260126062,-0.18993146041831013,35.66082785542639,0.4580152671755725
RS,HALLMARK FATTY ACID METABOLISM,94,0.005553400154805345,0.07169811485998376,-0.06614471470517841,24.821339309735688,0.5212765957446809
RS,HALLMARK G2M CHECKPOINT,142,-0.0291426510464852,0.2283531303573792,-0.2574957814038644,16.671404086960724,0.4507042253521127
RS,HALLMARK GLYCOLYSIS,126,0.0023488456511458005,0.12226410758380814,-0.11991526193266236,103.10569764272589,0.42857142857142855
RS,HALLMARK HEDGEHOG SIGNALING,27,-0.015229705153985229,0.020003809767082353,-0.035233514921067584,3.6269464267136993,0.4444444444444444
RS,HALLMARK HEME METABOLISM,130,-0.0007391517844924575,0.09200255357691421,-0.09274170536140666,249.94089551603597,0.46923076923076923
RS,HALLMARK HYPOXIA,130,0.18151896998563266,0.2598989412202254,-0.07837997123459273,1.86360088139324,0.5923076923076923
RS,HALLMARK IL2 STAT5 SIGNALING,126,0.033405149227289814,0.1406124959181305,-0.10720734669084074,7.418612050579276,0.5
RS,HALLMARK IL6 JAK STAT3 SIGNALING,46,0.00321929973171649,0.049662486999925794,-0.046443187268209306,29.852974956417857,0.391304347826087
RS,HALLMARK INFLAMMATORY RESPONSE,113,0.04518077849545502,0.16799127727109664,-0.12281049877564162,6.43640472188835,0.4778761061946903
RS,HALLMARK INTERFERON ALPHA RESPONSE,65,-0.0661238226092917,0.03298902058567282,-0.09911284319496451,1.997795326522372,0.5538461538461539
RS,HALLMARK INTERFERON GAMMA RESPONSE,115,0.08593712792128518,0.19265875249988204,-0.10672162457859684,3.4837140165156417,0.48695652173913045
RS,HALLMARK KRAS SIGNALING DN,69,0.018463273614905903,0.08695744301999288,-0.06849416940508697,8.419504345078845,0.4782608695652174
RS,HALLMARK KRAS SIGNALING UP,123,0.12686843853542693,0.24715162464355622,-0.12028318610812931,2.89618769643076,0.5934959349593496
RS,HALLMARK MITOTIC SPINDLE,159,-0.0021286620765823463,0.1482888813513321,-0.15041754342791444,140.32590145018787,0.5094339622641509
RS,HALLMARK MTORC1 SIGNALING,129,0.08297615032532671,0.18876717933036846,-0.10579102900504174,3.5499141281022113,0.5426356589147286
RS,HALLMARK MYC TARGETS,137,-0.06820275437200049,0.05008196132118449,-0.11828471569318497,2.4686199049387603,0.5255474452554745
RS,HALLMARK MYOGENESIS,128,0.16835009812267782,0.30639070275714597,-0.13804060463446816,2.6399230671535108,0.59375
RS,HALLMARK NOTCH SIGNALING,24,-0.005261490293907061,0.02965598473074036,-0.03491747502464742,12.27284593305541,0.625
RS,HALLMARK OXIDATIVE PHOSPHORYLATION,103,0.0012798448445660656,0.04294195209841356,-0.041662107253847495,66.10493429064542,0.5145631067961165
RS,HALLMARK P53 PATHWAY,134,0.18834664005714885,0.27018866745701997,-0.08184202739987113,1.8690574716388708,0.6791044776119403
RS,HALLMARK PANCREAS BETA CELLS,11,-0.00906869720976937,0.010053408256497934,-0.019122105466267303,3.2171670360033127,0.45454545454545453
RS,HALLMARK PEROXISOME,65,0.0423554340716595,0.06000077450264546,-0.017645340430985968,1.8332031446606118,0.6153846153846154
RS,HALLMARK PI3K AKT MTOR SIGNALING,71,0.06769258377123138,0.0902570868610999,-0.022564503089868522,1.666675781386208,0.5915492957746479
RS,HALLMARK PROTEIN SECRETION,73,0.012450944274096395,0.03328570175482666,-0.02083475748073026,4.346695161759899,0.4931506849315068
RS,HALLMARK REACTIVE OXYGEN SPECIES PATHWAY,25,-0.005931475991890931,0.008697029641578567,-0.014628505633469494,3.932501000920679,0.44
RS,HALLMARK SPERMATOGENESIS,59,0.00017254137804889564,0.062099262625235914,-0.06192672124718701,718.8187858177174,0.4406779661016949
RS,HALLMARK TGF BETA SIGNALING,39,0.022887477612082943,0.04617846180758202,-0.023290984195499076,3.035260030856621,0.6153846153846154
RS,HALLMARK TNFA SIGNALING VIA NFKB,158,0.08009382416818932,0.24207194718147335,-0.16197812301328404,5.0447094316072505,0.5759493670886076
RS,HALLMARK UNFOLDED PROTEIN RESPONSE,79,0.04025972448283816,0.05992520579561957,-0.019665481312781403,1.9769307448273459,0.5569620253164557
RS,HALLMARK UV RESPONSE DN,127,0.004750416264616855,0.10767811701316889,-0.10292770074855202,44.334181686435294,0.5433070866141733
RS,HALLMARK UV RESPONSE UP,99,0.01015630624977183,0.1039533636126365,-0.0937970573628647,19.470702843363338,0.47474747474747475
RS,HALLMARK WNT BETA CATENIN SIGNALING,27,0.02845444006676641,0.042954035636520775,-0.014499595569754364,2.0191446772969033,0.5185185185185185
RS,HALLMARK XENOBIOTIC METABOLISM,115,-0.039332724766913234,0.10726731148278616,-0.14660003624969942,6.454354465318897,0.5652173913043478
RS,Lysosomal Genes,131,0.015685888375269578,0.09408403294527698,-0.0783981445700074,10.996009495211016,0.4961832061068702
SIPS,HALLMARK ADIPOGENESIS,136,0.03688998328101814,0.10070388647373286,-0.06381390319271472,4.459687292704758,0.5441176470588235
SIPS,HALLMARK ALLOGRAFT REJECTION,79,0.02170078088361815,0.08286459453905456,-0.06116381365543641,6.637014998073989,0.5316455696202531
SIPS,HALLMARK ANDROGEN RESPONSE,71,-0.040500898625752874,0.029738530493561198,-0.07023942911931405,2.468536822768257,0.43661971830985913
SIPS,HALLMARK ANGIOGENESIS,27,0.024370850792224365,0.0423850595720467,-0.018014208779822342,2.4783405744349194,0.6296296296296297
SIPS,HALLMARK APICAL JUNCTION,129,0.038146178073932197,0.09422878665492171,-0.05608260858098952,3.9404051159355578,0.49612403100775193
SIPS,HALLMARK APICAL SURFACE,24,-0.005639222066389223,0.013546638330139077,-0.0191858603965283,5.804435140399764,0.4583333333333333
SIPS,HALLMARK APOPTOSIS,112,0.014666831627080244,0.14167783600709857,-0.1270110043800183,18.319487617967926,0.5178571428571429
SIPS,HALLMARK BILE ACID METABOLISM,63,-0.00010976182736071948,0.02953023266750085,-0.029639994494861564,539.0783716446916,0.38095238095238093
SIPS,HALLMARK CHOLESTEROL HOMEOSTASIS,56,-0.005341145998946341,0.032740796294124866,-0.03808194229307121,13.259839480360098,0.5178571428571429
SIPS,HALLMARK COAGULATION,65,0.06307634004393872,0.09853892016628506,-0.035462580122346356,2.1244336655437923,0.6
SIPS,HALLMARK COMPLEMENT,104,0.05207965494730192,0.11376512976839398,-0.06168547482109205,3.3688895359813738,0.49038461538461536
SIPS,HALLMARK DNA REPAIR,93,-0.0019884904936262656,0.03997341171941019,-0.04196190221303646,41.20478030700925,0.41935483870967744
SIPS,HALLMARK E2F TARGETS,136,0.08386713002646762,0.23466868879664354,-0.1508015587701759,4.59620172343049,0.49264705882352944
SIPS,HALLMARK EPITHELIAL MESENCHYMAL TRANSITION,153,0.012883758586580238,0.15962460940001644,-0.1467408508134362,23.779199071035364,0.5163398692810458
SIPS,HALLMARK ESTROGEN RESPONSE EARLY,137,-0.019222767408665745,0.11092537708702786,-0.1301481444956936,12.541041383773075,0.45255474452554745
SIPS,HALLMARK ESTROGEN RESPONSE LATE,131,-0.0369105449622947,0.0949757579593502,-0.1318863029216449,6.146266903204544,0.46564885496183206
SIPS,HALLMARK FATTY ACID METABOLISM,94,0.022203176008954335,0.05726361209965565,-0.03506043609070132,4.158146030690544,0.5851063829787234
SIPS,HALLMARK G2M CHECKPOINT,142,-0.03990103810643339,0.17634892792327836,-0.21624996602971175,9.839315280613963,0.47183098591549294
SIPS,HALLMARK GLYCOLYSIS,126,0.0330573082257476,0.10485878117768489,-0.07180147295193731,5.344060469872907,0.5079365079365079
SIPS,HALLMARK HEDGEHOG SIGNALING,27,-0.016676287631307657,0.011679762823492035,-0.028356050454799688,2.400762937377589,0.5925925925925926
SIPS,HALLMARK HEME METABOLISM,130,0.0018054289846369878,0.06896649289715132,-0.06716106391251433,75.39900930361789,0.5384615384615384
SIPS,HALLMARK HYPOXIA,130,0.1070532360152404,0.1987410301033885,-0.09168779408814809,2.71293830062447,0.5307692307692308
SIPS,HALLMARK IL2 STAT5 SIGNALING,126,0.026028228507651352,0.10204078329208648,-0.07601255478443512,6.840778196801999,0.5476190476190477
SIPS,HALLMARK IL6 JAK STAT3 SIGNALING,46,-0.04110105598830527,0.019634925815872478,-0.06073598180417773,1.9554462942002908,0.5434782608695652
SIPS,HALLMARK INFLAMMATORY RESPONSE,113,0.01978848755591222,0.13470462951306394,-0.11491614195715172,12.614444169364338,0.5132743362831859
SIPS,HALLMARK INTERFERON ALPHA RESPONSE,65,-0.03862192562178585,0.02239315069054649,-0.06101507631233233,2.1596081930164015,0.6
SIPS,HALLMARK INTERFERON GAMMA RESPONSE,115,0.05461709685255681,0.13344385880605358,-0.07882676195349674,3.886523323138023,0.48695652173913045
SIPS,HALLMARK KRAS SIGNALING DN,69,-0.03290911617483168,0.04996523965252707,-0.08287435582735875,4.036559194545591,0.5507246376811594
SIPS,HALLMARK KRAS SIGNALING UP,123,0.0659882392401884,0.1922780093246938,-0.12628977008450534,4.827644790606624,0.5609756097560976
SIPS,HALLMARK MITOTIC SPINDLE,159,-0.003483991999021294,0.11710520516130023,-0.12058919716032153,68.22472680430774,0.5031446540880503
SIPS,HALLMARK MTORC1 SIGNALING,129,0.05261178605378157,0.13011366287554732,-0.07750187682176575,3.9461792740714285,0.5116279069767442
SIPS,HALLMARK MYC TARGETS,137,-0.057782090776161456,0.04527214846972561,-0.10305423924588707,2.566995858460804,0.5401459854014599
SIPS,HALLMARK MYOGENESIS,128,0.12278514098960965,0.18945040156479734,-0.0666652605751877,2.0858848234873806,0.546875
SIPS,HALLMARK NOTCH SIGNALING,24,-0.02302162636784013,0.010758943059435281,-0.03378056942727541,1.9346814067371798,0.6666666666666666
SIPS,HALLMARK OXIDATIVE PHOSPHORYLATION,103,0.006061089127052719,0.031356041768101944,-0.025294952641049227,9.346669092242573,0.5533980582524272
SIPS,HALLMARK P53 PATHWAY,134,0.13716050143602884,0.2144729361974595,-0.0773124347614306,2.1273279690872067,0.6417910447761194
SIPS,HALLMARK PANCREAS BETA CELLS,11,-0.010158949038929724,0.0055894119309176,-0.015748360969847327,2.1003917648368207,0.45454545454545453
SIPS,HALLMARK PEROXISOME,65,0.006409215499582426,0.036727140003266136,-0.030317924503683705,10.460728697813012,0.6
SIPS,HALLMARK PI3K AKT MTOR SIGNALING,71,0.05101001966386852,0.06934755606953971,-0.018337536405671203,1.718977821475339,0.5633802816901409
SIPS,HALLMARK PROTEIN SECRETION,73,0.012111299621156752,0.024603890101683703,-0.01249259048052695,3.0629644829699596,0.589041095890411
SIPS,HALLMARK REACTIVE OXYGEN SPECIES PATHWAY,25,-0.012923426602379762,0.004079254830977343,-0.017002681433357106,1.6312961657129195,0.48
SIPS,HALLMARK SPERMATOGENESIS,59,-0.01738143887133179,0.03928972832192971,-0.05667116719326151,5.520883295425274,0.559322033898305
SIPS,HALLMARK TGF BETA SIGNALING,39,-0.004067948503720891,0.014947914177096263,-0.01901586268081715,8.349116717393857,0.4358974358974359
SIPS,HALLMARK TNFA SIGNALING VIA NFKB,158,-0.024110646896188165,0.18027825374458784,-0.204388900640776,15.95424444817276,0.5063291139240507
SIPS,HALLMARK UNFOLDED PROTEIN RESPONSE,79,0.003029883578910829,0.03021370044689341,-0.02718381686798258,18.943802895393436,0.5189873417721519
SIPS,HALLMARK UV RESPONSE DN,127,-0.011838327146091787,0.0628571757854469,-0.07469550293153869,11.619266558484673,0.5275590551181102
SIPS,HALLMARK UV RESPONSE UP,99,0.012668683565844477,0.08688583524895914,-0.07421715168311466,12.716632007955193,0.47474747474747475
SIPS,HALLMARK WNT BETA CATENIN SIGNALING,27,0.005997104706972741,0.01824857074894631,-0.012251466041973573,5.0857936089489915,0.48148148148148145
SIPS,HALLMARK XENOBIOTIC METABOLISM,115,-0.02896373866960302,0.07780054874034942,-0.10676428740995245,6.372272525162634,0.591304347826087
SIPS,Lysosomal Genes,131,0.046241540613721134,0.10109098624047587,-0.05484944562675474,3.372301826400628,0.5190839694656488
OIS,HALLMARK ADIPOGENESIS,136,0.035672771936237815,0.12694730483922476,-0.09127453290298691,6.117322145087729,0.4411764705882353
OIS,HALLMARK ALLOGRAFT REJECTION,79,0.030544584406875443,0.13387877976759316,-0.1033341953607177,7.766122202498042,0.4430379746835443
OIS,HALLMARK ANDROGEN RESPONSE,71,-0.015602089678232673,0.04663561770747508,-0.06223770738570776,6.978124555012522,0.38028169014084506
OIS,HALLMARK ANGIOGENESIS,27,0.07472937969571056,0.10262966998155171,-0.027900290285841154,1.746702044080867,0.5555555555555556
OIS,HALLMARK APICAL JUNCTION,129,-0.001263086564695641,0.1169982551265098,-0.11826134169120547,186.2576987147389,0.5503875968992248
OIS,HALLMARK APICAL SURFACE,24,-0.015979455481480036,0.014441051916380416,-0.030420507397860452,2.807452316897455,0.4583333333333333
OIS,HALLMARK APOPTOSIS,112,-0.05811054151403871,0.15397567681214727,-0.21208621832618602,6.299406021709466,0.5178571428571429
OIS,HALLMARK BILE ACID METABOLISM,63,-0.012482883691372983,0.028650488860756024,-0.04113337255212902,5.59036382443531,0.47619047619047616
OIS,HALLMARK CHOLESTEROL HOMEOSTASIS,56,0.01928729692959534,0.0631962364752806,-0.04390893954568524,5.553146011695324,0.5178571428571429
OIS,HALLMARK COAGULATION,65,0.08406031154304343,0.14679456672743543,-0.06273425518439198,2.4926010630419486,0.5538461538461539
OIS,HALLMARK COMPLEMENT,104,0.12623749292489533,0.212094825258284,-0.08585733233338863,2.3602509103134555,0.5192307692307693
OIS,HALLMARK DNA REPAIR,93,-0.012543067012730459,0.0433337398310184,-0.05587680684374888,7.909592332885931,0.5161290322580645
OIS,HALLMARK E2F TARGETS,136,0.060396277385812575,0.20378609978635304,-0.1433898224005404,5.748300014736454,0.5
OIS,HALLMARK EPITHELIAL MESENCHYMAL TRANSITION,153,0.08444251387076744,0.3430411147044755,-0.25859860083370806,7.124843730480897,0.5032679738562091
OIS,HALLMARK ESTROGEN RESPONSE EARLY,137,-0.011374085360518593,0.16226369571501528,-0.17363778107553388,29.532174776577726,0.5766423357664233
OIS,HALLMARK ESTROGEN RESPONSE LATE,131,-0.04570622314115763,0.13364562923594225,-0.17935185237709994,6.848027688623294,0.5038167938931297
OIS,HALLMARK FATTY ACID METABOLISM,94,0.010415392532432146,0.07304069105000227,-0.06262529851757011,13.02552824054653,0.5531914893617021
OIS,HALLMARK G2M CHECKPOINT,142,-0.015877719545908418,0.18029696944758056,-0.19617468899348894,23.7106882605244,0.4859154929577465
OIS,HALLMARK GLYCOLYSIS,126,0.02258148473015754,0.14318548127267713,-0.1206039965425196,11.681671110974658,0.3968253968253968
OIS,HALLMARK HEDGEHOG SIGNALING,27,0.011186914473358565,0.03645144668875196,-0.025264532215393386,5.516800816804387,0.48148148148148145
OIS,HALLMARK HEME METABOLISM,130,-0.013103799696451436,0.08465836619555948,-0.09776216589201091,13.921193570821343,0.4846153846153846
OIS,HALLMARK HYPOXIA,130,0.06956920553480253,0.2455233697588982,-0.17595416422409565,6.0583922260280305,0.45384615384615384
OIS,HALLMARK IL2 STAT5 SIGNALING,126,-0.001721573574704617,0.14705889499011685,-0.14878046856482147,171.84241667144414,0.4444444444444444
OIS,HALLMARK IL6 JAK STAT3 SIGNALING,46,-0.0796778225944304,0.03177428737282566,-0.11145210996725605,1.7975691688905844,0.6956521739130435
OIS,HALLMARK INFLAMMATORY RESPONSE,113,0.004232487040986871,0.19429423996871803,-0.19006175292773114,90.81090837949276,0.5486725663716814
OIS,HALLMARK INTERFERON ALPHA RESPONSE,65,-0.051522435232391424,0.0395670144801097,-0.09108944971250112,2.535913987824647,0.5076923076923077
OIS,HALLMARK INTERFERON GAMMA RESPONSE,115,0.07148836571455057,0.18538741820959243,-0.11389905249504187,4.186505981961737,0.4956521739130435
OIS,HALLMARK KRAS SIGNALING DN,69,-0.022652300968283322,0.0416303948474223,-0.06428269581570561,4.675599658128435,0.43478260869565216
OIS,HALLMARK KRAS SIGNALING UP,123,0.13724210187762861,0.36930758560289195,-0.23206548372526326,4.3818410028751025,0.5772357723577236
OIS,HALLMARK MITOTIC SPINDLE,159,-0.010875855289486897,0.1284940768091057,-0.1393699320985926,24.629236209737734,0.5283018867924528
OIS,HALLMARK MTORC1 SIGNALING,129,0.12999159761355056,0.19493744229702267,-0.06494584468347214,1.9992314253502497,0.5658914728682171
OIS,HALLMARK MYC TARGETS,137,-0.07035413252634146,0.03239954959787161,-0.10275368212421307,1.921041833206907,0.5255474452554745
OIS,HALLMARK MYOGENESIS,128,0.14297889149613738,0.2911276999982288,-0.14814880850209142,3.0723172064331425,0.5
OIS,HALLMARK NOTCH SIGNALING,24,-0.015338290186896923,0.023220184447808084,-0.038558474634705006,4.027740923514989,0.5
OIS,HALLMARK OXIDATIVE PHOSPHORYLATION,103,0.0034146745276160085,0.038033336455372366,-0.03461866192775636,21.276405055755486,0.5436893203883495
OIS,HALLMARK P53 PATHWAY,134,0.029426850804015022,0.17915170183194612,-0.1497248510279311,11.176070285271743,0.5074626865671642
OIS,HALLMARK PANCREAS BETA CELLS,11,-0.005517251017336588,0.006290403655435603,-0.01180765467277219,3.280267341714044,0.5454545454545454
OIS,HALLMARK PEROXISOME,65,0.01361973332635708,0.04919082637616088,-0.03557109304980379,6.223463954461747,0.5692307692307692
OIS,HALLMARK PI3K AKT MTOR SIGNALING,71,0.03312775305359629,0.07227724129785809,-0.0391494882442618,3.3635462496308244,0.5633802816901409
OIS,HALLMARK PROTEIN SECRETION,73,0.011260913177844372,0.026231010764937845,-0.014970097587093473,3.6587715135832592,0.5753424657534246
OIS,HALLMARK REACTIVE OXYGEN SPECIES PATHWAY,25,-0.008095885493438785,0.0038511807479160894,-0.011947066241354875,1.9513920993663347,0.44
OIS,HALLMARK SPERMATOGENESIS,59,0.008852474768845785,0.05048327000913825,-0.04163079524029247,10.405459225210631,0.5423728813559322
OIS,HALLMARK TGF BETA SIGNALING,39,0.010268339211554685,0.047682567416892765,-0.03741422820533807,8.287298838596382,0.41025641025641024
OIS,HALLMARK TNFA SIGNALING VIA NFKB,158,-0.024432607095152846,0.31639663667995954,-0.34082924377511237,26.899539533194478,0.47468354430379744
OIS,HALLMARK UNFOLDED PROTEIN RESPONSE,79,-0.0134844147058067,0.026639018534748357,-0.04012343324055506,4.951082655931219,0.5569620253164557
OIS,HALLMARK UV RESPONSE DN,127,-0.001379034257947216,0.1685138141360842,-0.16989284839403146,245.39394912049278,0.6062992125984252
OIS,HALLMARK UV RESPONSE UP,99,-0.008942926886439337,0.09189206017042571,-0.10083498705686504,21.55077970273173,0.5151515151515151
OIS,HALLMARK WNT BETA CATENIN SIGNALING,27,-0.017483105762215338,0.021175939765761327,-0.038659045527976665,3.422445994867454,0.4444444444444444
OIS,HALLMARK XENOBIOTIC METABOLISM,115,-0.007036800003615056,0.12273787360157071,-0.12977467360518574,35.88457069648586,0.5130434782608696
OIS,Lysosomal Genes,131,0.06803360197086686,0.12654806803250454,-0.05851446606163766,2.72016369460181,0.5038167938931297
